-- Copyright (C) 2020  Intel Corporation. All rights reserved.
-- Your use of Intel Corporation's design tools, logic functions 
-- and other software and tools, and any partner logic 
-- functions, and any output files from any of the foregoing 
-- (including device programming or simulation files), and any 
-- associated documentation or information are expressly subject 
-- to the terms and conditions of the Intel Program License 
-- Subscription Agreement, the Intel Quartus Prime License Agreement,
-- the Intel FPGA IP License Agreement, or other applicable license
-- agreement, including, without limitation, that your use is for
-- the sole purpose of programming logic devices manufactured by
-- Intel and sold by Intel or its authorized distributors.  Please
-- refer to the applicable agreement for further details, at
-- https://fpgasoftware.intel.com/eula.

-- Quartus Prime generated Memory Initialization File (.mif)

WIDTH=48;
DEPTH=16384;

ADDRESS_RADIX=HEX;
DATA_RADIX=BIN;

CONTENT BEGIN
	0000  :   000000000000001000000000010111000000000011100100;
	0001  :   000000000000001100000000011001000000000011100011;
	0002  :   111111111111111100000000011001110000000011100101;
	0003  :   111111111111110100000000011011000000000011100011;
	0004  :   111111111111110100000000011011110000000011100000;
	0005  :   111111111111101000000000011011110000000011100001;
	0006  :   111111111111011100000000011011000000000011100110;
	0007  :   111111111111011100000000011011010000000011011110;
	0008  :   111111111111010100000000011010110000000011011010;
	0009  :   111111111111011100000000011010100000000011100011;
	000A  :   111111111111101000000000011010100000000011100001;
	000B  :   111111111111010000000000011001110000000011101011;
	000C  :   111111111111010100000000011001100000000011101011;
	000D  :   111111111111001000000000011010100000000011101101;
	000E  :   111111111111000100000000011010100000000011101000;
	000F  :   111111111110111100000000011010000000000011110011;
	0010  :   111111111110111000000000011001010000000011101110;
	0011  :   111111111110101100000000011001010000000011100011;
	0012  :   111111111110011100000000011001010000000011100110;
	0013  :   111111111110010000000000010111110000000011101001;
	0014  :   111111111110010000000000011000000000000011100111;
	0015  :   111111111110010100000000010111110000000011011111;
	0016  :   111111111110100000000000011000010000000011100011;
	0017  :   111111111110100100000000010111110000000011100111;
	0018  :   111111111110101000000000011001100000000011100110;
	0019  :   111111111110101100000000010111000000000011101001;
	001A  :   111111111110101100000000011000110000000011100101;
	001B  :   111111111110011100000000011000010000000011100001;
	001C  :   111111111110100100000000011000000000000011100011;
	001D  :   111111111110100000000000011000110000000011100010;
	001E  :   111111111110011000000000011000110000000011011111;
	001F  :   111111111110000100000000010111110000000011011000;
	0020  :   111111111110010000000000011000010000000011011100;
	0021  :   111111111110001100000000011000000000000011010111;
	0022  :   111111111110010000000000011000000000000011010101;
	0023  :   111111111110010000000000011000110000000011011001;
	0024  :   111111111110000000000000011000100000000011011000;
	0025  :   111111111110000000000000011000110000000011010001;
	0026  :   111111111110000000000000011001100000000011011000;
	0027  :   111111111110000000000000011000000000000011010101;
	0028  :   111111111101111000000000011000010000000011010111;
	0029  :   111111111110001100000000011000010000000011010011;
	002A  :   111111111110001000000000011000000000000011010110;
	002B  :   111111111110010000000000011001010000000011011000;
	002C  :   111111111110011100000000011000010000000011011001;
	002D  :   111111111110000100000000011000110000000011010101;
	002E  :   111111111110101000000000011000100000000011100001;
	002F  :   111111111110001100000000011000110000000011011111;
	0030  :   111111111110001100000000011001100000000011011110;
	0031  :   111111111110011100000000011000010000000011100010;
	0032  :   111111111110010100000000011001010000000011100000;
	0033  :   111111111110100000000000011001010000000011100110;
	0034  :   111111111110011100000000011001000000000011100100;
	0035  :   111111111110011000000000011000110000000011100100;
	0036  :   111111111110011100000000010111110000000011100001;
	0037  :   111111111110001100000000011001110000000011100111;
	0038  :   111111111110101000000000011001000000000011110011;
	0039  :   111111111110011000000000010111110000000011110001;
	003A  :   111111111110010100000000011000010000000011110011;
	003B  :   111111111110011000000000011001010000000011110100;
	003C  :   111111111110100100000000011001010000000011111000;
	003D  :   111111111110110000000000011010000000000011111100;
	003E  :   111111111111000100000000011010000000000011111101;
	003F  :   111111111110111100000000011011010000000011111100;
	0040  :   111111111111001000000000011011000000000011111101;
	0041  :   111111111110111000000000011100000000000011111101;
	0042  :   111111111110111000000000011011000000000011111101;
	0043  :   111111111110101000000000011100010000000100000000;
	0044  :   111111111110011000000000011100010000000011111110;
	0045  :   111111111110010000000000011011000000000011111001;
	0046  :   111111111110011000000000011010110000000011111000;
	0047  :   111111111110110000000000011010010000000011111101;
	0048  :   111111111110101000000000011001100000000100000001;
	0049  :   111111111110110000000000011001000000000011111110;
	004A  :   111111111110101100000000011000100000000011111111;
	004B  :   111111111110111000000000011001010000000011111000;
	004C  :   111111111110110100000000011000010000000011111111;
	004D  :   111111111111000100000000011000000000000011111100;
	004E  :   111111111111011000000000010111110000000011111111;
	004F  :   111111111111010100000000010111100000000011111100;
	0050  :   111111111111000000000000011000010000000011111001;
	0051  :   111111111111001000000000010111110000000011101001;
	0052  :   111111111111011000000000010111100000000011101001;
	0053  :   111111111111100000000000011000000000000011101011;
	0054  :   111111111111101100000000010111100000000011100110;
	0055  :   111111111111101000000000011000000000000011100101;
	0056  :   111111111111111100000000010110110000000011100010;
	0057  :   111111111111111000000000010111010000000011100010;
	0058  :   111111111111111100000000010110010000000011011101;
	0059  :   111111111111100100000000010110010000000011011010;
	005A  :   111111111111101000000000010110110000000011011110;
	005B  :   111111111111011000000000010110110000000011011001;
	005C  :   111111111111101100000000010110110000000011010111;
	005D  :   111111111111101000000000010110110000000011010100;
	005E  :   111111111111100100000000010111010000000011010110;
	005F  :   111111111111011100000000010111010000000011011000;
	0060  :   111111111111101100000000010111000000000011010101;
	0061  :   111111111111011000000000010111100000000011010101;
	0062  :   111111111111011000000000011000010000000011010011;
	0063  :   111111111111100000000000011000110000000011010011;
	0064  :   111111111111100000000000010111110000000011011110;
	0065  :   111111111111101100000000011000000000000011010110;
	0066  :   111111111111100000000000011000000000000011010101;
	0067  :   111111111111110000000000011001010000000011010110;
	0068  :   111111111111101000000000011001100000000011010101;
	0069  :   111111111111011000000000011000110000000011011011;
	006A  :   111111111111101000000000011001000000000011011010;
	006B  :   111111111111010000000000011000100000000011011110;
	006C  :   111111111111100000000000011001110000000011011101;
	006D  :   111111111111110000000000011010000000000011100010;
	006E  :   111111111111110000000000011000100000000011011100;
	006F  :   111111111111011100000000011001000000000011100101;
	0070  :   111111111111101100000000011001100000000011100100;
	0071  :   111111111111101100000000011010010000000011100100;
	0072  :   111111111111110000000000011001100000000011100111;
	0073  :   111111111111110000000000011011000000000011101010;
	0074  :   111111111111100000000000011001010000000011101011;
	0075  :   111111111111011100000000011000110000000011101001;
	0076  :   111111111111010100000000011001000000000011101011;
	0077  :   111111111111010100000000011001010000000011101110;
	0078  :   111111111111011100000000011001110000000011101111;
	0079  :   111111111111011000000000011000000000000011100111;
	007A  :   111111111111011000000000011001110000000011101111;
	007B  :   111111111111011000000000011010010000000011110000;
	007C  :   111111111111010000000000011001000000000011101101;
	007D  :   111111111111100100000000011001000000000011110100;
	007E  :   111111111111010100000000011000110000000011101110;
	007F  :   111111111111010000000000010111110000000011101101;
	0080  :   111111111111010000000000011001100000000011101001;
	0081  :   111111111111010100000000011000100000000011101100;
	0082  :   111111111111001100000000011000010000000011101000;
	0083  :   111111111111010100000000011000000000000011101000;
	0084  :   111111111111011100000000010111100000000011101000;
	0085  :   111111111111010000000000010111100000000011100100;
	0086  :   111111111111011100000000010111110000000011100010;
	0087  :   111111111111101000000000010111110000000011100110;
	0088  :   111111111111001000000000010111100000000011100011;
	0089  :   111111111111001100000000010111100000000011100001;
	008A  :   111111111111011000000000010111100000000011011010;
	008B  :   111111111111011000000000010111100000000011011110;
	008C  :   111111111111010000000000011001000000000011011100;
	008D  :   111111111111001100000000011000000000000011010111;
	008E  :   111111111111001000000000010111010000000011011011;
	008F  :   111111111111010000000000010111010000000011011000;
	0090  :   111111111111001100000000010111010000000011011101;
	0091  :   111111111111010000000000011000000000000011100000;
	0092  :   111111111111011100000000011000000000000011011100;
	0093  :   111111111111011100000000010111110000000011100001;
	0094  :   111111111111001100000000011001000000000011100001;
	0095  :   111111111111100000000000011000100000000011011111;
	0096  :   111111111111011000000000011001000000000011100010;
	0097  :   111111111111011000000000011000100000000011100011;
	0098  :   111111111111001100000000011001000000000011100101;
	0099  :   111111111111001000000000011000010000000011100011;
	009A  :   111111111111100000000000011001010000000011100100;
	009B  :   111111111111000100000000010111110000000011100010;
	009C  :   111111111111001100000000011000000000000011100100;
	009D  :   111111111111000000000000011000110000000011100011;
	009E  :   111111111111001100000000011000010000000011101001;
	009F  :   111111111111010100000000010111110000000011100111;
	00A0  :   111111111111010000000000011000100000000011100111;
	00A1  :   111111111111000000000000011000100000000011100010;
	00A2  :   111111111111001000000000011001010000000011101011;
	00A3  :   111111111111000000000000011000010000000011100101;
	00A4  :   111111111110111000000000011000110000000011100110;
	00A5  :   111111111111000100000000010111100000000011101001;
	00A6  :   111111111111000100000000011000000000000011101011;
	00A7  :   111111111111010000000000010111100000000011100110;
	00A8  :   111111111111001000000000010111110000000011100110;
	00A9  :   111111111111001100000000011000000000000011101011;
	00AA  :   111111111111000000000000010111100000000011100101;
	00AB  :   111111111111010000000000010110110000000011100111;
	00AC  :   111111111111000000000000010111010000000011101001;
	00AD  :   111111111111010000000000010111000000000011101000;
	00AE  :   111111111111010100000000010111100000000011100110;
	00AF  :   111111111111001100000000011000000000000011100101;
	00B0  :   111111111111001100000000011000010000000011100111;
	00B1  :   111111111111001000000000010111100000000011100101;
	00B2  :   111111111111010000000000011000000000000011101010;
	00B3  :   111111111111001000000000010111100000000011101001;
	00B4  :   111111111111010000000000010111110000000011100001;
	00B5  :   111111111111001000000000011000010000000011101010;
	00B6  :   111111111111001000000000010111010000000011100100;
	00B7  :   111111111111000000000000011000000000000011100011;
	00B8  :   111111111111000000000000010111010000000011100000;
	00B9  :   111111111111001100000000011000010000000011101001;
	00BA  :   111111111111000000000000011000110000000011100110;
	00BB  :   111111111111000100000000010110100000000011100100;
	00BC  :   111111111111010000000000010110110000000011100110;
	00BD  :   111111111111010100000000010110100000000011100011;
	00BE  :   111111111111011100000000010110110000000011100011;
	00BF  :   111111111111010000000000010110110000000011100111;
	00C0  :   111111111111001100000000010110100000000011100001;
	00C1  :   111111111111001000000000011000010000000011100010;
	00C2  :   111111111111001000000000010110110000000011100000;
	00C3  :   111111111111100000000000011000010000000011100001;
	00C4  :   111111111111010100000000010111010000000011100010;
	00C5  :   111111111111100000000000010111010000000011100001;
	00C6  :   111111111111001000000000010110110000000011011110;
	00C7  :   111111111111001100000000010110010000000011011110;
	00C8  :   111111111111001100000000010111000000000011011111;
	00C9  :   111111111111001100000000010110010000000011011000;
	00CA  :   111111111111010000000000010111010000000011010111;
	00CB  :   111111111111001100000000010110110000000011011001;
	00CC  :   111111111111010100000000010111100000000011011111;
	00CD  :   111111111111001100000000010101000000000011011100;
	00CE  :   111111111111011000000000010111000000000011011110;
	00CF  :   111111111111001100000000011000000000000011011001;
	00D0  :   111111111111011100000000011000000000000011011011;
	00D1  :   111111111111001000000000010110010000000011011011;
	00D2  :   111111111111100100000000010110110000000011011011;
	00D3  :   111111111111010000000000010111100000000011011100;
	00D4  :   111111111111011000000000010111110000000011100100;
	00D5  :   111111111111110000000000010111010000000011100011;
	00D6  :   111111111111101000000000010111010000000011101010;
	00D7  :   111111111111110000000000010110010000000011110001;
	00D8  :   111111111111111000000000010111110000000011110001;
	00D9  :   111111111111110100000000010110110000000011110110;
	00DA  :   111111111111111100000000010111000000000011111010;
	00DB  :   111111111111110100000000010110100000000100000000;
	00DC  :   111111111111110100000000010110100000000100000101;
	00DD  :   111111111111110000000000010101110000000100000110;
	00DE  :   000000000000000100000000010101000000000100000001;
	00DF  :   000000000000000100000000010101100000000100000011;
	00E0  :   000000000000100100000000010101000000000100000000;
	00E1  :   000000000000101100000000010011010000000011111111;
	00E2  :   000000000001000100000000010010010000000100000011;
	00E3  :   000000000001000000000000010010000000000011111111;
	00E4  :   000000000001000100000000010010000000000011111100;
	00E5  :   000000000000110100000000010001010000000011110010;
	00E6  :   000000000000101100000000010000110000000011110010;
	00E7  :   000000000000101000000000001111110000000011101001;
	00E8  :   000000000000100000000000001110010000000011100011;
	00E9  :   000000000001000000000000001111100000000011011110;
	00EA  :   000000000000110100000000001110100000000011011101;
	00EB  :   000000000000011100000000001110100000000011011000;
	00EC  :   000000000000000100000000001110010000000011010110;
	00ED  :   000000000000010100000000001000110000000011001101;
	00EE  :   000000000000010000000000001001110000000011010010;
	00EF  :   111111111111111100000000001110010000000011001001;
	00F0  :   000000000001100000000000001001100000000010100010;
	00F1  :   111111111001010100000000100001101111111011111101;
	00F2  :   111111110111111100000000110100000000000000110011;
	00F3  :   111111111110001100000000100011110000000010111000;
	00F4  :   111111111110010000000000001100100000000010111111;
	00F5  :   111111111011011100000000001000100000000010110010;
	00F6  :   111111111001011000000000010100000000000010110110;
	00F7  :   111111111000010000000000011111000000000011010111;
	00F8  :   111111111000001100000000100100000000000011111111;
	00F9  :   111111111000011000000000100111000000000100001100;
	00FA  :   111111111000110000000000100111010000000100000011;
	00FB  :   111111111001111100000000100110010000000011111000;
	00FC  :   111111111011101000000000100010110000000011110000;
	00FD  :   111111111101001000000000100000110000000011110111;
	00FE  :   111111111110100100000000100000000000000100011001;
	00FF  :   111111111111101000000000011111000000000100111111;
	0100  :   000000000000001000000000011110100000000101011100;
	0101  :   000000000000010000000000011101100000000101100011;
	0102  :   000000000000010100000000011111000000000101100000;
	0103  :   000000000000001000000000011111110000000101011111;
	0104  :   000000000000101000000000100000000000000101011111;
	0105  :   000000000000100100000000100001000000000101100001;
	0106  :   000000000000010100000000100010100000000101011011;
	0107  :   000000000000101100000000100011100000000101010110;
	0108  :   000000000000100100000000100101000000000101001110;
	0109  :   000000000000101000000000100100110000000101001100;
	010A  :   000000000000111000000000100101110000000101000011;
	010B  :   000000000000111000000000100101010000000100110110;
	010C  :   000000000000101100000000100100000000000100101001;
	010D  :   000000000000010000000000100100100000000100001101;
	010E  :   000000000000001100000000100011000000000011111011;
	010F  :   111111111111111100000000100010000000000011100000;
	0110  :   111111111111100100000000011110000000000011010011;
	0111  :   000000000000011000000000010111100000000010111111;
	0112  :   000000000000110100000000010011010000000010110000;
	0113  :   000000000000111100000000010000100000000010100001;
	0114  :   000000000001000100000000001110110000000010010010;
	0115  :   000000000001010000000000001110000000000010000011;
	0116  :   000000000001000100000000001100100000000001110100;
	0117  :   000000000000101000000000001100100000000001011010;
	0118  :   000000000000011000000000001101010000000001001001;
	0119  :   000000000000011000000000001110110000000000111001;
	011A  :   000000000000010000000000001111110000000000110000;
	011B  :   000000000000000000000000010000000000000000101101;
	011C  :   111111111111110000000000010000110000000000110010;
	011D  :   111111111111100100000000010010010000000000110101;
	011E  :   111111111111100100000000010011000000000001000011;
	011F  :   111111111111100100000000010100100000000001100001;
	0120  :   111111111111010100000000010110010000000001111010;
	0121  :   111111111111011100000000010110110000000010011011;
	0122  :   111111111110111100000000010110100000000011000100;
	0123  :   111111111111001100000000010110100000000011101110;
	0124  :   111111111111011100000000011000100000000100100011;
	0125  :   111111111111100100000000010001100000000110011111;
	0126  :   000000000000001000000000011001100000000110010000;
	0127  :   000000000000110000000000010101000000000101111111;
	0128  :   000000000000101100000000010111100000000101001110;
	0129  :   000000000000101100000000011010100000000101010001;
	012A  :   000000000001000100000000010101100000000100111101;
	012B  :   000000000001010000000000010000010000000100110101;
	012C  :   000000000000101100000000001010110000000100100000;
	012D  :   000000000001110100000000001101000000000100011000;
	012E  :   000000000001010000000000001101100000000100011111;
	012F  :   000000000000011100000000001100000000000101001100;
	0130  :   000000000000010000000000001111100000000100111000;
	0131  :   000000000000100100000000010010000000000100100111;
	0132  :   000000000000110100000000010010110000000100000011;
	0133  :   000000000001001000000000010100110000000011110100;
	0134  :   000000000010100000000000010001000000000001011111;
	0135  :   111111111100001000000000100001001111111011101011;
	0136  :   111111111011001100000000101000000000000000011000;
	0137  :   111111111101010000000000011000100000000000100110;
	0138  :   111111111011101000000000001111110000000001010101;
	0139  :   111111111001011100000000010011100000000001100000;
	013A  :   111111111000001000000000011111010000000010010110;
	013B  :   111111110111111100000000100111010000000010101011;
	013C  :   111111111000000000000000101010110000000010101101;
	013D  :   111111111001001100000000101001000000000010010100;
	013E  :   111111111010010100000000100100010000000010000101;
	013F  :   111111111011111100000000100000000000000010001101;
	0140  :   111111111101000100000000011011100000000010110101;
	0141  :   111111111110011000000000011010110000000011101000;
	0142  :   111111111110111000000000011010000000000100010110;
	0143  :   111111111111010000000000011011100000000100110011;
	0144  :   111111111111101000000000011110000000000101000110;
	0145  :   111111111111111000000000011111110000000101001100;
	0146  :   000000000000000100000000100010100000000101011010;
	0147  :   111111111111111100000000100101010000000101011010;
	0148  :   111111111111101000000000101000100000000101011011;
	0149  :   111111111111110100000000101010100000000101100100;
	014A  :   000000000000010000000000101011110000000101011011;
	014B  :   000000000000010000000000101100000000000101011101;
	014C  :   000000000000101100000000101010110000000101011111;
	014D  :   000000000001000000000000101001010000000101100101;
	014E  :   000000000001011100000000101000000000000101101000;
	014F  :   000000000001110000000000100111110000000101101000;
	0150  :   000000000010010000000000100111110000000101011011;
	0151  :   000000000010011000000000100110110000000101010100;
	0152  :   000000000010001000000000100111000000000101000110;
	0153  :   000000000001000000000000100100100000000100110010;
	0154  :   000000000000100000000000100011100000000100011110;
	0155  :   000000000000111100000000100010010000000100011100;
	0156  :   000000000001100100000000011010000000000100000010;
	0157  :   000000000101100000000000001001000000000011100111;
	0158  :   000000000100100000000000001011010000000011001100;
	0159  :   000000000010101000000000010010100000000010111011;
	015A  :   000000000001001000000000011000100000000010010001;
	015B  :   000000000000101100000000010001010000000001011101;
	015C  :   000000000000010100000000001011100000000001000010;
	015D  :   000000000000000100000000001100110000000000101101;
	015E  :   111111111111011100000000001110110000000000000001;
	015F  :   111111111110111000000000010001010000000000101000;
	0160  :   111111111111101000000000010011110000000000110000;
	0161  :   111111111111110100000000010011000000000000111100;
	0162  :   111111111111111100000000010001100000000001000101;
	0163  :   111111111111110100000000010011000000000001010011;
	0164  :   111111111111011100000000010011010000000001100010;
	0165  :   111111111110110100000000010011010000000001111110;
	0166  :   111111111110101100000000010101110000000010001001;
	0167  :   111111111110011000000000010110100000000010011101;
	0168  :   111111111110001100000000010111010000000010101100;
	0169  :   111111111110000100000000010110110000000010110111;
	016A  :   111111111101110100000000010111000000000011000110;
	016B  :   111111111110001000000000011000010000000011010000;
	016C  :   111111111110000100000000010111110000000011011001;
	016D  :   111111111110001000000000010110100000000011100100;
	016E  :   111111111110011000000000010110100000000011101101;
	016F  :   111111111110100100000000010111010000000011110110;
	0170  :   111111111110101100000000010110110000000011111110;
	0171  :   111111111110111100000000010111100000000100000000;
	0172  :   111111111110111000000000010111010000000100001100;
	0173  :   111111111111001000000000010110100000000100010010;
	0174  :   111111111111000000000000010110010000000100010100;
	0175  :   111111111110111000000000010111010000000100010100;
	0176  :   111111111110111100000000011000000000000100011010;
	0177  :   111111111110111100000000010111110000000100011010;
	0178  :   111111111110110100000000011000010000000100011101;
	0179  :   111111111111000000000000011000000000000100011100;
	017A  :   111111111111000100000000011000100000000100011100;
	017B  :   111111111110111100000000011000110000000100010100;
	017C  :   111111111111010000000000011001010000000100010111;
	017D  :   111111111111001000000000011000100000000100010011;
	017E  :   111111111111100000000000011001000000000100001111;
	017F  :   111111111111010100000000011001010000000100001111;
	0180  :   111111111111010100000000011001110000000100001101;
	0181  :   111111111111100000000000011000110000000100000111;
	0182  :   111111111111011100000000011000110000000100001001;
	0183  :   111111111111100000000000011000110000000100000000;
	0184  :   111111111111100000000000011001010000000011111101;
	0185  :   111111111111011000000000011001000000000011111001;
	0186  :   111111111111001000000000010111100000000011111010;
	0187  :   111111111111100000000000010111010000000011101101;
	0188  :   111111111111011000000000010101110000000011101101;
	0189  :   111111111111011000000000010101110000000011100101;
	018A  :   111111111111101000000000010110000000000011100101;
	018B  :   111111111111001000000000010101000000000011011111;
	018C  :   111111111111100000000000010101010000000011011111;
	018D  :   111111111111001100000000010101110000000011010101;
	018E  :   111111111111010000000000010100100000000011010101;
	018F  :   111111111111010000000000010101000000000011010010;
	0190  :   111111111111001100000000010101010000000011001111;
	0191  :   111111111110111100000000010101010000000011010000;
	0192  :   111111111111000000000000010100100000000011001100;
	0193  :   111111111111000100000000010101010000000011001100;
	0194  :   111111111111010100000000010100110000000011010100;
	0195  :   111111111111001100000000010100100000000011011000;
	0196  :   111111111111000000000000010101100000000011011010;
	0197  :   111111111110110100000000010110100000000011010110;
	0198  :   111111111111010100000000010110110000000011011011;
	0199  :   111111111111001100000000010110010000000011010111;
	019A  :   111111111111001100000000010110000000000011100010;
	019B  :   111111111111100000000000010110110000000011011111;
	019C  :   111111111111000100000000010110110000000011100011;
	019D  :   111111111111011000000000010111010000000011100101;
	019E  :   111111111111011000000000010111010000000011100111;
	019F  :   111111111111010000000000010111010000000011100111;
	01A0  :   111111111111010100000000010111000000000011100111;
	01A1  :   111111111111011000000000010111110000000011101010;
	01A2  :   111111111111001100000000010111110000000011101011;
	01A3  :   111111111111011000000000010111000000000011101110;
	01A4  :   111111111111101000000000010111110000000011101101;
	01A5  :   111111111111100000000000010111110000000011110001;
	01A6  :   111111111111010000000000010111000000000011101100;
	01A7  :   111111111111101000000000010110110000000011110010;
	01A8  :   111111111111100100000000010111010000000011110001;
	01A9  :   111111111111101100000000011000100000000011101011;
	01AA  :   111111111111011100000000010110100000000011101001;
	01AB  :   111111111111011100000000010111000000000011101111;
	01AC  :   111111111111101000000000010111110000000011101101;
	01AD  :   111111111111001000000000010110100000000011101110;
	01AE  :   111111111111101000000000010111100000000011101000;
	01AF  :   111111111111100000000000010111110000000011101000;
	01B0  :   111111111111010100000000010111000000000011101001;
	01B1  :   111111111111011000000000011000000000000011101001;
	01B2  :   111111111111010000000000010111010000000011100100;
	01B3  :   111111111111010000000000010110100000000011100001;
	01B4  :   111111111111010000000000011000010000000011101010;
	01B5  :   111111111111100000000000010111100000000011101010;
	01B6  :   111111111111100000000000010111100000000011100111;
	01B7  :   111111111111011100000000010111100000000011100100;
	01B8  :   111111111111100000000000010111000000000011100110;
	01B9  :   111111111111100000000000010110100000000011011101;
	01BA  :   111111111111010100000000010101110000000011100000;
	01BB  :   111111111111100100000000010111000000000011100001;
	01BC  :   111111111111100000000000010110000000000011100010;
	01BD  :   111111111111100100000000010110000000000011011100;
	01BE  :   111111111111011000000000010110010000000011100011;
	01BF  :   111111111111100100000000010110010000000011011110;
	01C0  :   111111111111100000000000010110010000000011100010;
	01C1  :   111111111111010100000000010110100000000011100000;
	01C2  :   111111111111010000000000010101100000000011100000;
	01C3  :   111111111111011100000000010110100000000011011110;
	01C4  :   111111111111100100000000010110110000000011100101;
	01C5  :   111111111111011000000000010110100000000011100011;
	01C6  :   111111111111010100000000010101100000000011100010;
	01C7  :   111111111111001000000000010110110000000011011111;
	01C8  :   111111111111001000000000010110000000000011100010;
	01C9  :   111111111111001100000000010101110000000011011111;
	01CA  :   111111111111001100000000010110100000000011101000;
	01CB  :   111111111110111100000000010110010000000011011110;
	01CC  :   111111111111010100000000010101000000000011011111;
	01CD  :   111111111111010100000000010110000000000011101000;
	01CE  :   111111111111001100000000010110110000000011100011;
	01CF  :   111111111111001100000000010101110000000011100100;
	01D0  :   111111111111000100000000010110110000000011101000;
	01D1  :   111111111111000000000000010110110000000011100110;
	01D2  :   111111111110101000000000010101110000000011100111;
	01D3  :   111111111111000000000000010101110000000011101010;
	01D4  :   111111111111010100000000010101100000000011101011;
	01D5  :   111111111111000000000000010110010000000011101110;
	01D6  :   111111111110110100000000010111100000000011101011;
	01D7  :   111111111111000000000000010110010000000011101001;
	01D8  :   111111111111010100000000010110110000000011101000;
	01D9  :   111111111111001000000000010110110000000011100010;
	01DA  :   111111111111010000000000010111000000000011101000;
	01DB  :   111111111111000000000000010110010000000011100101;
	01DC  :   111111111111011000000000010101110000000011100111;
	01DD  :   111111111111001100000000010110010000000011100011;
	01DE  :   111111111111010100000000010110100000000011100101;
	01DF  :   111111111111001000000000010110110000000011100101;
	01E0  :   111111111110111100000000010110000000000011101000;
	01E1  :   111111111111000100000000010111000000000011101101;
	01E2  :   111111111111001100000000010110010000000011101011;
	01E3  :   111111111111000100000000010110000000000011101010;
	01E4  :   111111111110111000000000010110100000000011101010;
	01E5  :   111111111111100000000000010111010000000011101001;
	01E6  :   111111111111010000000000010110100000000011101110;
	01E7  :   111111111110111100000000010110000000000011101001;
	01E8  :   111111111111000000000000010110000000000011100111;
	01E9  :   111111111111001100000000010110010000000011100101;
	01EA  :   111111111111011100000000010110110000000011101000;
	01EB  :   111111111111011100000000010110100000000011101001;
	01EC  :   111111111111001000000000010110000000000011100110;
	01ED  :   111111111111100100000000010111010000000011101001;
	01EE  :   111111111111010100000000010101110000000011100100;
	01EF  :   111111111111001100000000010110100000000011100010;
	01F0  :   111111111111010100000000010110110000000011100101;
	01F1  :   111111111111011100000000010110010000000011100001;
	01F2  :   111111111111011000000000010110100000000011100111;
	01F3  :   111111111111001000000000010101010000000011100010;
	01F4  :   111111111111011100000000010110010000000011100001;
	01F5  :   111111111111010000000000010110010000000011100000;
	01F6  :   111111111111001100000000010101100000000011100000;
	01F7  :   111111111111011000000000010110100000000011100011;
	01F8  :   111111111111000000000000010101100000000011011111;
	01F9  :   111111111111010100000000010101010000000011100000;
	01FA  :   111111111111001000000000010101110000000011011011;
	01FB  :   111111111111001100000000010110010000000011100011;
	01FC  :   111111111111000100000000010110110000000011011110;
	01FD  :   111111111111000100000000010101100000000011100000;
	01FE  :   111111111111010100000000010110010000000011100001;
	01FF  :   111111111110111000000000010110000000000011011111;
	0200  :   111111111111001000000000010110110000000011100001;
	0201  :   111111111111001000000000010101100000000011100011;
	0202  :   111111111111000000000000010101110000000011100010;
	0203  :   111111111111001100000000010101010000000011100000;
	0204  :   111111111111000100000000010110100000000011011111;
	0205  :   111111111110111100000000010101100000000011011111;
	0206  :   111111111111010000000000010110010000000011100110;
	0207  :   111111111111010000000000010101110000000011101000;
	0208  :   111111111111000000000000010110000000000011101001;
	0209  :   111111111110111100000000010101110000000011101000;
	020A  :   111111111110111100000000010110000000000011101001;
	020B  :   111111111111010000000000010101010000000011100101;
	020C  :   111111111111001100000000010101110000000011101011;
	020D  :   111111111110111100000000010101100000000011101100;
	020E  :   111111111111010000000000010110010000000011101111;
	020F  :   111111111111000100000000010110000000000011110001;
	0210  :   111111111111001000000000010101110000000011110010;
	0211  :   111111111111001100000000010110100000000011101101;
	0212  :   111111111111000000000000010110000000000011110101;
	0213  :   111111111111010000000000010101010000000011101100;
	0214  :   111111111110111100000000010101010000000011101110;
	0215  :   111111111111001000000000010101110000000011101100;
	0216  :   111111111111010100000000010110010000000011101101;
	0217  :   111111111111011000000000010110000000000011101011;
	0218  :   111111111111000100000000010110000000000011100100;
	0219  :   111111111111001000000000010101100000000011101000;
	021A  :   111111111111100000000000010101110000000011100111;
	021B  :   111111111111001100000000010100110000000011100110;
	021C  :   111111111111011100000000010101010000000011100110;
	021D  :   111111111111011000000000010101100000000011101001;
	021E  :   111111111111001000000000010101000000000011100001;
	021F  :   111111111111010100000000010100100000000011100110;
	0220  :   111111111111010100000000010101100000000011100100;
	0221  :   111111111111010000000000010101100000000011100001;
	0222  :   111111111111011000000000010101100000000011100000;
	0223  :   111111111111010000000000010110000000000011100011;
	0224  :   111111111111000100000000010110000000000011100001;
	0225  :   111111111111001100000000010101100000000011011111;
	0226  :   111111111111000100000000010110000000000011100010;
	0227  :   111111111111001000000000010101000000000011100011;
	0228  :   111111111110111100000000010101100000000011011111;
	0229  :   111111111110101100000000010110000000000011100011;
	022A  :   111111111110111100000000010110100000000011100100;
	022B  :   111111111110111000000000010110000000000011100001;
	022C  :   111111111110110100000000010111000000000011101000;
	022D  :   111111111110111000000000010110000000000011101001;
	022E  :   111111111110110000000000010111010000000011100100;
	022F  :   111111111110110100000000010110000000000011100110;
	0230  :   111111111110111100000000010111000000000011100101;
	0231  :   111111111110101100000000010101100000000011101010;
	0232  :   111111111110100000000000010110110000000011100111;
	0233  :   111111111110110100000000010110100000000011100110;
	0234  :   111111111110110100000000010111010000000011100111;
	0235  :   111111111110110000000000010110010000000011100101;
	0236  :   111111111111000000000000010110000000000011100010;
	0237  :   111111111110111000000000010110100000000011100110;
	0238  :   111111111111000100000000010110010000000011100001;
	0239  :   111111111110111000000000010110110000000011100101;
	023A  :   111111111111000100000000010111000000000011100100;
	023B  :   111111111111001000000000010111100000000011100110;
	023C  :   111111111111000100000000010110110000000011011101;
	023D  :   111111111111001000000000010111000000000011011100;
	023E  :   111111111111000100000000010110110000000011011101;
	023F  :   111111111110111100000000010111010000000011010110;
	0240  :   111111111110110000000000010110010000000011011011;
	0241  :   111111111111001000000000010101110000000011011011;
	0242  :   111111111111000100000000010110000000000011011010;
	0243  :   111111111111000100000000010101100000000011010111;
	0244  :   111111111111001000000000010100010000000011011001;
	0245  :   111111111111001000000000010100110000000011010111;
	0246  :   111111111111010000000000010100000000000011011100;
	0247  :   111111111111010100000000010100010000000011011100;
	0248  :   111111111111000100000000010100110000000011100000;
	0249  :   111111111111000000000000010101000000000011011111;
	024A  :   111111111111001100000000010011100000000011011111;
	024B  :   111111111111010000000000010101000000000011100010;
	024C  :   111111111111011000000000010011100000000011100101;
	024D  :   111111111111100100000000010101100000000011101000;
	024E  :   111111111111011000000000010100100000000011100101;
	024F  :   111111111111110000000000010100000000000011100110;
	0250  :   111111111111101100000000010101010000000011100111;
	0251  :   111111111111011100000000010101000000000011100111;
	0252  :   111111111111100000000000010100110000000011101011;
	0253  :   111111111111001000000000010101100000000011100111;
	0254  :   111111111111100000000000010101010000000011101010;
	0255  :   111111111111011100000000010100100000000011101010;
	0256  :   111111111111100100000000010011110000000011101000;
	0257  :   111111111111001000000000010100100000000011101010;
	0258  :   111111111111011100000000010100100000000011101000;
	0259  :   111111111110111000000000010011100000000011101000;
	025A  :   111111111111000000000000010011000000000011101010;
	025B  :   111111111110110100000000010011100000000011101100;
	025C  :   111111111110011100000000010100010000000011101010;
	025D  :   111111111111000000000000010110000000000011101100;
	025E  :   111111111110101100000000010100000000000011101110;
	025F  :   111111111110010000000000010100010000000011110011;
	0260  :   111111111110011100000000010101000000000011110010;
	0261  :   111111111110001000000000010100000000000011110000;
	0262  :   111111111110010000000000010100010000000011110100;
	0263  :   111111111110101100000000010100100000000011110100;
	0264  :   111111111110110000000000010100110000000011110110;
	0265  :   111111111111000100000000010110000000000011111001;
	0266  :   111111111110110100000000010110000000000011111011;
	0267  :   111111111111000000000000010110000000000011110101;
	0268  :   111111111111010100000000010111110000000011110101;
	0269  :   111111111111011000000000010111110000000011111010;
	026A  :   111111111111110000000000010111000000000011110101;
	026B  :   111111111111101000000000010110100000000011110000;
	026C  :   000000000000000000000000010111110000000011101000;
	026D  :   000000000000000000000000010111000000000011101010;
	026E  :   000000000000001100000000010110100000000011100010;
	026F  :   000000000000100000000000010110010000000011011111;
	0270  :   000000000000101000000000010110000000000011100010;
	0271  :   000000000000110100000000010110010000000011100110;
	0272  :   000000000000110000000000010101000000000011100010;
	0273  :   000000000000101000000000010100100000000011011110;
	0274  :   000000000000100000000000010100010000000011100001;
	0275  :   000000000000011100000000010100010000000011100101;
	0276  :   000000000000100100000000010101000000000011101010;
	0277  :   000000000000011100000000010011100000000011100111;
	0278  :   000000000000010100000000010100000000000011100011;
	0279  :   000000000000001100000000010100000000000011011101;
	027A  :   000000000000001100000000010100110000000011100100;
	027B  :   000000000000000100000000010101000000000011100010;
	027C  :   111111111111111100000000010101000000000011011110;
	027D  :   111111111111100100000000010101000000000011100010;
	027E  :   111111111111100000000000010100110000000011100001;
	027F  :   111111111111110000000000010100000000000011011000;
	0280  :   111111111111100000000000010101010000000011011001;
	0281  :   111111111111011100000000010101110000000011011011;
	0282  :   111111111111100000000000010100110000000011010100;
	0283  :   111111111111000000000000010100110000000011011111;
	0284  :   111111111111000000000000010101110000000011011100;
	0285  :   111111111111000000000000010110000000000011011111;
	0286  :   111111111111001100000000010110100000000011011011;
	0287  :   111111111111001000000000010101110000000011100100;
	0288  :   111111111110111000000000010101110000000011100101;
	0289  :   111111111110110100000000010101010000000011100011;
	028A  :   111111111110111000000000010101010000000011100101;
	028B  :   111111111110110000000000010101100000000011101100;
	028C  :   111111111111000100000000010101110000000011101010;
	028D  :   111111111110111000000000010101100000000011101101;
	028E  :   111111111111000000000000010101010000000011101010;
	028F  :   111111111111000000000000010101100000000011110000;
	0290  :   111111111111000000000000010110100000000011101101;
	0291  :   111111111111000100000000010101010000000011101101;
	0292  :   111111111111011100000000010101110000000011101100;
	0293  :   111111111111001000000000010110000000000011110010;
	0294  :   111111111111000100000000010101110000000011110010;
	0295  :   111111111111010100000000010101000000000011110001;
	0296  :   111111111111011100000000010101100000000011110011;
	0297  :   111111111111010100000000010101010000000011110000;
	0298  :   111111111111010100000000010101110000000011101110;
	0299  :   111111111111011100000000010101110000000011110010;
	029A  :   111111111111101100000000010100110000000011110001;
	029B  :   111111111111101000000000010101010000000011101110;
	029C  :   111111111111110100000000010100100000000011101101;
	029D  :   111111111111011100000000010100000000000011101101;
	029E  :   111111111111011100000000010100100000000011101000;
	029F  :   111111111111110100000000010100100000000011100111;
	02A0  :   111111111111011000000000010101100000000011100111;
	02A1  :   111111111111101100000000010100000000000011100011;
	02A2  :   111111111111011000000000010100100000000011100111;
	02A3  :   111111111111010000000000010100010000000011100100;
	02A4  :   111111111111010100000000010101000000000011011111;
	02A5  :   111111111111101000000000010100010000000011100001;
	02A6  :   111111111111010000000000010011110000000011011110;
	02A7  :   111111111111011000000000010011000000000011100010;
	02A8  :   111111111111100100000000010011110000000011011010;
	02A9  :   111111111111010000000000010101000000000011100000;
	02AA  :   111111111111000100000000010100110000000011100011;
	02AB  :   111111111111010000000000010100100000000011100010;
	02AC  :   111111111111001100000000010110000000000011011111;
	02AD  :   111111111111011100000000010100110000000011100000;
	02AE  :   111111111111010100000000010101100000000011011111;
	02AF  :   111111111111010000000000010100110000000011011111;
	02B0  :   111111111111011000000000010101010000000011100101;
	02B1  :   111111111111001100000000010101000000000011011111;
	02B2  :   111111111111100100000000010101010000000011100100;
	02B3  :   111111111111010000000000010100000000000011100110;
	02B4  :   111111111111010100000000010101000000000011100011;
	02B5  :   111111111111100100000000010101110000000011110000;
	02B6  :   111111111111010100000000010101100000000011101101;
	02B7  :   111111111111001000000000010100110000000011101000;
	02B8  :   111111111111010000000000010100110000000011101011;
	02B9  :   111111111111011000000000010110000000000011110010;
	02BA  :   111111111111011100000000010101000000000011101100;
	02BB  :   111111111111010000000000010101110000000011101111;
	02BC  :   111111111111101100000000010110000000000011101101;
	02BD  :   111111111111100100000000010100110000000011101101;
	02BE  :   111111111111100100000000010101010000000011110000;
	02BF  :   111111111111100000000000010101110000000011101110;
	02C0  :   111111111111100100000000010110000000000011110001;
	02C1  :   111111111111100100000000010101000000000011101110;
	02C2  :   111111111111010100000000010101110000000011101100;
	02C3  :   111111111111000100000000010100100000000011101101;
	02C4  :   111111111111010000000000010101000000000011100111;
	02C5  :   111111111111101000000000010100110000000011101101;
	02C6  :   111111111111010000000000010101000000000011100111;
	02C7  :   111111111111011100000000010101000000000011100111;
	02C8  :   111111111111011100000000010100100000000011101011;
	02C9  :   111111111111011100000000010100010000000011100110;
	02CA  :   111111111111011000000000010100010000000011100101;
	02CB  :   111111111111001000000000010100010000000011101000;
	02CC  :   111111111111001100000000010011010000000011100111;
	02CD  :   111111111111010100000000010100010000000011101001;
	02CE  :   111111111111001100000000010011100000000011110000;
	02CF  :   111111111111010000000000010100000000000011100001;
	02D0  :   111111111111010100000000010100010000000011100101;
	02D1  :   111111111111011000000000010011110000000011101000;
	02D2  :   111111111111100000000000010100000000000011100101;
	02D3  :   111111111111010000000000010100010000000011101100;
	02D4  :   111111111111011100000000010100000000000011101001;
	02D5  :   111111111111000000000000010011110000000011101000;
	02D6  :   111111111111010100000000010100000000000011100111;
	02D7  :   111111111111001000000000010100110000000011101001;
	02D8  :   111111111111010000000000010100000000000011101010;
	02D9  :   111111111111010000000000010100100000000011100100;
	02DA  :   111111111111001100000000010101010000000011100110;
	02DB  :   111111111111010000000000010100110000000011100011;
	02DC  :   111111111111010000000000010100010000000011100111;
	02DD  :   111111111111100000000000010101100000000011100101;
	02DE  :   111111111111011100000000010100000000000011100110;
	02DF  :   111111111111011000000000010100110000000011100110;
	02E0  :   111111111111010100000000010100000000000011101000;
	02E1  :   111111111111001000000000010100100000000011101000;
	02E2  :   111111111111000000000000010100010000000011100110;
	02E3  :   111111111111011000000000010101000000000011101010;
	02E4  :   111111111111001100000000010100000000000011101001;
	02E5  :   111111111111000100000000010100000000000011100111;
	02E6  :   111111111110110100000000010101000000000011101010;
	02E7  :   111111111111010100000000010100100000000011100011;
	02E8  :   111111111111011000000000010100100000000011101110;
	02E9  :   111111111111000100000000010100000000000011101001;
	02EA  :   111111111111010000000000010011010000000011101101;
	02EB  :   111111111111100100000000010100110000000011101010;
	02EC  :   111111111111001100000000010100000000000011101000;
	02ED  :   111111111111100000000000010100100000000011101000;
	02EE  :   111111111111011100000000010011110000000011100100;
	02EF  :   111111111111011000000000010100100000000011100111;
	02F0  :   111111111111010000000000010100010000000011100111;
	02F1  :   111111111111001100000000010011100000000011100101;
	02F2  :   111111111111001100000000010100110000000011101000;
	02F3  :   111111111111001000000000010011010000000011101010;
	02F4  :   111111111111010000000000010100110000000011101010;
	02F5  :   111111111111010100000000010100000000000011101001;
	02F6  :   111111111111001100000000010100010000000011101011;
	02F7  :   111111111111010000000000010100000000000011101101;
	02F8  :   111111111111001000000000010100000000000011100101;
	02F9  :   111111111111001000000000010011100000000011100010;
	02FA  :   111111111111000000000000010011100000000011100111;
	02FB  :   111111111111010100000000010100010000000011101010;
	02FC  :   111111111111001000000000010100010000000011100110;
	02FD  :   111111111111010100000000010100010000000011101000;
	02FE  :   111111111110111100000000010100100000000011100101;
	02FF  :   111111111111001000000000010100110000000011100100;
	0300  :   111111111111010100000000010110000000000011101001;
	0301  :   111111111111011000000000010011100000000011101100;
	0302  :   111111111111010000000000010011100000000011101001;
	0303  :   111111111111010000000000010100010000000011101010;
	0304  :   111111111111001100000000010100100000000011101010;
	0305  :   111111111111011000000000010100000000000011101011;
	0306  :   111111111111011100000000010100100000000011100111;
	0307  :   111111111111010000000000010100010000000011101101;
	0308  :   111111111111000000000000010100000000000011101010;
	0309  :   111111111111000100000000010011110000000011101010;
	030A  :   111111111110111100000000010011100000000011110000;
	030B  :   111111111111000000000000010100010000000011100110;
	030C  :   111111111111010100000000010100110000000011101011;
	030D  :   111111111111010100000000010100110000000011101010;
	030E  :   111111111111011000000000010100000000000011101101;
	030F  :   111111111111001100000000010011100000000011101100;
	0310  :   111111111111001100000000010101100000000011101110;
	0311  :   111111111111000000000000010011110000000011100111;
	0312  :   111111111111011000000000010101000000000011101001;
	0313  :   111111111111000000000000010011110000000011100110;
	0314  :   111111111111001000000000010100010000000011101000;
	0315  :   111111111111001100000000010101000000000011101001;
	0316  :   111111111111000100000000010101110000000011101001;
	0317  :   111111111111000100000000010101000000000011101100;
	0318  :   111111111111010100000000010100110000000011101000;
	0319  :   111111111111010100000000010011110000000011101001;
	031A  :   111111111111010000000000010100100000000011100100;
	031B  :   111111111111101100000000010011100000000011100111;
	031C  :   111111111111000000000000010011100000000011100110;
	031D  :   111111111111011100000000010011100000000011100111;
	031E  :   111111111111010000000000010100110000000011100111;
	031F  :   111111111110111100000000010100100000000011101000;
	0320  :   111111111111001000000000010101000000000011100010;
	0321  :   111111111111001000000000010011110000000011100100;
	0322  :   111111111111010000000000010100010000000011101001;
	0323  :   111111111110111000000000010011110000000011100100;
	0324  :   111111111111001100000000010100110000000011101111;
	0325  :   111111111111010000000000010011100000000011101001;
	0326  :   111111111111010000000000010101000000000011100110;
	0327  :   111111111111000000000000010100110000000011100110;
	0328  :   111111111110111100000000010011000000000011100111;
	0329  :   111111111111010000000000010011110000000011100010;
	032A  :   111111111111000100000000010100010000000011100110;
	032B  :   111111111111011000000000010011010000000011101001;
	032C  :   111111111111000100000000010011110000000011101100;
	032D  :   111111111111010100000000010011100000000011101100;
	032E  :   111111111111010000000000010101000000000011101111;
	032F  :   111111111111001000000000010100110000000011110000;
	0330  :   111111111111010000000000010011110000000011110000;
	0331  :   111111111111010000000000010100000000000011101101;
	0332  :   111111111111010100000000010011100000000011101101;
	0333  :   111111111111000000000000010100100000000011101011;
	0334  :   111111111111010100000000010011100000000011101011;
	0335  :   111111111111011000000000010011010000000011101000;
	0336  :   111111111111010100000000010011010000000011100111;
	0337  :   111111111111001000000000010011110000000011100110;
	0338  :   111111111111011000000000010100110000000011101100;
	0339  :   111111111111010100000000010101100000000011101001;
	033A  :   111111111111100000000000010100110000000011101001;
	033B  :   111111111111010000000000010100110000000011100110;
	033C  :   111111111111000100000000010011100000000011101011;
	033D  :   111111111111010000000000010100000000000011101001;
	033E  :   111111111111000000000000010101010000000011100110;
	033F  :   111111111111010100000000010100100000000011100101;
	0340  :   111111111111010000000000010100000000000011100011;
	0341  :   111111111111001100000000010100000000000011101000;
	0342  :   111111111111010100000000010100010000000011100100;
	0343  :   111111111111001000000000010011010000000011100110;
	0344  :   111111111111000100000000010100000000000011100111;
	0345  :   111111111111000100000000010011010000000011100111;
	0346  :   111111111111011000000000010011100000000011101010;
	0347  :   111111111111000000000000010100000000000011100111;
	0348  :   111111111111001000000000010011000000000011101000;
	0349  :   111111111111100100000000010011000000000011101001;
	034A  :   111111111111000000000000010100010000000011101001;
	034B  :   111111111111000000000000010100010000000011100111;
	034C  :   111111111111010100000000010100010000000011101100;
	034D  :   111111111111001000000000010100000000000011101101;
	034E  :   111111111111001100000000010100000000000011101010;
	034F  :   111111111111010100000000010101010000000011101001;
	0350  :   111111111111001100000000010011110000000011101001;
	0351  :   111111111111001000000000010100000000000011101110;
	0352  :   111111111110111100000000010011100000000011101100;
	0353  :   111111111111001100000000010101000000000011101100;
	0354  :   111111111111001000000000010011110000000011101000;
	0355  :   111111111111100000000000010011010000000011101010;
	0356  :   111111111111010100000000010100000000000011100111;
	0357  :   111111111111010000000000010011110000000011100010;
	0358  :   111111111111001000000000010100000000000011100110;
	0359  :   111111111111001100000000010011000000000011100010;
	035A  :   111111111111010000000000010100100000000011100101;
	035B  :   111111111111000000000000010100000000000011100110;
	035C  :   111111111111010000000000010100010000000011101001;
	035D  :   111111111111011100000000010011100000000011100100;
	035E  :   111111111111010100000000010100010000000011101001;
	035F  :   111111111111011100000000010100010000000011101111;
	0360  :   111111111111010000000000010100010000000011101000;
	0361  :   111111111111001100000000010100100000000011100101;
	0362  :   111111111111001100000000010100000000000011101010;
	0363  :   111111111111010100000000010100100000000011101010;
	0364  :   111111111111010100000000010100110000000011101100;
	0365  :   111111111111000100000000010011000000000011101001;
	0366  :   111111111111011100000000010011110000000011110001;
	0367  :   111111111111010000000000010011010000000011101110;
	0368  :   111111111111001100000000010100010000000011101001;
	0369  :   111111111111011100000000010010110000000011101100;
	036A  :   111111111111000100000000010011110000000011101100;
	036B  :   111111111111000100000000010010000000000011101101;
	036C  :   111111111111000100000000010011000000000011101111;
	036D  :   111111111111010000000000010100000000000011110001;
	036E  :   111111111111001100000000010100000000000011101110;
	036F  :   111111111110111100000000010100000000000011101000;
	0370  :   111111111111010000000000010100000000000011101001;
	0371  :   111111111111010000000000010100010000000011101011;
	0372  :   111111111111001000000000010100000000000011100110;
	0373  :   111111111111001100000000010100000000000011101001;
	0374  :   111111111111001100000000010010100000000011100101;
	0375  :   111111111111001100000000010011100000000011100010;
	0376  :   111111111111010100000000010010100000000011100001;
	0377  :   111111111111010000000000010100100000000011100110;
	0378  :   111111111111000100000000010011110000000011100001;
	0379  :   111111111111001100000000010011100000000011100000;
	037A  :   111111111111000100000000010011100000000011100101;
	037B  :   111111111111010100000000010100110000000011100111;
	037C  :   111111111111000000000000010100010000000011101000;
	037D  :   111111111111100000000000010100100000000011100100;
	037E  :   111111111111001000000000010011100000000011101001;
	037F  :   111111111111001100000000010100000000000011101000;
	0380  :   111111111110111100000000010100000000000011100101;
	[0381..0382]  :   111111111111010100000000010011010000000011101011;
	0383  :   111111111111001000000000010011110000000011101010;
	0384  :   111111111111010000000000010100010000000011101000;
	0385  :   111111111111010100000000010101010000000011101010;
	0386  :   111111111111010100000000010100000000000011100110;
	0387  :   111111111111001100000000010100110000000011100111;
	0388  :   111111111111010100000000010100000000000011101001;
	0389  :   111111111111011000000000010011010000000011100111;
	038A  :   111111111111001100000000010010100000000011101011;
	038B  :   111111111111001100000000010011010000000011101010;
	038C  :   111111111111011000000000010100100000000011101000;
	038D  :   111111111111010100000000010011110000000011101001;
	038E  :   111111111111010000000000010100010000000011101010;
	038F  :   111111111111001100000000010011110000000011101100;
	0390  :   111111111111001100000000010100100000000011101101;
	0391  :   111111111111000100000000010110000000000011101100;
	0392  :   111111111111000100000000010100000000000011101100;
	0393  :   111111111111001100000000010011000000000011101100;
	0394  :   111111111111001100000000010011010000000011101000;
	0395  :   111111111111010100000000010100010000000011101110;
	0396  :   111111111111000100000000010100000000000011101010;
	0397  :   111111111111010100000000010011110000000011101011;
	0398  :   111111111111001100000000010011010000000011101010;
	0399  :   111111111111000100000000010011000000000011101000;
	039A  :   111111111111010100000000010011100000000011101110;
	039B  :   111111111111011100000000010011010000000011101100;
	039C  :   111111111111000100000000010100100000000011101100;
	039D  :   111111111111000100000000010011100000000011101010;
	039E  :   111111111111010100000000010100100000000011101000;
	039F  :   111111111111000100000000010011110000000011101001;
	03A0  :   111111111111010000000000010100100000000011101001;
	03A1  :   111111111111010000000000010011110000000011101101;
	03A2  :   111111111111000000000000010011100000000011101000;
	03A3  :   111111111111010000000000010100100000000011101111;
	03A4  :   111111111111000100000000010010010000000011101000;
	03A5  :   111111111111011000000000010011110000000011101001;
	03A6  :   111111111111000000000000010011100000000011110001;
	03A7  :   111111111110110000000000010011000000000011101001;
	03A8  :   111111111111010000000000010011100000000011101001;
	03A9  :   111111111111001000000000010011110000000011101100;
	03AA  :   111111111111010100000000010011100000000011100111;
	03AB  :   111111111111011000000000010100000000000011101001;
	03AC  :   111111111111001100000000010011100000000011110000;
	03AD  :   111111111111010000000000010100010000000011101100;
	03AE  :   111111111111001100000000010100010000000011100111;
	03AF  :   111111111111010000000000010100010000000011100110;
	03B0  :   111111111111011100000000010010110000000011100111;
	03B1  :   111111111111010000000000010100010000000011100100;
	03B2  :   111111111111000100000000010011010000000011100001;
	03B3  :   111111111111001100000000010011110000000011100011;
	03B4  :   111111111111001000000000010100000000000011101001;
	03B5  :   111111111111001000000000010100010000000011101000;
	03B6  :   111111111111001100000000010011100000000011100101;
	03B7  :   111111111111001000000000010100110000000011101000;
	03B8  :   111111111110111100000000010011110000000011101000;
	03B9  :   111111111111000100000000010011100000000011100111;
	03BA  :   111111111111010100000000010011000000000011100110;
	03BB  :   111111111111011000000000010011010000000011101010;
	03BC  :   111111111111001100000000010010110000000011100010;
	03BD  :   111111111111011000000000010011010000000011101100;
	03BE  :   111111111111000000000000010011110000000011101010;
	03BF  :   111111111111001000000000010100000000000011101010;
	03C0  :   111111111111011000000000010100000000000011101010;
	03C1  :   111111111110111100000000010100000000000011100101;
	03C2  :   111111111111000000000000010011110000000011100100;
	03C3  :   111111111111000100000000010011110000000011101001;
	03C4  :   111111111111010000000000010011110000000011100111;
	03C5  :   111111111111001000000000010101010000000011101001;
	03C6  :   111111111111000000000000010100110000000011100110;
	03C7  :   111111111111011000000000010100010000000011101010;
	03C8  :   111111111111010000000000010011110000000011101110;
	03C9  :   111111111111001100000000010100000000000011100111;
	03CA  :   111111111111001100000000010011100000000011101010;
	03CB  :   111111111111000100000000010011100000000011101100;
	03CC  :   111111111111010100000000010011100000000011101101;
	03CD  :   111111111111000100000000010011000000000011101000;
	03CE  :   111111111111010100000000010011100000000011110000;
	03CF  :   111111111111001000000000010100010000000011110100;
	03D0  :   111111111111001100000000010100100000000011101011;
	03D1  :   111111111111001100000000010011100000000011100011;
	03D2  :   111111111111010100000000010100100000000011100101;
	03D3  :   111111111111001000000000010100100000000011101111;
	03D4  :   111111111111001100000000010010110000000011101011;
	03D5  :   111111111111000100000000010011010000000011100111;
	03D6  :   111111111111000100000000010010100000000011101001;
	03D7  :   111111111111000100000000010010110000000011101000;
	03D8  :   111111111111000100000000010011000000000011100100;
	03D9  :   111111111111010100000000010011110000000011101110;
	03DA  :   111111111111011100000000010011100000000011101010;
	03DB  :   111111111111000100000000010010000000000011100011;
	03DC  :   111111111111010000000000010100010000000011101011;
	03DD  :   111111111111000000000000010011000000000011100011;
	03DE  :   111111111111001100000000010100010000000011101001;
	03DF  :   111111111111001100000000010100010000000011101100;
	03E0  :   111111111111001100000000010011110000000011100001;
	03E1  :   111111111111001000000000010101000000000011100110;
	03E2  :   111111111111001100000000010011100000000011101011;
	03E3  :   111111111111010000000000010011110000000011100101;
	03E4  :   111111111111010000000000010100100000000011101011;
	03E5  :   111111111111010000000000010100010000000011101011;
	03E6  :   111111111111001100000000010011000000000011101011;
	03E7  :   111111111111010100000000010011100000000011101110;
	03E8  :   111111111111011000000000010011110000000011101001;
	03E9  :   111111111111011000000000010011010000000011101011;
	03EA  :   111111111111001000000000010100100000000011101011;
	03EB  :   111111111111100100000000010100000000000011101010;
	03EC  :   111111111111001000000000010100100000000011101000;
	03ED  :   111111111111010000000000010010010000000011101110;
	03EE  :   111111111111001000000000010010110000000011101111;
	03EF  :   111111111111010000000000010100000000000011101100;
	03F0  :   111111111111011000000000010101010000000011101110;
	03F1  :   111111111111000100000000010100000000000011101001;
	03F2  :   111111111111011000000000010011000000000011101011;
	03F3  :   111111111111001000000000010011010000000011101000;
	03F4  :   111111111111010100000000010011100000000011101000;
	03F5  :   111111111111100000000000010011010000000011100110;
	03F6  :   111111111111001000000000010011110000000011100101;
	03F7  :   111111111111000100000000010100000000000011100100;
	03F8  :   111111111111001100000000010011110000000011100010;
	03F9  :   111111111110111000000000010100000000000011100001;
	03FA  :   111111111111010000000000010010110000000011100110;
	03FB  :   111111111111000000000000010100100000000011101001;
	03FC  :   111111111111001100000000010100100000000011100010;
	03FD  :   111111111111001000000000010010100000000011100111;
	03FE  :   111111111111000100000000010100100000000011101011;
	03FF  :   111111111111001100000000010011100000000011101100;
	0400  :   111111111111001100000000010001110000000011101100;
	0401  :   111111111111010100000000010010100000000011101110;
	0402  :   111111111111001100000000010010010000000011101110;
	0403  :   111111111111010000000000010011000000000011101111;
	0404  :   111111111111001100000000010010100000000011110000;
	0405  :   111111111111010100000000010010010000000011110000;
	0406  :   111111111111000000000000010010000000000011101101;
	0407  :   111111111111000100000000010001110000000011101101;
	0408  :   111111111111000000000000010010100000000011101011;
	0409  :   111111111111010000000000010001010000000011110000;
	040A  :   111111111111000000000000010001110000000011101111;
	040B  :   111111111111010000000000010001100000000011110001;
	040C  :   111111111111001100000000010010100000000011101111;
	040D  :   111111111111010000000000010001100000000011101010;
	040E  :   111111111111001100000000010001100000000011101010;
	040F  :   111111111111011000000000010001100000000011101011;
	0410  :   111111111111011100000000010001110000000011101100;
	0411  :   111111111111000000000000010010000000000011100111;
	0412  :   111111111111000000000000010010010000000011100111;
	0413  :   111111111111000000000000010010010000000011100011;
	0414  :   111111111111010000000000010001010000000011101010;
	0415  :   111111111111000100000000010001110000000011100101;
	0416  :   111111111110111000000000010010010000000011101000;
	0417  :   111111111111010000000000010010100000000011101001;
	0418  :   111111111111010000000000010010000000000011100101;
	0419  :   111111111110111100000000010010100000000011101101;
	041A  :   111111111111000100000000010011000000000011101001;
	041B  :   111111111111101100000000010010000000000011101000;
	041C  :   111111111111011000000000010010010000000011101011;
	041D  :   111111111111001100000000010011100000000011101010;
	041E  :   111111111111100100000000010010010000000011101100;
	041F  :   111111111111000100000000010010110000000011101011;
	0420  :   111111111111001100000000010011110000000011101001;
	0421  :   111111111111001000000000010010110000000011110001;
	0422  :   111111111111000100000000010010100000000011101101;
	0423  :   111111111111001100000000010010000000000011101110;
	0424  :   111111111111010000000000010011010000000011101010;
	0425  :   111111111111001100000000010011000000000011101110;
	0426  :   111111111111000100000000010001110000000011101101;
	0427  :   111111111111011000000000010010000000000011101110;
	0428  :   111111111111010000000000010001010000000011101110;
	0429  :   111111111110111100000000010010110000000011110000;
	042A  :   111111111111010000000000010010100000000011101111;
	042B  :   111111111111001000000000010010010000000011110001;
	042C  :   111111111111010000000000010001110000000011110010;
	042D  :   111111111111011000000000010001110000000011101110;
	042E  :   111111111111010000000000010001110000000011101111;
	042F  :   111111111111010000000000010010000000000011110010;
	0430  :   111111111111010000000000010011000000000011101110;
	0431  :   111111111111010000000000010000110000000011101010;
	0432  :   111111111111100000000000010010100000000011110001;
	0433  :   111111111111010100000000010010110000000011110010;
	0434  :   111111111111001000000000010010010000000011101001;
	0435  :   111111111111000100000000010001110000000011101100;
	0436  :   111111111111000100000000010010000000000011101001;
	0437  :   111111111111001000000000010010100000000011101010;
	0438  :   111111111111000100000000010010000000000011100101;
	0439  :   111111111111001100000000010010000000000011100100;
	043A  :   111111111111010000000000010001100000000011100011;
	043B  :   111111111111010100000000010011000000000011100111;
	043C  :   111111111110111000000000010010110000000011100101;
	043D  :   111111111111010100000000010011000000000011100101;
	043E  :   111111111111010100000000010001110000000011101000;
	043F  :   111111111111000100000000010010100000000011101000;
	0440  :   111111111111000000000000010010110000000011100110;
	0441  :   111111111111010000000000010001100000000011100100;
	0442  :   111111111111011000000000010010100000000011101001;
	0443  :   111111111111100000000000010001100000000011101001;
	0444  :   111111111111011000000000010010110000000011101011;
	0445  :   111111111111011000000000010011010000000011101101;
	0446  :   111111111111001000000000010010010000000011101001;
	0447  :   111111111111011100000000010011000000000011100111;
	0448  :   111111111111001000000000010010010000000011101100;
	0449  :   111111111111011100000000010100000000000011101010;
	044A  :   111111111111011000000000010011010000000011101100;
	044B  :   111111111111010000000000010010100000000011100111;
	044C  :   111111111111011000000000010011000000000011101101;
	044D  :   111111111111001100000000010011100000000011101100;
	044E  :   111111111111010100000000010010100000000011101010;
	044F  :   111111111111011000000000010011010000000011101010;
	0450  :   111111111111001100000000010001110000000011101101;
	0451  :   111111111111011000000000010011010000000011101011;
	0452  :   111111111111101000000000010010110000000011101001;
	0453  :   111111111111011000000000010011010000000011100110;
	0454  :   111111111111100000000000010010010000000011110000;
	0455  :   111111111111100000000000010011010000000011101010;
	0456  :   111111111111100100000000010010000000000011101010;
	0457  :   111111111111010000000000010010010000000011110001;
	0458  :   111111111111000100000000010010110000000011101011;
	0459  :   111111111111010100000000010011100000000011110101;
	045A  :   111111111110111100000000010010100000000011101111;
	045B  :   111111111110111100000000010010000000000011110001;
	045C  :   111111111110111100000000010011100000000011101111;
	045D  :   111111111111000100000000010001100000000011111100;
	045E  :   111111111111001000000000010010000000000011111000;
	045F  :   111111111111001100000000010010000000000011111010;
	0460  :   111111111111000100000000010011000000000011111011;
	0461  :   111111111111001100000000010010100000000011110101;
	0462  :   111111111111010100000000010011000000000011111010;
	0463  :   111111111111010100000000010010010000000011110010;
	0464  :   111111111111001000000000010010110000000011110110;
	0465  :   111111111111000000000000010010100000000011110000;
	0466  :   111111111111000100000000010010110000000011101111;
	0467  :   111111111111001100000000010010110000000011101111;
	0468  :   111111111111001100000000010010000000000011101101;
	0469  :   111111111110110100000000010011000000000011101001;
	046A  :   111111111111010000000000010011000000000011101011;
	046B  :   111111111111010000000000010010010000000011101000;
	046C  :   111111111111000100000000010010100000000011100110;
	046D  :   111111111111001100000000010010100000000011101001;
	046E  :   111111111111010100000000010010010000000011100111;
	046F  :   111111111111000000000000010010000000000011100011;
	0470  :   111111111110111100000000010010010000000011100110;
	0471  :   111111111111000100000000010010110000000011100000;
	0472  :   111111111111011000000000010011010000000011011110;
	0473  :   111111111111011000000000010100100000000011100111;
	0474  :   111111111111011000000000010011000000000011011110;
	0475  :   111111111111001000000000010010000000000011011100;
	0476  :   111111111110111000000000010010100000000011011101;
	0477  :   111111111111000100000000010010010000000011011110;
	0478  :   111111111111010000000000010010110000000011011110;
	0479  :   111111111111010000000000010011110000000011011110;
	047A  :   111111111111001100000000010100100000000011011110;
	047B  :   111111111111001000000000010010100000000011100011;
	047C  :   111111111111001000000000010100000000000011100011;
	047D  :   111111111111011000000000010011100000000011100010;
	047E  :   111111111111000000000000010011100000000011101000;
	047F  :   111111111111001000000000010100010000000011100100;
	0480  :   111111111111001000000000010011110000000011101000;
	0481  :   111111111111010000000000010100000000000011101000;
	0482  :   111111111111010000000000010100010000000011101001;
	0483  :   111111111111010000000000010100000000000011101011;
	0484  :   111111111111010100000000010100010000000011101101;
	0485  :   111111111111011100000000010011000000000011101010;
	0486  :   111111111111011000000000010011110000000011101111;
	0487  :   111111111111010100000000010100010000000011110011;
	0488  :   111111111111011000000000010100100000000011101100;
	0489  :   111111111111010100000000010100110000000011101011;
	048A  :   111111111111010000000000010100000000000011101110;
	048B  :   111111111111001000000000010011110000000011101111;
	048C  :   111111111111010100000000010101110000000011101110;
	048D  :   111111111111100100000000010101010000000011101110;
	048E  :   111111111111001100000000010100000000000011101001;
	048F  :   111111111111001100000000010011110000000011101110;
	0490  :   111111111111010100000000010100010000000011101011;
	0491  :   111111111111100000000000010100100000000011101111;
	0492  :   111111111111011100000000010011100000000011101110;
	0493  :   111111111111000000000000010011100000000011100111;
	0494  :   111111111111001000000000010011000000000011101000;
	0495  :   111111111111011000000000010100100000000011101010;
	0496  :   111111111111000100000000010100100000000011101011;
	0497  :   111111111111000000000000010100100000000011101100;
	0498  :   111111111111011100000000010100000000000011101011;
	0499  :   111111111111010100000000010100010000000011101010;
	049A  :   111111111111001100000000010100010000000011101011;
	049B  :   111111111111001100000000010100100000000011100101;
	049C  :   111111111111010100000000010011100000000011100110;
	049D  :   111111111111001100000000010011110000000011100111;
	049E  :   111111111111000000000000010100110000000011101101;
	049F  :   111111111111000100000000010100110000000011100100;
	04A0  :   111111111111000100000000010011010000000011100101;
	04A1  :   111111111111011100000000010100000000000011100011;
	04A2  :   111111111111001000000000010100010000000011100011;
	04A3  :   111111111111001100000000010011100000000011100011;
	04A4  :   111111111111001000000000010011010000000011100011;
	04A5  :   111111111111100100000000010011100000000011100111;
	04A6  :   111111111111101000000000010101000000000011011111;
	04A7  :   111111111111001000000000010011010000000011100011;
	04A8  :   111111111111010100000000010100100000000011100100;
	04A9  :   111111111111100100000000010100110000000011100101;
	04AA  :   111111111111010100000000010100100000000011100001;
	04AB  :   111111111111101000000000010011110000000011100010;
	04AC  :   111111111111100000000000010011100000000011011110;
	04AD  :   111111111111100100000000010100000000000011011101;
	04AE  :   111111111111100100000000010100010000000011100011;
	04AF  :   111111111111100000000000010100000000000011100011;
	04B0  :   111111111111010100000000010011000000000011100010;
	04B1  :   111111111111100100000000010101010000000011011111;
	04B2  :   111111111111010000000000010011100000000011101001;
	04B3  :   111111111111001100000000010100100000000011100111;
	04B4  :   111111111111001100000000010100110000000011101011;
	04B5  :   111111111111010100000000010100110000000011101101;
	04B6  :   111111111111011000000000010100110000000011101000;
	04B7  :   111111111110110100000000010101000000000011100011;
	04B8  :   111111111111000100000000010100100000000011101100;
	04B9  :   111111111111001000000000010100000000000011100111;
	04BA  :   111111111111000100000000010101110000000011101010;
	04BB  :   111111111111001000000000010011100000000011101010;
	04BC  :   111111111111001100000000010100100000000011101001;
	04BD  :   111111111111011000000000010011110000000011101111;
	04BE  :   111111111111001000000000010100100000000011101001;
	04BF  :   111111111111001100000000010100000000000011101011;
	04C0  :   111111111111010100000000010100010000000011101100;
	04C1  :   111111111110111100000000010011100000000011100110;
	04C2  :   111111111111001000000000010011110000000011101001;
	04C3  :   111111111111011100000000010011000000000011101111;
	04C4  :   111111111111011000000000010100000000000011101100;
	04C5  :   111111111111101000000000010011100000000011101001;
	04C6  :   111111111111001100000000010011000000000011101001;
	04C7  :   111111111111100100000000010011110000000011101001;
	04C8  :   111111111111010100000000010011110000000011100111;
	04C9  :   111111111111010100000000010100100000000011101000;
	04CA  :   111111111111010100000000010100000000000011101010;
	04CB  :   111111111111001100000000010100110000000011101000;
	04CC  :   111111111111010100000000010100100000000011101010;
	04CD  :   111111111111001000000000010011110000000011101011;
	04CE  :   111111111111010000000000010100010000000011101101;
	04CF  :   111111111111001000000000010100010000000011101000;
	04D0  :   111111111111001000000000010011100000000011100111;
	04D1  :   111111111111001000000000010011100000000011100110;
	04D2  :   111111111111001100000000010010000000000011101100;
	04D3  :   111111111111000100000000010100000000000011101010;
	04D4  :   111111111111100100000000010100000000000011101100;
	04D5  :   111111111111000000000000010011100000000011101011;
	04D6  :   111111111111010100000000010011110000000011101101;
	04D7  :   111111111111100000000000010100000000000011100101;
	04D8  :   111111111111001100000000010011110000000011100110;
	04D9  :   111111111111100000000000010011100000000011100111;
	04DA  :   111111111111011100000000010100100000000011101000;
	04DB  :   111111111111010000000000010100110000000011101101;
	04DC  :   111111111111001100000000010100100000000011101000;
	04DD  :   111111111111010000000000010100110000000011100111;
	04DE  :   111111111111011100000000010100000000000011101000;
	04DF  :   111111111111010000000000010100000000000011101100;
	04E0  :   111111111111011000000000010011110000000011101100;
	04E1  :   111111111111011100000000010100000000000011100111;
	04E2  :   111111111111001100000000010011110000000011101000;
	04E3  :   111111111111001100000000010011000000000011100111;
	04E4  :   111111111111010100000000010011010000000011101010;
	04E5  :   111111111111011000000000010101000000000011101010;
	04E6  :   111111111111100000000000010010110000000011101000;
	04E7  :   111111111111010000000000010011110000000011100101;
	04E8  :   111111111111010000000000010011100000000011101010;
	04E9  :   111111111111010000000000010100010000000011101010;
	04EA  :   111111111111011000000000010011100000000011101101;
	04EB  :   111111111111100000000000010100000000000011101000;
	04EC  :   111111111111001100000000010011110000000011100101;
	04ED  :   111111111111101100000000010100000000000011101011;
	04EE  :   111111111111000000000000010100010000000011100110;
	04EF  :   111111111111100000000000010100100000000011100101;
	04F0  :   111111111111100100000000010010110000000011101001;
	04F1  :   111111111111011100000000010100000000000011100110;
	04F2  :   111111111111101000000000010011110000000011100110;
	04F3  :   111111111111001100000000010011100000000011100111;
	04F4  :   111111111111101000000000010011000000000011101100;
	04F5  :   111111111111011000000000010011000000000011101011;
	04F6  :   111111111111110100000000010011010000000011101111;
	04F7  :   111111111111010100000000010011100000000011110010;
	04F8  :   111111111111010000000000010011110000000011110001;
	04F9  :   111111111111011000000000010100000000000011110000;
	04FA  :   111111111111010000000000010011010000000011110000;
	04FB  :   111111111111001100000000010011000000000011101100;
	04FC  :   111111111111011000000000010011010000000011110000;
	04FD  :   111111111111011000000000010011010000000011110001;
	04FE  :   111111111111100100000000010010100000000011111100;
	04FF  :   111111111111111000000000010011000000000100000001;
	0500  :   000000000000010000000000010011100000000011111111;
	0501  :   000000000000011000000000010100010000000100001010;
	0502  :   000000000000010100000000010011110000000100000010;
	0503  :   000000000000110100000000010011100000000100000000;
	0504  :   000000000001001000000000010010010000000011111010;
	0505  :   000000000001001000000000010010000000000011111001;
	0506  :   000000000001001100000000010000110000000011110011;
	0507  :   000000000001001000000000010000010000000011101000;
	0508  :   000000000001001000000000001111110000000011101101;
	0509  :   000000000001010100000000001111110000000011101000;
	050A  :   000000000001000100000000001111100000000011100001;
	050B  :   000000000000110100000000001110110000000011101001;
	050C  :   000000000000110000000000001110010000000011101111;
	050D  :   111111111111111000000000001101100000000011110001;
	050E  :   111111111111100000000000001111000000000011110100;
	050F  :   111111111110010100000000001110010000000011101100;
	0510  :   111111111110010100000000001110010000000011110011;
	0511  :   111111111110100100000000001111100000000011110001;
	0512  :   111111111110000000000000010000100000000011101101;
	0513  :   000000000000001000000000001010010000000001111011;
	0514  :   111111111011100000000000011101001111111110010000;
	0515  :   000000000001111100000000100100010000000011100111;
	0516  :   000000000100111100000000001110110000000011010001;
	0517  :   111111111111110111111111111110110000000010101101;
	0518  :   111111111011100000000000000011000000000010110001;
	0519  :   111111111001001000000000001101000000000011011111;
	051A  :   111111111000101000000000010001100000000100001010;
	051B  :   111111111001100000000000010101000000000100100001;
	051C  :   111111111010010100000000011010110000000100001101;
	051D  :   111111111011010000000000011110100000000011101001;
	051E  :   111111111011011000000000100000000000000011011010;
	051F  :   111111111100001000000000011111110000000011011100;
	0520  :   111111111101101100000000011110110000000011110000;
	0521  :   111111111110111100000000011101100000000100001111;
	0522  :   111111111111101000000000011100010000000100101010;
	0523  :   000000000000000000000000011100110000000100111111;
	0524  :   111111111111111000000000011110110000000101000011;
	0525  :   000000000000001100000000011111110000000101000010;
	0526  :   000000000000010100000000100000010000000100111100;
	0527  :   000000000000010100000000100001000000000100110101;
	0528  :   000000000000101100000000100000110000000100110110;
	0529  :   000000000000101000000000100010000000000100111001;
	052A  :   000000000000011000000000100010100000000101000010;
	052B  :   000000000000010000000000100001110000000100111100;
	052C  :   000000000000001100000000100010000000000101000001;
	052D  :   000000000000000000000000100000010000000100111111;
	052E  :   111111111111110100000000011111100000000100111101;
	052F  :   111111111111111000000000011110110000000101000000;
	0530  :   111111111111111000000000011101100000000100110111;
	0531  :   111111111111110100000000011101000000000100110110;
	0532  :   000000000000001000000000011011100000000100110000;
	0533  :   000000000000001000000000011010110000000100011110;
	0534  :   000000000000100000000000011010000000000100010000;
	0535  :   000000000000100000000000011010100000000100000100;
	0536  :   111111111111111000000000011000000000000011111000;
	0537  :   111111111111010000000000010110100000000011001010;
	0538  :   000000000000010000000000010000110000000010111110;
	0539  :   000000000001010000000000001001110000000010010110;
	053A  :   000000000001001100000000001010000000000010000011;
	053B  :   000000000000110000000000001000100000000001101011;
	053C  :   000000000000110100000000001000000000000001011110;
	053D  :   000000000001000100000000001010000000000001001101;
	053E  :   000000000000110100000000001011000000000000110001;
	053F  :   000000000000100000000000001111110000000000001011;
	0540  :   000000000000101100000000010001000000000000100110;
	0541  :   000000000000111000000000010010000000000000100101;
	0542  :   000000000000110000000000010010010000000000111011;
	0543  :   000000000000101000000000010011000000000001000010;
	0544  :   000000000000100100000000010010010000000001010010;
	0545  :   000000000000011000000000010011000000000001100100;
	0546  :   000000000000110000000000010101000000000001111100;
	0547  :   000000000000111100000000010101000000000010011011;
	0548  :   000000000000101100000000010110010000000010111100;
	0549  :   000000000000101000000000010110000000000011100010;
	054A  :   000000000000100100000000010101010000000100001100;
	054B  :   111111111110001000000000001110110000000110011110;
	054C  :   000000000001011000000000010011100000000110100010;
	054D  :   000000000000110000000000010011000000000110011110;
	054E  :   000000000001011100000000010001100000000101111000;
	054F  :   000000000001110000000000001110110000000101011000;
	0550  :   000000000001110100000000001101110000000101001101;
	0551  :   000000000001111000000000001101000000000101000011;
	0552  :   000000000001000100000000001011100000000100111110;
	0553  :   000000000000000000000000001001100000000100110001;
	0554  :   111111111110111000000000001001110000000100101110;
	0555  :   111111111110101000000000001001110000000100011100;
	0556  :   111111111110011000000000001001110000000100010110;
	0557  :   111111111110111100000000001100010000000100001000;
	0558  :   111111111111011000000000001111110000000011111110;
	0559  :   111111111111011100000000010000110000000011101110;
	055A  :   111111111111001100000000010010000000000011100101;
	055B  :   000000000000111000000000001011100000000000111101;
	055C  :   111111111010111100000000011101111111111011110111;
	055D  :   000000000000001100000000101000010000000000110000;
	055E  :   000000000010000000000000001010010000000010100101;
	055F  :   111111111101011100000000001000100000000001011000;
	0560  :   111111111001001100000000010010000000000001101011;
	0561  :   111111110111110100000000011100000000000010101100;
	0562  :   111111111000001000000000100010000000000011000001;
	0563  :   111111111001001000000000100110100000000011001101;
	0564  :   111111111010110000000000100100110000000010110010;
	0565  :   111111111100010000000000100011010000000010100000;
	0566  :   111111111101101100000000100000000000000010100111;
	0567  :   111111111110110100000000011101000000000011000100;
	0568  :   111111111111011100000000011100010000000011111010;
	0569  :   111111111111001100000000011010100000000100011001;
	056A  :   111111111111011000000000011010100000000100101110;
	056B  :   111111111111011100000000011011100000000100111110;
	056C  :   111111111111111000000000011100110000000101001001;
	056D  :   000000000000001000000000011111100000000101001111;
	056E  :   000000000000010000000000100010000000000101011010;
	056F  :   000000000000100100000000100011000000000101011101;
	0570  :   000000000000110000000000100101110000000101100011;
	0571  :   000000000000111100000000100110110000000101101010;
	0572  :   000000000001011000000000100101000000000101101010;
	0573  :   000000000001101100000000100101100000000101101010;
	0574  :   000000000001111100000000100101000000000101101100;
	0575  :   000000000010000100000000100100110000000101110110;
	0576  :   000000000010001000000000100100000000000101110111;
	0577  :   000000000001110000000000100100100000000101110011;
	0578  :   000000000001111000000000100010010000000101101110;
	0579  :   000000000001011100000000100001110000000101011000;
	057A  :   000000000001100000000000100000010000000101010101;
	057B  :   000000000001100100000000011111110000000101001010;
	057C  :   000000000001110100000000011110000000000100111101;
	057D  :   000000000010001000000000011011000000000100101101;
	057E  :   000000000010100000000000011001110000000100011001;
	057F  :   000000000010101100000000011000110000000100001011;
	0580  :   000000000010000000000000011001000000000011111111;
	0581  :   000000000001111000000000010011010000000011111101;
	0582  :   000000000100000100000000001001010000000011011001;
	0583  :   000000000101101100000000000000010000000010110101;
	0584  :   000000000011100100000000000010010000000010011100;
	0585  :   000000000010001100000000000100000000000001111101;
	0586  :   000000000001011100000000000011000000000001100011;
	0587  :   000000000001000000000000000011110000000001000111;
	0588  :   111111111111000100000000001100010000000000111001;
	0589  :   111111111110011100000000001111100000000000101101;
	058A  :   111111111110000100000000010010000000000000101011;
	058B  :   111111111110100100000000010011100000000000101110;
	058C  :   111111111111001100000000010110100000000000110111;
	058D  :   111111111111011100000000010111010000000001000011;
	058E  :   111111111111110100000000010110110000000001001110;
	058F  :   111111111111101000000000010101100000000001100100;
	0590  :   111111111111110000000000010100110000000001110110;
	0591  :   111111111111011100000000010100100000000010000100;
	0592  :   111111111111110000000000010011010000000010010110;
	0593  :   111111111111011100000000010011010000000010011011;
	0594  :   111111111110111100000000010011000000000010101011;
	0595  :   111111111110111100000000010010110000000010111011;
	0596  :   111111111110110100000000010100010000000011001001;
	0597  :   111111111110111100000000010100000000000011010100;
	0598  :   111111111110110100000000010011100000000011011010;
	0599  :   111111111110111000000000010101100000000011100010;
	059A  :   111111111110111100000000010101110000000011101111;
	059B  :   111111111110111100000000010110000000000011111011;
	059C  :   111111111110110000000000010111010000000011111111;
	059D  :   111111111110101000000000010111100000000100000100;
	059E  :   111111111111001000000000011000010000000100001100;
	059F  :   111111111110111000000000011001100000000100010010;
	05A0  :   111111111111000000000000011000100000000100011001;
	05A1  :   111111111111001100000000011000100000000100011000;
	05A2  :   111111111111001100000000011001000000000100100010;
	05A3  :   111111111111010100000000011000100000000100100100;
	05A4  :   111111111111011100000000011000100000000100100101;
	05A5  :   111111111111011100000000010111000000000100100111;
	05A6  :   111111111111101100000000010111000000000100100111;
	05A7  :   111111111111010100000000010110100000000100100111;
	05A8  :   111111111111011000000000010110010000000100100110;
	05A9  :   111111111111101100000000010110100000000100101010;
	05AA  :   111111111111101000000000010101110000000100011110;
	05AB  :   111111111111100100000000010101100000000100100001;
	05AC  :   111111111111011100000000010110100000000100010010;
	05AD  :   111111111111100100000000010101000000000100010000;
	05AE  :   111111111111100100000000010100110000000100000011;
	05AF  :   111111111111100100000000010101100000000100000100;
	05B0  :   111111111111100000000000010100100000000011110111;
	05B1  :   111111111111011100000000010011000000000011110010;
	05B2  :   111111111111101000000000010100010000000011101010;
	05B3  :   111111111111111000000000010011110000000011101001;
	05B4  :   111111111111101100000000010011110000000011100010;
	05B5  :   111111111111100100000000010010110000000011011101;
	05B6  :   111111111111100000000000010011000000000011010011;
	05B7  :   111111111111010100000000010010100000000011010100;
	05B8  :   111111111111011100000000010011000000000011010001;
	05B9  :   111111111111010100000000010001100000000011010000;
	05BA  :   111111111111101000000000010001110000000011010000;
	05BB  :   111111111111011100000000010001110000000011001010;
	05BC  :   111111111111110100000000010010010000000011001110;
	05BD  :   111111111111101100000000010001000000000011001101;
	05BE  :   111111111111110000000000010010000000000011001110;
	05BF  :   111111111111111000000000010010000000000011010011;
	05C0  :   111111111111110100000000010001110000000011010100;
	05C1  :   111111111111111000000000010010110000000011010110;
	05C2  :   111111111111101000000000010010010000000011011110;
	05C3  :   111111111111110100000000010001100000000011011110;
	05C4  :   111111111111110000000000010011100000000011100110;
	05C5  :   111111111111110100000000010100000000000011100111;
	05C6  :   111111111111110000000000010101110000000011101000;
	05C7  :   111111111111110000000000010011100000000011101000;
	05C8  :   111111111111101100000000010100000000000011110010;
	05C9  :   111111111111011100000000010100000000000011110011;
	05CA  :   111111111111100100000000010011100000000011111001;
	05CB  :   111111111111101000000000010100000000000011111010;
	05CC  :   111111111111100000000000010100010000000011111000;
	05CD  :   111111111111110000000000010100110000000011111001;
	05CE  :   111111111111101100000000010100100000000100000000;
	05CF  :   111111111111110100000000010101000000000011111100;
	05D0  :   111111111111101100000000010100000000000011111100;
	05D1  :   111111111111110000000000010101000000000011111011;
	05D2  :   111111111111110000000000010100000000000011111010;
	05D3  :   111111111111110100000000010100000000000011111011;
	05D4  :   111111111111110000000000010100110000000011111001;
	05D5  :   111111111111110100000000010100100000000011110000;
	05D6  :   111111111111011100000000010100100000000011110001;
	05D7  :   111111111111101000000000010011110000000011101111;
	05D8  :   111111111111101000000000010100100000000011101110;
	05D9  :   111111111111100000000000010101000000000011101110;
	05DA  :   111111111111100100000000010100000000000011101100;
	05DB  :   111111111111100100000000010100000000000011101001;
	05DC  :   111111111111100000000000010100000000000011100101;
	05DD  :   111111111111100100000000010100110000000011101001;
	05DE  :   111111111111101000000000010100100000000011100010;
	05DF  :   111111111111100100000000010101000000000011101000;
	05E0  :   111111111111101100000000010100000000000011100010;
	05E1  :   111111111111100100000000010011010000000011100011;
	05E2  :   111111111111011000000000010100100000000011100011;
	05E3  :   111111111111110000000000010011010000000011100000;
	05E4  :   111111111111011100000000010011010000000011011100;
	05E5  :   111111111111100000000000010011100000000011011111;
	05E6  :   111111111111100100000000010100000000000011100001;
	05E7  :   111111111111010000000000010011010000000011011101;
	05E8  :   111111111111011000000000010011000000000011100001;
	05E9  :   111111111111010000000000010011010000000011101000;
	05EA  :   111111111111010100000000010010110000000011100110;
	05EB  :   111111111111010100000000010100110000000011101010;
	05EC  :   111111111111001100000000010011100000000011100100;
	05ED  :   111111111111101000000000010011000000000011101000;
	05EE  :   111111111111010100000000010010110000000011100110;
	05EF  :   111111111111011100000000010011010000000011101101;
	05F0  :   111111111111011100000000010100100000000011101010;
	05F1  :   111111111111011000000000010011110000000011101100;
	05F2  :   111111111111100100000000010011010000000011101101;
	05F3  :   111111111111010000000000010011000000000011101010;
	05F4  :   111111111111101100000000010010110000000011101001;
	05F5  :   111111111111010000000000010010110000000011101100;
	05F6  :   111111111111010000000000010010000000000011101010;
	05F7  :   111111111111101100000000010011110000000011101011;
	05F8  :   111111111111101100000000010011110000000011101110;
	05F9  :   111111111111111000000000010100000000000011110001;
	05FA  :   111111111111101100000000010011000000000011101101;
	05FB  :   111111111111111000000000010011100000000011101000;
	05FC  :   111111111111101100000000010011000000000011101010;
	05FD  :   111111111111101100000000010010100000000011100111;
	05FE  :   111111111111110100000000010011010000000011101001;
	05FF  :   111111111111111000000000010011100000000011100111;
	0600  :   111111111111110100000000010011010000000011100111;
	0601  :   111111111111111000000000010010000000000011101000;
	0602  :   111111111111110000000000010010000000000011101000;
	0603  :   111111111111110100000000010010100000000011101000;
	0604  :   111111111111110100000000010011010000000011101001;
	0605  :   111111111111101100000000010011000000000011101010;
	0606  :   111111111111101000000000010010100000000011100101;
	0607  :   111111111111100000000000010011000000000011101010;
	0608  :   111111111111110000000000010011000000000011101111;
	0609  :   111111111111011100000000010100010000000011101101;
	060A  :   111111111111100000000000010100010000000011100110;
	060B  :   111111111111011000000000010100010000000011101100;
	060C  :   111111111111010100000000010100000000000011101010;
	060D  :   111111111111011000000000010100010000000011101100;
	060E  :   111111111111011000000000010100000000000011100111;
	060F  :   111111111111100100000000010011110000000011101111;
	0610  :   111111111111001000000000010100010000000011101101;
	0611  :   111111111111011100000000010100110000000011101100;
	0612  :   111111111111010100000000010100100000000011110000;
	0613  :   111111111111010100000000010011100000000011101111;
	0614  :   111111111111100100000000010011010000000011101100;
	0615  :   111111111111100100000000010010110000000011101101;
	0616  :   111111111111101000000000010010110000000011101111;
	0617  :   111111111111100100000000010011100000000011110000;
	0618  :   111111111111010100000000010100000000000011101011;
	0619  :   111111111111110000000000010011110000000011101001;
	061A  :   111111111111100100000000010100100000000011100110;
	061B  :   111111111111011100000000010010110000000011100110;
	061C  :   111111111111110000000000010100000000000011101100;
	061D  :   111111111111110000000000010100000000000011100011;
	061E  :   111111111111101000000000010011010000000011100101;
	061F  :   111111111111111000000000010011010000000011100010;
	0620  :   111111111111110100000000010100000000000011100100;
	0621  :   111111111111101100000000010011000000000011100101;
	0622  :   111111111111110000000000010010010000000011100011;
	0623  :   111111111111110100000000010010110000000011100011;
	0624  :   000000000000000000000000010011110000000011100100;
	0625  :   111111111111101000000000010011100000000011100101;
	0626  :   111111111111110000000000010100000000000011100101;
	0627  :   111111111111110100000000010011000000000011101000;
	0628  :   111111111111110100000000010011110000000011101010;
	0629  :   111111111111101000000000010011100000000011101001;
	062A  :   111111111111101000000000010011010000000011101110;
	062B  :   111111111111010100000000010011110000000011100110;
	062C  :   111111111111110000000000010011110000000011101010;
	062D  :   111111111111110000000000010011010000000011101100;
	062E  :   111111111111110000000000010011010000000011101101;
	062F  :   111111111111100100000000010011000000000011100110;
	0630  :   111111111111011000000000010011110000000011101100;
	0631  :   111111111111010100000000010011000000000011101010;
	0632  :   111111111111011100000000010100100000000011100101;
	0633  :   111111111111011100000000010010110000000011100100;
	0634  :   111111111111110000000000010010110000000011101100;
	0635  :   111111111111011100000000010010110000000011101010;
	0636  :   111111111111100100000000010011010000000011101001;
	0637  :   111111111111101100000000010100000000000011101111;
	0638  :   111111111111101000000000010100010000000011100100;
	0639  :   111111111111011100000000010011000000000011101000;
	063A  :   111111111111100000000000010010110000000011110000;
	063B  :   111111111111011100000000010010110000000011101000;
	063C  :   111111111111100000000000010010110000000011110000;
	063D  :   111111111111110100000000010011010000000011101110;
	063E  :   111111111111101100000000010100100000000011110000;
	063F  :   111111111111101000000000010011110000000011101110;
	0640  :   111111111111010100000000010011110000000011101111;
	0641  :   111111111111011100000000010011010000000011101001;
	0642  :   111111111111100000000000010011000000000011101011;
	0643  :   111111111111011100000000010010110000000011101111;
	0644  :   111111111111010100000000010011110000000011110000;
	0645  :   111111111111100000000000010011100000000011110001;
	0646  :   111111111111101100000000010011110000000011101110;
	0647  :   111111111111100000000000010011010000000011101011;
	0648  :   111111111111110000000000010011000000000011101100;
	0649  :   111111111111111000000000010011100000000011101000;
	064A  :   111111111111111000000000010011000000000011100110;
	064B  :   111111111111110000000000010100000000000011100111;
	064C  :   111111111111111100000000010011000000000011101001;
	064D  :   111111111111110100000000010010110000000011110000;
	064E  :   111111111111110100000000010010000000000011100000;
	064F  :   111111111111110100000000010001100000000011101000;
	0650  :   111111111111101100000000010011100000000011101010;
	0651  :   111111111111101000000000010100100000000011100110;
	0652  :   111111111111101000000000010100000000000011101011;
	0653  :   111111111111110100000000010100010000000011100111;
	0654  :   111111111111101100000000010011110000000011100100;
	0655  :   111111111111010000000000010011000000000011101000;
	0656  :   111111111111100100000000010011010000000011101001;
	0657  :   111111111111110000000000010011000000000011100101;
	0658  :   111111111111011000000000010011100000000011101100;
	0659  :   111111111111011100000000010010110000000011100110;
	065A  :   111111111111101100000000010011110000000011101010;
	065B  :   111111111111101000000000010011100000000011101010;
	065C  :   111111111111011100000000010011000000000011101010;
	065D  :   111111111111010100000000010100000000000011101001;
	065E  :   111111111111101000000000010011000000000011101100;
	065F  :   111111111111001100000000010011110000000011101110;
	0660  :   111111111111011000000000010011110000000011110000;
	0661  :   111111111111010100000000010011000000000011101101;
	0662  :   111111111111010000000000010011010000000011101001;
	0663  :   111111111111011000000000010011000000000011101011;
	0664  :   111111111111101000000000010010100000000011101011;
	0665  :   111111111111011000000000010011000000000011101001;
	0666  :   111111111111010100000000010011010000000011101010;
	0667  :   111111111111101000000000010011100000000011101010;
	0668  :   111111111111100000000000010011000000000011101010;
	0669  :   111111111111011100000000010011100000000011101010;
	066A  :   111111111111011100000000010011100000000011101011;
	066B  :   111111111111100100000000010011010000000011100111;
	066C  :   111111111111100100000000010011100000000011101101;
	066D  :   111111111111101100000000010010100000000011101110;
	066E  :   111111111111100100000000010010100000000011101110;
	066F  :   111111111111010100000000010010100000000011100111;
	0670  :   111111111111011100000000010010000000000011100101;
	0671  :   111111111111101100000000010010110000000011100111;
	0672  :   111111111111010000000000010010010000000011100111;
	0673  :   111111111111100100000000010001110000000011101000;
	0674  :   111111111111101000000000010010010000000011101000;
	0675  :   111111111111010100000000010010000000000011100011;
	0676  :   111111111111011100000000010010110000000011101010;
	0677  :   111111111111101000000000010011010000000011100001;
	0678  :   111111111111101100000000010010000000000011100100;
	0679  :   111111111111100000000000010010110000000011100110;
	067A  :   111111111111111100000000010001110000000011101011;
	067B  :   111111111111101000000000010011100000000011101010;
	067C  :   111111111111110000000000010011000000000011101001;
	067D  :   111111111111100100000000010011000000000011100111;
	067E  :   111111111111101000000000010011010000000011101011;
	067F  :   111111111111111000000000010011010000000011101001;
	0680  :   111111111111110000000000010011010000000011101010;
	0681  :   111111111111101100000000010011000000000011101001;
	0682  :   111111111111101100000000010011100000000011101001;
	0683  :   111111111111101000000000010010110000000011100110;
	0684  :   111111111111011100000000010010110000000011101000;
	0685  :   111111111111011000000000010010100000000011101101;
	0686  :   111111111111010100000000010011000000000011101101;
	0687  :   111111111111011000000000010011100000000011110000;
	0688  :   111111111111001100000000010011100000000011101110;
	0689  :   111111111111010000000000010011100000000011101110;
	068A  :   111111111111001100000000010100000000000011110011;
	068B  :   111111111110111000000000010011000000000011101110;
	068C  :   111111111111000100000000010010000000000011101110;
	068D  :   111111111111010000000000010001110000000011101101;
	068E  :   111111111111011100000000010010010000000011101011;
	068F  :   111111111111100100000000010011000000000011101010;
	0690  :   111111111111100100000000010011010000000011101001;
	0691  :   111111111111101100000000010010100000000011101001;
	0692  :   111111111111100000000000010011100000000011100111;
	0693  :   111111111111111100000000010001100000000011101001;
	0694  :   111111111111111100000000010010100000000011101001;
	0695  :   111111111111100100000000010011000000000011101000;
	0696  :   111111111111011100000000010011000000000011101101;
	0697  :   111111111111100100000000010011100000000011101100;
	0698  :   111111111111100100000000010011000000000011101100;
	0699  :   111111111111000100000000010011000000000011110000;
	069A  :   111111111111011100000000010011010000000011101001;
	069B  :   111111111111010100000000010010110000000011101100;
	069C  :   111111111111100000000000010010110000000011110000;
	069D  :   111111111111001100000000010011010000000011101010;
	069E  :   111111111111100000000000010010000000000011101111;
	069F  :   111111111111011100000000010011100000000011101100;
	06A0  :   111111111111101100000000010011100000000011101010;
	06A1  :   111111111111011100000000010010010000000011101010;
	06A2  :   111111111111101000000000010011100000000011100111;
	06A3  :   111111111111100100000000010011010000000011101010;
	06A4  :   111111111111100100000000010011000000000011101101;
	06A5  :   111111111111100100000000010100000000000011101010;
	06A6  :   111111111111011100000000010011110000000011101010;
	06A7  :   111111111111110000000000010100010000000011100100;
	06A8  :   111111111111010100000000010011010000000011100000;
	06A9  :   111111111111111100000000010011000000000011100111;
	06AA  :   111111111111101100000000010011010000000011100111;
	06AB  :   111111111111100100000000010010000000000011100101;
	06AC  :   111111111111110100000000010010110000000011101001;
	06AD  :   111111111111011100000000010011100000000011100100;
	06AE  :   111111111111100000000000010011100000000011100101;
	06AF  :   111111111111100000000000010011000000000011100110;
	06B0  :   111111111111101000000000010011010000000011100110;
	06B1  :   111111111111100000000000010011110000000011101001;
	06B2  :   111111111111100000000000010010110000000011101101;
	06B3  :   111111111111100000000000010010010000000011100101;
	06B4  :   111111111111010100000000010010110000000011101001;
	06B5  :   111111111111010000000000010011000000000011101001;
	06B6  :   111111111111001000000000010011000000000011100110;
	06B7  :   111111111111001100000000010011010000000011101010;
	06B8  :   111111111111010100000000010010110000000011101001;
	06B9  :   111111111111001100000000010011000000000011101011;
	06BA  :   111111111111011000000000010100000000000011101001;
	06BB  :   111111111111001000000000010010110000000011100111;
	06BC  :   111111111111011100000000010010110000000011101010;
	06BD  :   111111111111100000000000010011000000000011101101;
	06BE  :   111111111111011000000000010010010000000011101001;
	06BF  :   111111111111010000000000010011000000000011110000;
	06C0  :   111111111111011000000000010100000000000011101101;
	06C1  :   111111111111100000000000010010110000000011101111;
	06C2  :   111111111111001100000000010011110000000011110011;
	06C3  :   111111111111010000000000010010100000000011101111;
	06C4  :   111111111111011100000000010011010000000011101011;
	06C5  :   111111111111100100000000010001100000000011110001;
	06C6  :   111111111111001000000000010010110000000011101111;
	06C7  :   111111111111011000000000010010010000000011110010;
	06C8  :   111111111111011000000000010011010000000011110000;
	06C9  :   111111111111011100000000010011010000000011110010;
	06CA  :   111111111111001100000000010011010000000011101110;
	06CB  :   111111111111011100000000010011010000000011101010;
	06CC  :   111111111111110000000000010100000000000011101100;
	06CD  :   111111111111110000000000010011100000000011101100;
	06CE  :   111111111111101100000000010011100000000011101000;
	06CF  :   111111111111101100000000010011010000000011101111;
	06D0  :   111111111111110100000000010011000000000011101100;
	06D1  :   111111111111101000000000010011000000000011101001;
	06D2  :   111111111111101100000000010010100000000011100110;
	06D3  :   111111111111100100000000010010100000000011100110;
	06D4  :   111111111111100100000000010010100000000011100111;
	06D5  :   111111111111010100000000010011010000000011101001;
	06D6  :   111111111111011100000000010011110000000011100110;
	06D7  :   111111111111010100000000010011000000000011101001;
	06D8  :   111111111111100100000000010011000000000011100100;
	06D9  :   111111111111101100000000010011100000000011100111;
	06DA  :   111111111111100100000000010010110000000011100101;
	06DB  :   111111111111011100000000010011100000000011101000;
	06DC  :   111111111111100000000000010011010000000011101000;
	06DD  :   111111111111011000000000010100000000000011101001;
	06DE  :   111111111111100000000000010011010000000011100100;
	06DF  :   111111111111010100000000010100100000000011100101;
	06E0  :   111111111111100100000000010011000000000011101000;
	06E1  :   111111111111100000000000010100010000000011100101;
	06E2  :   111111111111011000000000010100010000000011100110;
	06E3  :   111111111111101100000000010100010000000011100111;
	06E4  :   111111111111011000000000010011110000000011101011;
	06E5  :   111111111111011100000000010100000000000011101010;
	06E6  :   111111111111100100000000010100000000000011101000;
	06E7  :   111111111111001100000000010010100000000011100100;
	06E8  :   111111111111100000000000010100000000000011100001;
	06E9  :   111111111111100100000000010100000000000011100011;
	06EA  :   111111111111110000000000010100000000000011101001;
	06EB  :   111111111111110000000000010100000000000011100100;
	06EC  :   111111111111101100000000010100000000000011100011;
	06ED  :   111111111111110000000000010100100000000011100100;
	06EE  :   111111111111101100000000010100010000000011100011;
	06EF  :   111111111111100100000000010011110000000011101000;
	06F0  :   111111111111101100000000010011110000000011100111;
	06F1  :   111111111111011000000000010100000000000011100111;
	06F2  :   111111111111101000000000010100000000000011101001;
	06F3  :   111111111111011100000000010011110000000011100110;
	06F4  :   111111111111100100000000010011110000000011100110;
	06F5  :   111111111111011100000000010011110000000011101001;
	06F6  :   111111111111010100000000010010110000000011101011;
	06F7  :   111111111111100100000000010101100000000011101100;
	06F8  :   111111111111010100000000010011110000000011101110;
	06F9  :   111111111111000100000000010011100000000011101111;
	06FA  :   111111111111000100000000010100000000000011101111;
	06FB  :   111111111111010100000000010100010000000011101010;
	06FC  :   111111111111001100000000010100100000000011101010;
	06FD  :   111111111111101000000000010011110000000011100111;
	06FE  :   111111111111000100000000010011110000000011101100;
	06FF  :   111111111111011000000000010100000000000011101001;
	0700  :   111111111111011100000000010011110000000011100110;
	0701  :   111111111111011000000000010100000000000011101001;
	0702  :   111111111111010000000000010011100000000011100011;
	0703  :   111111111111100000000000010011000000000011101000;
	0704  :   111111111111010000000000010010100000000011101000;
	0705  :   111111111111010100000000010100100000000011101010;
	0706  :   111111111111011100000000010100010000000011100111;
	0707  :   111111111111100100000000010011110000000011100010;
	0708  :   111111111111011000000000010011110000000011101001;
	0709  :   111111111111011000000000010100010000000011101010;
	070A  :   111111111111011000000000010011010000000011100111;
	070B  :   111111111111100100000000010100000000000011100100;
	070C  :   111111111111011100000000010011000000000011100100;
	070D  :   111111111111001000000000010011010000000011100111;
	070E  :   111111111111100000000000010010110000000011101000;
	070F  :   111111111111100100000000010100000000000011100111;
	0710  :   111111111111011000000000010100000000000011101000;
	0711  :   111111111111011000000000010011010000000011101011;
	0712  :   111111111111101100000000010010100000000011100111;
	0713  :   111111111111010100000000010010100000000011100111;
	0714  :   111111111111001000000000010011110000000011101100;
	0715  :   111111111111011000000000010100100000000011100111;
	0716  :   111111111111100000000000010100010000000011101010;
	0717  :   111111111111010000000000010011100000000011101010;
	0718  :   111111111111110000000000010011110000000011101100;
	0719  :   111111111111010100000000010011100000000011101010;
	071A  :   111111111111100000000000010011100000000011101010;
	071B  :   111111111111011000000000010100010000000011101101;
	071C  :   111111111111100100000000010100110000000011110000;
	071D  :   111111111111011100000000010011100000000011101101;
	071E  :   111111111111101000000000010100000000000011101011;
	071F  :   111111111111011100000000010011100000000011101001;
	0720  :   111111111111100100000000010010010000000011100110;
	0721  :   111111111111101100000000010011100000000011100101;
	0722  :   111111111111101000000000010100000000000011101011;
	0723  :   111111111111101000000000010010010000000011100101;
	0724  :   111111111111010100000000010011000000000011100110;
	0725  :   111111111111011100000000010010110000000011101101;
	0726  :   111111111111101000000000010010100000000011101010;
	0727  :   111111111111010100000000010011100000000011100111;
	0728  :   111111111111110100000000010011010000000011101011;
	0729  :   111111111111011100000000010010100000000011101001;
	072A  :   111111111111011100000000010100000000000011101010;
	072B  :   111111111111101000000000010011000000000011101000;
	072C  :   111111111111011100000000010011010000000011101000;
	072D  :   111111111111011000000000010100000000000011100110;
	072E  :   111111111111011100000000010011100000000011101000;
	072F  :   111111111111011000000000010011100000000011101001;
	0730  :   111111111111011100000000010100000000000011100101;
	0731  :   111111111111100000000000010100000000000011101100;
	0732  :   111111111111100000000000010100100000000011101001;
	0733  :   111111111111101100000000010100000000000011101000;
	0734  :   111111111111011100000000010100000000000011101010;
	0735  :   111111111111011100000000010011100000000011101000;
	0736  :   111111111111010100000000010100000000000011101001;
	0737  :   111111111111010100000000010011100000000011100110;
	0738  :   111111111111001100000000010011010000000011101000;
	0739  :   111111111111010000000000010011100000000011100101;
	073A  :   111111111111011100000000010010110000000011101011;
	073B  :   111111111111001100000000010011010000000011101101;
	073C  :   111111111111010100000000010011000000000011101101;
	073D  :   111111111111010100000000010011100000000011101110;
	073E  :   111111111111011100000000010011100000000011110001;
	073F  :   111111111111100000000000010100010000000011110000;
	0740  :   111111111111100100000000010100000000000011101100;
	0741  :   111111111111100000000000010011010000000011101000;
	0742  :   111111111111010100000000010101010000000011101100;
	0743  :   111111111111100000000000010011010000000011101000;
	0744  :   111111111111100100000000010010110000000011101000;
	0745  :   111111111111011100000000010011100000000011100011;
	0746  :   111111111111011000000000010011000000000011101011;
	0747  :   111111111111010000000000010011110000000011100111;
	0748  :   111111111111100000000000010100000000000011101100;
	0749  :   111111111111100000000000010100100000000011100111;
	074A  :   111111111111100100000000010010110000000011101100;
	074B  :   111111111111001100000000010010010000000011101101;
	074C  :   111111111111010000000000010010110000000011101000;
	074D  :   111111111111100100000000010010000000000011100110;
	074E  :   111111111111101100000000010010000000000011101000;
	074F  :   111111111111010000000000010011100000000011101000;
	0750  :   111111111111010100000000010100000000000011101101;
	0751  :   111111111111100100000000010100000000000011101011;
	0752  :   111111111111011100000000010011100000000011101111;
	0753  :   111111111111001100000000010011100000000011101010;
	0754  :   111111111111010000000000010011010000000011101010;
	0755  :   111111111111001100000000010010110000000011101010;
	0756  :   111111111111100100000000010011010000000011101101;
	0757  :   111111111111101000000000010100110000000011101000;
	0758  :   111111111111101000000000010011000000000011100111;
	0759  :   111111111111101100000000010011010000000011101101;
	075A  :   111111111111100000000000010011110000000011100111;
	075B  :   111111111111101100000000010011000000000011100011;
	075C  :   111111111111110100000000010011110000000011101100;
	075D  :   111111111111100000000000010011010000000011101001;
	075E  :   111111111111011100000000010011010000000011101100;
	075F  :   111111111111011000000000010011000000000011101100;
	0760  :   111111111111001000000000010011100000000011101000;
	0761  :   111111111111011100000000010011010000000011100011;
	0762  :   111111111111010100000000010011000000000011101101;
	0763  :   111111111111010000000000010011100000000011101101;
	0764  :   111111111111010100000000010010000000000011100111;
	0765  :   111111111111001000000000010010110000000011101011;
	0766  :   111111111111100000000000010100010000000011110000;
	0767  :   111111111111100100000000010011010000000011101101;
	0768  :   111111111111100100000000010010100000000011101010;
	0769  :   111111111111111000000000010010100000000011100101;
	076A  :   111111111111010100000000010011110000000011101000;
	076B  :   111111111111011000000000010011010000000011100010;
	076C  :   111111111111010000000000010011010000000011100100;
	076D  :   111111111111010000000000010100000000000011101000;
	076E  :   111111111111100000000000010010110000000011100101;
	076F  :   111111111111010000000000010010100000000011101000;
	0770  :   111111111111000100000000010011010000000011100100;
	0771  :   111111111111010000000000010100010000000011101000;
	0772  :   111111111111011100000000010011100000000011101010;
	0773  :   111111111111001100000000010010100000000011101100;
	0774  :   111111111111011100000000010010110000000011101011;
	0775  :   111111111111011100000000010011010000000011101110;
	0776  :   111111111111000100000000010011110000000011101100;
	0777  :   111111111111000000000000010100010000000011101111;
	0778  :   111111111111010100000000010011100000000011110000;
	0779  :   111111111111100100000000010011000000000011110110;
	077A  :   111111111111010100000000010011000000000011110000;
	077B  :   111111111111100100000000010100000000000011101101;
	077C  :   111111111111100100000000010011110000000011110010;
	077D  :   111111111111011100000000010011100000000011101110;
	077E  :   111111111111011000000000010011100000000011101010;
	077F  :   111111111111011100000000010010100000000011101000;
	0780  :   111111111111011000000000010011010000000011100110;
	0781  :   111111111111101100000000010011010000000011100000;
	0782  :   111111111111100000000000010011110000000011100111;
	0783  :   111111111111100000000000010010010000000011101001;
	0784  :   111111111111011100000000010011100000000011101010;
	0785  :   111111111111100000000000010011100000000011101011;
	0786  :   111111111111101100000000010011100000000011101010;
	0787  :   111111111111110100000000010010010000000011101001;
	0788  :   111111111111010000000000010011100000000011100101;
	0789  :   111111111111100000000000010010110000000011101000;
	078A  :   111111111111001100000000010010100000000011100111;
	078B  :   111111111111100100000000010100000000000011100110;
	078C  :   111111111111100000000000010011110000000011100000;
	078D  :   111111111111100000000000010010000000000011100101;
	078E  :   111111111111011100000000010010010000000011100101;
	078F  :   111111111111110000000000010011010000000011100011;
	0790  :   111111111111011000000000010011000000000011100100;
	0791  :   111111111111100000000000010011000000000011100001;
	0792  :   111111111111001100000000010010110000000011100100;
	0793  :   111111111111101000000000010010000000000011101100;
	0794  :   111111111111011000000000010011000000000011101010;
	0795  :   111111111111100000000000010011000000000011101000;
	0796  :   111111111111100100000000010100010000000011101011;
	0797  :   111111111111100000000000010011000000000011101101;
	0798  :   111111111111000000000000010011000000000011101010;
	0799  :   111111111111011000000000010011010000000011110100;
	079A  :   111111111111001100000000010010010000000011110000;
	079B  :   111111111111100000000000010100010000000011110010;
	079C  :   111111111111000100000000010011000000000011110001;
	079D  :   111111111111010000000000010011010000000011110010;
	079E  :   111111111111100100000000010011000000000011110001;
	079F  :   111111111111101000000000010011010000000011101111;
	07A0  :   111111111111011100000000010011100000000011101110;
	07A1  :   111111111111011100000000010011100000000011101101;
	07A2  :   111111111111000100000000010010110000000011101000;
	07A3  :   111111111111100000000000010010100000000011101010;
	07A4  :   111111111111011100000000010011000000000011100100;
	07A5  :   111111111111101000000000010011010000000011101000;
	07A6  :   111111111111100000000000010011010000000011101000;
	07A7  :   111111111111011000000000010011100000000011101000;
	07A8  :   111111111111111000000000010010110000000011100101;
	07A9  :   111111111111011100000000010011110000000011100010;
	07AA  :   111111111111100000000000010011000000000011101000;
	07AB  :   111111111111010100000000010011110000000011100111;
	07AC  :   111111111111010000000000010010110000000011100110;
	07AD  :   111111111111011100000000010001110000000011100010;
	07AE  :   111111111111010000000000010011010000000011100110;
	07AF  :   111111111111011100000000010010000000000011100101;
	07B0  :   111111111111011000000000010011010000000011100100;
	07B1  :   111111111111010000000000010011110000000011101011;
	07B2  :   111111111111100100000000010011100000000011101100;
	07B3  :   111111111111100000000000010010010000000011101100;
	07B4  :   111111111111101100000000010011110000000011101100;
	07B5  :   111111111111100100000000010011000000000011101101;
	07B6  :   111111111111101100000000010011110000000011101011;
	07B7  :   111111111111010100000000010010110000000011101011;
	07B8  :   111111111111011100000000010011100000000011101000;
	07B9  :   111111111111010000000000010011010000000011100111;
	07BA  :   111111111111011100000000010011100000000011101101;
	07BB  :   111111111111011100000000010100000000000011101111;
	07BC  :   111111111111010100000000010011000000000011101000;
	07BD  :   111111111111100000000000010010100000000011101100;
	07BE  :   111111111111100000000000010011000000000011101111;
	07BF  :   111111111111101000000000010011110000000011100111;
	07C0  :   111111111111110000000000010010110000000011101000;
	07C1  :   111111111111101100000000010010110000000011101110;
	07C2  :   111111111111101000000000010011110000000011101011;
	07C3  :   111111111111100000000000010011110000000011101010;
	07C4  :   111111111111011000000000010011100000000011101101;
	07C5  :   111111111111011000000000010010100000000011100111;
	07C6  :   111111111111001100000000010010110000000011101100;
	07C7  :   111111111111010100000000010010110000000011101111;
	07C8  :   111111111111100100000000010011100000000011101101;
	07C9  :   111111111111010000000000010100000000000011101011;
	07CA  :   111111111111011100000000010010110000000011101111;
	07CB  :   111111111111101100000000010011010000000011101000;
	07CC  :   111111111111010000000000010010110000000011101001;
	07CD  :   111111111111100000000000010100010000000011100101;
	07CE  :   111111111111010100000000010100000000000011100111;
	07CF  :   111111111111100100000000010011110000000011101010;
	07D0  :   111111111111011000000000010100000000000011101001;
	07D1  :   111111111111010000000000010010010000000011100101;
	07D2  :   111111111111010100000000010011000000000011100011;
	07D3  :   111111111111100100000000010100100000000011101000;
	07D4  :   111111111111100100000000010011100000000011101010;
	07D5  :   111111111111101100000000010011100000000011101011;
	07D6  :   111111111111010000000000010100000000000011101100;
	07D7  :   111111111111010100000000010011100000000011101100;
	07D8  :   111111111111101100000000010100000000000011101010;
	07D9  :   111111111111011000000000010011000000000011100110;
	07DA  :   111111111111101000000000010011100000000011101101;
	07DB  :   111111111111001100000000010011010000000011101010;
	07DC  :   111111111111011000000000010010110000000011101001;
	07DD  :   111111111111010000000000010010100000000011101001;
	07DE  :   111111111111100100000000010010100000000011101110;
	07DF  :   111111111111010100000000010011010000000011101100;
	07E0  :   111111111111000000000000010011000000000011101001;
	07E1  :   111111111111100000000000010011000000000011101100;
	07E2  :   111111111111100100000000010010010000000011101110;
	07E3  :   111111111111011000000000010010110000000011101011;
	07E4  :   111111111111010000000000010011000000000011110000;
	07E5  :   111111111111010100000000010011100000000011101101;
	07E6  :   111111111111010000000000010010100000000011101111;
	07E7  :   111111111111011000000000010011010000000011101010;
	07E8  :   111111111111101000000000010010100000000011101110;
	07E9  :   111111111111010100000000010010010000000011100111;
	07EA  :   111111111111011100000000010010110000000011100110;
	07EB  :   111111111111011000000000010010100000000011101101;
	07EC  :   111111111111011000000000010011000000000011101110;
	07ED  :   111111111111101000000000010011000000000011100111;
	07EE  :   111111111111101000000000010011010000000011100110;
	07EF  :   111111111111000100000000010011110000000011101000;
	07F0  :   111111111111100000000000010100000000000011101000;
	07F1  :   111111111111010100000000010010110000000011100110;
	07F2  :   111111111111100100000000010010100000000011101001;
	07F3  :   111111111111011000000000010010110000000011101010;
	07F4  :   111111111111011000000000010010010000000011101000;
	07F5  :   111111111111100000000000010011000000000011100110;
	07F6  :   111111111111001100000000010100000000000011101110;
	07F7  :   111111111111001100000000010011010000000011101011;
	07F8  :   111111111111001100000000010100010000000011101110;
	07F9  :   111111111111100000000000010011010000000011101001;
	07FA  :   111111111111011000000000010010000000000011101110;
	07FB  :   111111111111010100000000010010100000000011110010;
	07FC  :   111111111111100100000000010011000000000011110001;
	07FD  :   111111111111110000000000010011010000000011101110;
	07FE  :   111111111111010100000000010011000000000011101110;
	07FF  :   111111111111110000000000010010110000000011101110;
	0800  :   111111111111100100000000010010100000000011100111;
	0801  :   111111111111100000000000010010110000000011100110;
	0802  :   111111111111100000000000010011100000000011101000;
	0803  :   111111111111011100000000010010010000000011101000;
	0804  :   111111111111010100000000010010110000000011100011;
	0805  :   111111111111011000000000010010110000000011100010;
	0806  :   111111111111100000000000010010000000000011100001;
	0807  :   111111111111100100000000010011000000000011100001;
	0808  :   111111111111100000000000010100000000000011011010;
	0809  :   111111111111011000000000010010100000000011011011;
	080A  :   111111111111101000000000010001000000000011011010;
	080B  :   111111111111111000000000010011010000000011100000;
	080C  :   111111111111010000000000010010010000000011011110;
	080D  :   111111111111010000000000010010110000000011100000;
	080E  :   111111111111001100000000010001110000000011101001;
	080F  :   111111111111001100000000010010110000000011100111;
	0810  :   111111111111000100000000010010100000000011101100;
	0811  :   111111111111000100000000010011110000000011110011;
	0812  :   111111111110101100000000010011010000000011110000;
	0813  :   111111111110101100000000010010100000000011110110;
	0814  :   111111111110101000000000010011100000000011110111;
	0815  :   111111111110101100000000010011000000000011110101;
	0816  :   111111111110110100000000010100000000000011110111;
	0817  :   111111111110110100000000010100000000000011110100;
	0818  :   111111111110101100000000010011110000000011110110;
	0819  :   111111111110101100000000010100010000000011110110;
	081A  :   111111111110110100000000010011100000000011110000;
	081B  :   111111111111000100000000010100000000000011110011;
	081C  :   111111111111001000000000010010110000000011110011;
	081D  :   111111111111000000000000010011000000000011110001;
	081E  :   111111111111010100000000010011100000000011110010;
	081F  :   111111111111001100000000010010100000000011101001;
	0820  :   111111111111010000000000010010110000000011101001;
	0821  :   111111111111100000000000010001100000000011100111;
	0822  :   111111111111001100000000010010100000000011100101;
	0823  :   111111111111001100000000010010000000000011100110;
	0824  :   111111111111010100000000010011110000000011100110;
	0825  :   111111111111000100000000010011000000000011100101;
	0826  :   111111111111001000000000010010110000000011100110;
	0827  :   111111111111010000000000010011100000000011100101;
	0828  :   111111111111001000000000010010100000000011100101;
	0829  :   111111111111000100000000010010110000000011100101;
	082A  :   111111111111001000000000010010000000000011100010;
	082B  :   111111111111010000000000010001110000000011101010;
	082C  :   111111111111011100000000010010000000000011100010;
	082D  :   111111111111001100000000010001110000000011100010;
	082E  :   111111111111001000000000010001110000000011100000;
	082F  :   111111111110111100000000010010010000000011011100;
	0830  :   111111111110111100000000010010010000000011100100;
	0831  :   111111111111001100000000010010010000000011100111;
	0832  :   111111111111011100000000010011010000000011100111;
	0833  :   111111111111010100000000010011110000000011100101;
	0834  :   111111111111000100000000010100000000000011101001;
	0835  :   111111111111001000000000010011010000000011101101;
	0836  :   111111111111010100000000010011100000000011101001;
	0837  :   111111111111000000000000010011000000000011100111;
	0838  :   111111111111001000000000010010110000000011101101;
	0839  :   111111111111001100000000010011000000000011101010;
	083A  :   111111111111001100000000010010010000000011101111;
	083B  :   111111111111010000000000010010100000000011101110;
	083C  :   111111111111000000000000010010010000000011110100;
	083D  :   111111111110111000000000010010000000000011101111;
	083E  :   111111111111000000000000010010000000000011110000;
	083F  :   111111111111001100000000010010100000000011110100;
	0840  :   111111111111001000000000010010100000000011101111;
	0841  :   111111111110111100000000010010110000000011110011;
	0842  :   111111111111000000000000010010100000000011110101;
	0843  :   111111111111000100000000010011000000000011111001;
	0844  :   111111111111000000000000010010100000000011110001;
	0845  :   111111111111001100000000010010100000000011111001;
	0846  :   111111111111000100000000010001110000000011110001;
	0847  :   111111111111001100000000010010000000000011110001;
	0848  :   111111111111010000000000010001000000000011110001;
	0849  :   111111111111001000000000010010010000000011101101;
	084A  :   111111111111001100000000010010010000000011101000;
	084B  :   111111111111001000000000010001100000000011101100;
	084C  :   111111111111010100000000010001110000000011101011;
	084D  :   111111111111010000000000010001100000000011100111;
	084E  :   111111111111001100000000010010000000000011100110;
	084F  :   111111111111000100000000010010000000000011100010;
	0850  :   111111111111011000000000010010000000000011100110;
	0851  :   111111111110111100000000010011000000000011100100;
	0852  :   111111111111001000000000010010000000000011100110;
	0853  :   111111111111100000000000010010000000000011100100;
	0854  :   111111111111010100000000010001000000000011100001;
	0855  :   111111111111001100000000010001100000000011100011;
	0856  :   111111111111100100000000010010000000000011100010;
	0857  :   111111111111010000000000010010010000000011100001;
	0858  :   111111111111100000000000010010010000000011100100;
	0859  :   111111111111101000000000010010010000000011101000;
	085A  :   111111111111010100000000010010010000000011100100;
	085B  :   111111111111100100000000010001110000000011101001;
	085C  :   111111111111010000000000010010010000000011100011;
	085D  :   111111111111100100000000010001100000000011101101;
	085E  :   111111111111100000000000010001100000000011101000;
	085F  :   111111111111010100000000010010100000000011101111;
	0860  :   111111111111100000000000010001010000000011101111;
	0861  :   111111111111010100000000010010000000000011101111;
	0862  :   111111111111011100000000010001100000000011111000;
	0863  :   111111111111001100000000010001100000000011110010;
	0864  :   111111111111001000000000010010010000000011111001;
	0865  :   111111111111000100000000010001110000000011110101;
	0866  :   111111111111010000000000010010000000000011110110;
	0867  :   111111111111000100000000010010110000000011110011;
	0868  :   111111111111000100000000010010110000000011110100;
	0869  :   111111111111000000000000010011100000000011110100;
	086A  :   111111111111000100000000010011100000000011110110;
	086B  :   111111111111000100000000010001110000000011110100;
	086C  :   111111111111010100000000010001110000000011111000;
	086D  :   111111111111001100000000010010010000000011110010;
	086E  :   111111111110111100000000010001110000000011110001;
	086F  :   111111111111001100000000010001010000000011110100;
	0870  :   111111111111001000000000010010110000000011110011;
	0871  :   111111111111001100000000010010010000000011110001;
	0872  :   111111111111000100000000010001100000000011110000;
	0873  :   111111111111001100000000010001100000000011101101;
	0874  :   111111111111001000000000010010010000000011101011;
	0875  :   111111111110111000000000010001010000000011101010;
	0876  :   111111111111001100000000010010010000000011100110;
	0877  :   111111111111000100000000010001100000000011101010;
	0878  :   111111111111001000000000010010100000000011101010;
	0879  :   111111111111001100000000010001110000000011101001;
	087A  :   111111111111000100000000010001010000000011100111;
	087B  :   111111111111000100000000010010100000000011101000;
	087C  :   111111111111000100000000010001000000000011101001;
	087D  :   111111111110111100000000010010110000000011100100;
	087E  :   111111111110111100000000010010000000000011101010;
	087F  :   111111111110111100000000010010110000000011100111;
	0880  :   111111111110110000000000010010010000000011100100;
	0881  :   111111111110111100000000010010010000000011100111;
	0882  :   111111111110111000000000010010110000000011100110;
	0883  :   111111111110111000000000010011110000000011101100;
	0884  :   111111111111000100000000010010110000000011101000;
	0885  :   111111111110111000000000010010010000000011101010;
	0886  :   111111111110111000000000010010100000000011101001;
	0887  :   111111111111000100000000010011000000000011101011;
	0888  :   111111111110111100000000010010100000000011101001;
	0889  :   111111111110110100000000010011000000000011101010;
	088A  :   111111111111000100000000010010000000000011101100;
	088B  :   111111111111000000000000010001110000000011101100;
	088C  :   111111111111001100000000010010100000000011101010;
	088D  :   111111111111010000000000010010100000000011101101;
	088E  :   111111111111001000000000010011000000000011100100;
	088F  :   111111111111010000000000010001100000000011101000;
	0890  :   111111111111001100000000010001110000000011101000;
	0891  :   111111111111001000000000010001100000000011100110;
	0892  :   111111111111000100000000010010100000000011100011;
	0893  :   111111111111001100000000010001100000000011101101;
	0894  :   111111111111001000000000010010110000000011101001;
	0895  :   111111111111100000000000010001110000000011101000;
	0896  :   111111111110111100000000010010100000000011101000;
	0897  :   111111111111000100000000010010100000000011101110;
	0898  :   111111111111001100000000010010010000000011101010;
	0899  :   111111111111010000000000010010010000000011101001;
	089A  :   111111111111000100000000010100010000000011100100;
	089B  :   111111111111000100000000010001110000000011101100;
	089C  :   111111111111000100000000010010000000000011101011;
	089D  :   111111111111001100000000010011110000000011101011;
	089E  :   111111111111000100000000010010100000000011101111;
	089F  :   111111111111001100000000010010000000000011101010;
	08A0  :   111111111111000000000000010010100000000011101111;
	08A1  :   111111111111001100000000010010000000000011110010;
	08A2  :   111111111111000000000000010001000000000011110100;
	08A3  :   111111111111001000000000010010110000000011110111;
	08A4  :   111111111111011100000000010010010000000011111101;
	08A5  :   111111111111010100000000010011010000000100000010;
	08A6  :   111111111111011100000000010001110000000100000110;
	08A7  :   111111111111000100000000010001110000000100000100;
	08A8  :   111111111111011000000000010010110000000100001000;
	08A9  :   111111111111001100000000010001110000000100000001;
	08AA  :   111111111111001000000000010001010000000100000001;
	08AB  :   111111111111010000000000010001000000000100000001;
	08AC  :   111111111111010000000000001111110000000011111110;
	08AD  :   111111111111001000000000010000000000000011111010;
	08AE  :   111111111110111100000000010000000000000011111001;
	08AF  :   111111111111011000000000001111110000000011110100;
	08B0  :   111111111111011100000000001101110000000011110001;
	08B1  :   111111111111100000000000001101010000000011100111;
	08B2  :   000000000000001100000000001011100000000011100101;
	08B3  :   000000000000001000000000001100000000000011100000;
	08B4  :   000000000000000000000000001100010000000011011100;
	08B5  :   000000000000010000000000001011110000000011010111;
	08B6  :   000000000000000100000000001011100000000011010010;
	08B7  :   000000000000000100000000001011100000000011001111;
	08B8  :   111111111111111100000000001110000000000011001100;
	08B9  :   111111111111110100000000001111100000000011001101;
	08BA  :   000000000000011100000000001100100000000010001101;
	08BB  :   111111111110100000000000010110101111111100011000;
	08BC  :   111111111100001000000000100011101111111111110111;
	08BD  :   000000000001000000000000010100010000000001110011;
	08BE  :   000000000011001000000000000101100000000001111011;
	08BF  :   000000000000001100000000000001100000000011000000;
	08C0  :   111111111101101100000000000010010000000011100010;
	08C1  :   111111111011111000000000001001000000000100011011;
	08C2  :   111111111011000100000000010001110000000100100000;
	08C3  :   111111111011011000000000010111000000000100110000;
	08C4  :   111111111100001000000000011100010000000100011000;
	08C5  :   111111111101000100000000100000100000000100001011;
	08C6  :   111111111101111000000000100001110000000011111100;
	08C7  :   111111111110011000000000100010110000000100001110;
	08C8  :   111111111111000000000000100001000000000100100001;
	08C9  :   111111111111101000000000100001000000000101000000;
	08CA  :   000000000000010000000000011111110000000101011101;
	08CB  :   000000000000001100000000011111000000000101111101;
	08CC  :   000000000000010100000000011111010000000101111111;
	08CD  :   000000000000011100000000011110100000000110001110;
	08CE  :   000000000000101000000000011110100000000110001111;
	08CF  :   000000000000001000000000011110010000000110000111;
	08D0  :   000000000000010000000000011110010000000110001000;
	08D1  :   000000000000010100000000011110100000000110000101;
	08D2  :   000000000000010100000000011111010000000110001001;
	08D3  :   000000000000001000000000011101010000000101111111;
	08D4  :   000000000000000100000000011101010000000101110100;
	08D5  :   000000000000010000000000011100010000000101101001;
	08D6  :   000000000000011100000000011011100000000101011010;
	08D7  :   000000000000011000000000011011110000000101001000;
	08D8  :   000000000000100000000000011001110000000100111001;
	08D9  :   000000000000011100000000011000100000000100100011;
	08DA  :   000000000000011100000000010100110000000100010100;
	08DB  :   000000000000010100000000010110000000000011111010;
	08DC  :   000000000000000100000000010101010000000011101101;
	08DD  :   000000000000011100000000010101100000000011001001;
	08DE  :   000000000000010000000000010000100000000010110111;
	08DF  :   000000000000100000000000001010100000000010100001;
	08E0  :   000000000000111100000000001010010000000010010001;
	08E1  :   000000000001001100000000001001100000000010000110;
	08E2  :   000000000001011000000000001010000000000001111001;
	08E3  :   000000000001011100000000001010110000000001100111;
	08E4  :   000000000001010000000000001010100000000001011000;
	08E5  :   000000000001010000000000001011100000000001001100;
	08E6  :   000000000001000000000000001100110000000001000110;
	08E7  :   000000000001010100000000001110100000000000111011;
	08E8  :   000000000000111100000000001111000000000000110010;
	08E9  :   000000000000111100000000010000000000000000101101;
	08EA  :   000000000000100000000000010000110000000000101011;
	08EB  :   000000000000001000000000010001100000000000111001;
	08EC  :   000000000000010000000000010010000000000001000001;
	08ED  :   000000000000010100000000010010110000000001010011;
	08EE  :   111111111111111000000000010001000000000001100111;
	08EF  :   111111111111100000000000010010010000000010000100;
	08F0  :   000000000000000000000000010101100000000010100100;
	08F1  :   111111111111110000000000010101110000000011001000;
	08F2  :   111111111111111000000000010110100000000011101100;
	08F3  :   111111111111110000000000010110100000000100010001;
	08F4  :   000000000000011000000000010111000000000100101110;
	08F5  :   000000000001000000000000010111110000000101000111;
	08F6  :   000000000001100000000000010111010000000101001001;
	08F7  :   000000000001010100000000010110110000000101000001;
	08F8  :   000000000001010100000000010101010000000100101100;
	08F9  :   000000000000011100000000010011000000000100011011;
	08FA  :   000000000000001000000000010000110000000100001010;
	08FB  :   111111111111110000000000010000000000000100000100;
	08FC  :   111111111111110100000000001110100000000100000011;
	08FD  :   111111111111101100000000001111110000000100000011;
	08FE  :   111111111111100000000000010000000000000011111111;
	08FF  :   111111111111100100000000010001000000000011111101;
	0900  :   111111111111101000000000010001000000000011110001;
	0901  :   111111111111101000000000010001100000000011101000;
	0902  :   000000000000100100000000001110110000000010000000;
	0903  :   111111111110101000000000010011011111111100001110;
	0904  :   111111111100001100000000011100101111111101101110;
	0905  :   000000000000011100000000001111110000000001010110;
	0906  :   000000000000011000000000001000100000000010100000;
	0907  :   111111111101101000000000001010010000000011010110;
	0908  :   111111111011101000000000001110110000000010111111;
	0909  :   111111111010110100000000010101000000000011100011;
	090A  :   111111111100001000000000011001110000000011101110;
	090B  :   111111111100101000000000011110010000000011110111;
	090C  :   111111111100111000000000100000100000000011110110;
	090D  :   111111111101000000000000100001010000000011100110;
	090E  :   111111111101010000000000100000010000000011110001;
	090F  :   111111111110010000000000011110100000000100001000;
	0910  :   111111111111011000000000011101110000000100110010;
	0911  :   111111111111111100000000011101110000000101010101;
	0912  :   000000000000011000000000011111000000000101101101;
	0913  :   000000000000011100000000011111110000000101110110;
	0914  :   000000000000001100000000100001100000000110000110;
	0915  :   000000000000011000000000100010110000000110010001;
	0916  :   000000000000001000000000100001110000000110011010;
	0917  :   000000000000010100000000100001000000000110011010;
	0918  :   000000000000100100000000100001010000000110100000;
	0919  :   000000000000101000000000100000100000000110011011;
	091A  :   000000000000100100000000011111000000000110001110;
	091B  :   000000000000111100000000011111000000000110000111;
	091C  :   000000000001000100000000011110110000000101111000;
	091D  :   000000000000101100000000011100110000000101101100;
	091E  :   000000000000100100000000011010100000000101100011;
	091F  :   000000000000101100000000011001100000000101001110;
	0920  :   000000000000111100000000011000110000000101000100;
	0921  :   000000000001010000000000010111000000000100110001;
	0922  :   000000000001010000000000010101110000000100100000;
	0923  :   000000000001100000000000010100110000000100001110;
	0924  :   000000000001010100000000010100010000000011111100;
	0925  :   000000000001100100000000010001100000000011101110;
	0926  :   000000000001000000000000010001010000000011011100;
	0927  :   000000000000100000000000001111010000000011000110;
	0928  :   000000000000110000000000001100000000000010100010;
	0929  :   000000000001101000000000000100100000000010001100;
	092A  :   000000000001011000000000000101000000000001111111;
	092B  :   000000000000110000000000000110000000000001110001;
	092C  :   000000000000001000000000001000010000000001011111;
	092D  :   111111111111111100000000001000000000000001011100;
	092E  :   111111111111111000000000001001110000000001010000;
	092F  :   111111111111111000000000001011100000000001001100;
	0930  :   111111111111101100000000001110100000000001000000;
	0931  :   111111111111100000000000010000000000000001000100;
	0932  :   111111111111011000000000010001000000000001000001;
	0933  :   111111111111000000000000010010010000000001000100;
	0934  :   111111111110110000000000010011110000000001001101;
	0935  :   111111111110110000000000010011110000000001011001;
	0936  :   111111111111010100000000010100100000000001101100;
	0937  :   111111111110110000000000010100110000000001111010;
	0938  :   111111111110111100000000010100110000000010010011;
	0939  :   111111111110110000000000010100000000000010100100;
	093A  :   111111111110110100000000010100100000000010110001;
	093B  :   111111111110110100000000010101100000000010111101;
	093C  :   111111111110111100000000010101100000000011001110;
	093D  :   111111111111001000000000010111000000000011100000;
	093E  :   111111111111001100000000010110010000000011101101;
	093F  :   111111111111100000000000010110000000000011110011;
	0940  :   111111111111101100000000010101110000000100000001;
	0941  :   111111111111111100000000010111100000000100001000;
	0942  :   000000000000001100000000010111100000000100010010;
	0943  :   000000000000001000000000010111010000000100011010;
	0944  :   000000000000000100000000011000100000000100100000;
	0945  :   000000000000010100000000011000010000000100100111;
	0946  :   000000000000001100000000010111010000000100100111;
	0947  :   000000000000010000000000010101110000000100101111;
	0948  :   000000000000001100000000010110110000000100110001;
	0949  :   000000000000000000000000010101000000000100101001;
	094A  :   000000000000000100000000010011100000000100110001;
	094B  :   000000000000001000000000010011100000000100101111;
	094C  :   111111111111101000000000010010110000000100101101;
	094D  :   111111111111101000000000010001110000000100101001;
	094E  :   111111111111011100000000010010110000000100101010;
	094F  :   111111111111011000000000010001010000000100100000;
	0950  :   111111111111010100000000010001100000000100100111;
	0951  :   111111111111001100000000010000110000000100010010;
	0952  :   111111111110110000000000010001000000000100011000;
	0953  :   111111111110101000000000010000010000000100010000;
	0954  :   111111111110110000000000001111100000000100001100;
	0955  :   111111111110110100000000001111100000000100000101;
	0956  :   111111111110110100000000010000010000000100000011;
	0957  :   111111111110110000000000001111100000000011111100;
	0958  :   111111111110111100000000001111000000000011110011;
	0959  :   111111111110111100000000001111000000000011101101;
	095A  :   111111111110111000000000001111100000000011100110;
	095B  :   111111111111001100000000001111100000000011100111;
	095C  :   111111111110111100000000001111010000000011100000;
	095D  :   111111111111000000000000001111110000000011011001;
	095E  :   111111111111010000000000001111010000000011010110;
	095F  :   111111111111001000000000010000000000000011010101;
	0960  :   111111111111010100000000010000010000000011010111;
	0961  :   111111111111010100000000001111110000000011010101;
	0962  :   111111111111011000000000010000000000000011010110;
	0963  :   111111111111100000000000001111010000000011010100;
	0964  :   111111111111110000000000010000100000000011001111;
	0965  :   111111111111101000000000010000000000000011010111;
	0966  :   111111111111100100000000010000110000000011010110;
	0967  :   000000000000000000000000010000110000000011001111;
	0968  :   000000000000001100000000010000100000000011011100;
	0969  :   000000000000000100000000010000100000000011011110;
	096A  :   111111111111111000000000010001000000000011100001;
	096B  :   000000000000000000000000010010110000000011100111;
	096C  :   111111111111111100000000010010010000000011101011;
	096D  :   111111111111100000000000010010010000000011101000;
	096E  :   111111111111101000000000010011110000000011110001;
	096F  :   111111111111100000000000010011010000000011110110;
	0970  :   111111111111101000000000010011100000000011111010;
	0971  :   111111111111110000000000010011110000000011111001;
	0972  :   111111111111110000000000010011100000000011111010;
	0973  :   111111111111100000000000010100100000000011111000;
	0974  :   111111111111101000000000010010110000000011111001;
	0975  :   111111111111100000000000010011100000000011111101;
	0976  :   111111111111101000000000010011110000000011111001;
	0977  :   111111111111101000000000010011010000000011111000;
	0978  :   111111111111110000000000010011010000000011111100;
	0979  :   111111111111101100000000010010100000000011110111;
	097A  :   111111111111101100000000010011010000000011111000;
	097B  :   111111111111011000000000010011110000000011110000;
	097C  :   111111111111011000000000010100000000000011110001;
	097D  :   111111111111101100000000010011000000000011101110;
	097E  :   111111111111101000000000010010100000000011101111;
	097F  :   111111111111011100000000010011000000000011101101;
	0980  :   111111111111110100000000010100100000000011101101;
	0981  :   111111111111101100000000010010110000000011101100;
	0982  :   111111111111010100000000010010000000000011101011;
	0983  :   111111111111010000000000010010010000000011101001;
	0984  :   111111111111100000000000010010010000000011101001;
	0985  :   111111111111011000000000010010000000000011101100;
	0986  :   111111111111110000000000010010100000000011101011;
	0987  :   111111111111011000000000010001000000000011101000;
	0988  :   111111111111010000000000010010100000000011101011;
	0989  :   111111111111000100000000010001110000000011101001;
	098A  :   111111111111100000000000010001100000000011101000;
	098B  :   111111111111101100000000010001110000000011100111;
	098C  :   111111111111101000000000010001110000000011100101;
	098D  :   111111111111011000000000010010100000000011101000;
	098E  :   111111111111001100000000010001010000000011101010;
	098F  :   111111111111010000000000010001010000000011100101;
	0990  :   111111111111001000000000010001100000000011100110;
	0991  :   111111111111001100000000010010000000000011101000;
	0992  :   111111111111010000000000010001000000000011100011;
	0993  :   111111111111100000000000010001000000000011101000;
	0994  :   111111111111011000000000010001110000000011101001;
	0995  :   111111111111100000000000010010110000000011100111;
	0996  :   111111111111010000000000010010000000000011100011;
	0997  :   111111111111010000000000010010000000000011101010;
	0998  :   111111111111011000000000010010000000000011101001;
	0999  :   111111111111010000000000010001100000000011101100;
	099A  :   111111111111010100000000010001110000000011101010;
	099B  :   111111111111001100000000010001110000000011101110;
	099C  :   111111111111010100000000010001010000000011101100;
	099D  :   111111111111011000000000010010100000000011101111;
	099E  :   111111111111011000000000010010000000000011110011;
	099F  :   111111111111100000000000010000110000000011101110;
	09A0  :   111111111111011100000000010000110000000011101110;
	09A1  :   111111111111001000000000010001000000000011110010;
	09A2  :   111111111111001100000000010010100000000011101100;
	09A3  :   111111111111011100000000010001110000000011101100;
	09A4  :   111111111111101000000000010011000000000011110010;
	09A5  :   111111111111010000000000010001110000000011100111;
	09A6  :   111111111111010000000000010010010000000011101001;
	09A7  :   111111111111011100000000010010000000000011100110;
	09A8  :   111111111111011000000000010010010000000011100111;
	09A9  :   111111111111001100000000010010100000000011101000;
	09AA  :   111111111111001100000000010011110000000011100100;
	09AB  :   111111111111010000000000010010100000000011101001;
	09AC  :   111111111111010100000000010010110000000011101010;
	09AD  :   111111111111010100000000010001110000000011101001;
	09AE  :   111111111111100100000000010001100000000011100111;
	09AF  :   111111111111101000000000010010000000000011100101;
	09B0  :   111111111111011100000000010001110000000011101101;
	09B1  :   111111111111010100000000010001110000000011101010;
	09B2  :   111111111111011100000000010001110000000011100110;
	09B3  :   111111111111010000000000010010000000000011101011;
	09B4  :   111111111111010000000000010010010000000011101001;
	09B5  :   111111111111011100000000010010100000000011101100;
	09B6  :   111111111111101000000000010011000000000011100110;
	09B7  :   111111111111100000000000010001010000000011100110;
	09B8  :   111111111111011100000000010010000000000011110010;
	09B9  :   111111111111011100000000010010100000000011101001;
	09BA  :   111111111111011000000000010001110000000011100111;
	09BB  :   111111111111010100000000010010000000000011110000;
	09BC  :   111111111111001100000000010010000000000011101100;
	09BD  :   111111111111011100000000010010000000000011101100;
	09BE  :   111111111111010100000000010001100000000011101101;
	09BF  :   111111111111001100000000010010010000000011101100;
	09C0  :   111111111111100100000000010010000000000011110001;
	09C1  :   111111111111011100000000010001100000000011110010;
	09C2  :   111111111111011000000000010010010000000011101111;
	09C3  :   111111111111010100000000010010010000000011101111;
	09C4  :   111111111111010100000000010001100000000011110001;
	09C5  :   111111111111001000000000010000010000000011110001;
	09C6  :   111111111111010100000000010001110000000011101011;
	09C7  :   111111111111011000000000010001100000000011101100;
	09C8  :   111111111111100000000000010000100000000011110000;
	09C9  :   111111111110111100000000010001010000000011101101;
	09CA  :   111111111111001100000000010001110000000011101110;
	09CB  :   111111111111001000000000010001110000000011101000;
	09CC  :   111111111111011000000000010001010000000011101001;
	09CD  :   111111111111010000000000010001100000000011101011;
	09CE  :   111111111111001000000000010001100000000011101111;
	09CF  :   111111111111101000000000010001110000000011101101;
	09D0  :   111111111111010100000000010010000000000011101100;
	09D1  :   111111111111001000000000010001100000000011101010;
	09D2  :   111111111111011000000000010001000000000011101000;
	09D3  :   111111111111010000000000010001100000000011101001;
	09D4  :   111111111111011000000000010001100000000011101100;
	09D5  :   111111111111001000000000010010100000000011101110;
	09D6  :   111111111111010100000000010001100000000011101011;
	09D7  :   111111111111010100000000010001010000000011101010;
	09D8  :   111111111111010100000000010000110000000011101011;
	09D9  :   111111111111011000000000010010000000000011100111;
	09DA  :   111111111111010100000000010001010000000011100111;
	09DB  :   111111111111100100000000010010000000000011101111;
	09DC  :   111111111111010000000000010001110000000011101010;
	09DD  :   111111111111011100000000010000010000000011101110;
	09DE  :   111111111111001100000000010010000000000011101010;
	09DF  :   111111111111001100000000010010010000000011101101;
	09E0  :   111111111111001000000000010001110000000011101101;
	09E1  :   111111111111011000000000010001010000000011101101;
	09E2  :   111111111111100100000000010001100000000011101101;
	09E3  :   111111111111100000000000010001100000000011101011;
	09E4  :   111111111111001100000000010000110000000011101101;
	09E5  :   111111111111010000000000010010010000000011110000;
	09E6  :   111111111111000100000000010010010000000011101100;
	09E7  :   111111111110111100000000010010000000000011110001;
	09E8  :   111111111110111100000000010000110000000011110001;
	09E9  :   111111111110111100000000010011000000000011110000;
	09EA  :   111111111111001000000000010010010000000011110001;
	09EB  :   111111111111000100000000010010010000000011101101;
	09EC  :   111111111111010000000000010010110000000011101011;
	09ED  :   111111111111001100000000010001100000000011101100;
	09EE  :   111111111111000100000000010010010000000011101111;
	09EF  :   111111111111001000000000010001110000000011101100;
	09F0  :   111111111111100000000000010001000000000011101101;
	09F1  :   111111111111100100000000010010000000000011101011;
	09F2  :   111111111111100000000000010010000000000011110011;
	09F3  :   111111111111101000000000010001100000000011110011;
	09F4  :   111111111111010100000000010001100000000011101111;
	09F5  :   111111111111100100000000010001010000000011101101;
	09F6  :   111111111111101000000000010000000000000011101011;
	09F7  :   111111111111110000000000010001110000000011101110;
	09F8  :   111111111111111100000000010001100000000011101100;
	09F9  :   111111111111011100000000010001010000000011101100;
	09FA  :   111111111111110000000000010010000000000011101110;
	09FB  :   111111111111101100000000010000100000000011110110;
	09FC  :   111111111111110100000000010001000000000011101101;
	09FD  :   111111111111101000000000010000110000000011101100;
	09FE  :   111111111111110000000000010000110000000011110100;
	09FF  :   111111111111111000000000010000100000000011110000;
	0A00  :   111111111111111000000000010001010000000011101011;
	0A01  :   111111111111101000000000010001000000000011101001;
	0A02  :   111111111111110100000000010000100000000011110100;
	0A03  :   111111111111101100000000010001000000000011101101;
	0A04  :   000000000000000000000000010001100000000011101110;
	0A05  :   111111111111111100000000010000100000000011110010;
	0A06  :   111111111111101100000000010001100000000011101111;
	0A07  :   111111111111111000000000010000000000000011101101;
	0A08  :   111111111111110100000000010001000000000011101111;
	0A09  :   111111111111111100000000010001010000000011101011;
	0A0A  :   111111111111110100000000010001100000000011101111;
	0A0B  :   111111111111111000000000010010100000000011110100;
	0A0C  :   111111111111111000000000010010110000000011110011;
	0A0D  :   000000000000001000000000010011000000000011110100;
	0A0E  :   000000000000001100000000010010010000000011101011;
	0A0F  :   000000000000001000000000010010000000000011101111;
	0A10  :   111111111111111000000000010001000000000011101011;
	0A11  :   111111111111110100000000010000110000000011101010;
	0A12  :   000000000000000000000000010001000000000011101101;
	0A13  :   111111111111111000000000010000100000000011101000;
	0A14  :   111111111111110000000000010001010000000011100111;
	0A15  :   111111111111011100000000010001100000000011100101;
	0A16  :   111111111111011100000000010001010000000011101000;
	0A17  :   111111111111011000000000010001100000000011101100;
	0A18  :   111111111111010000000000010001100000000011100010;
	0A19  :   111111111111100000000000010000100000000011100111;
	0A1A  :   111111111111100000000000010001100000000011101011;
	0A1B  :   111111111111010000000000010000110000000011101001;
	0A1C  :   111111111111010100000000010000100000000011101000;
	0A1D  :   111111111111010000000000010001100000000011100100;
	0A1E  :   111111111111011100000000010001100000000011101011;
	0A1F  :   111111111111010100000000010010010000000011101001;
	0A20  :   111111111111010100000000010001000000000011100111;
	0A21  :   111111111111000000000000010001100000000011101001;
	0A22  :   111111111111001000000000010010000000000011101000;
	0A23  :   111111111110111100000000010010100000000011101011;
	0A24  :   111111111111000100000000010001010000000011101101;
	0A25  :   111111111111000000000000010001010000000011100111;
	0A26  :   111111111110110100000000010000010000000011100111;
	0A27  :   111111111111001000000000010000100000000011100111;
	0A28  :   111111111110111000000000010000110000000011101100;
	0A29  :   111111111110110000000000010001100000000011101001;
	0A2A  :   111111111110111100000000010000110000000011110001;
	0A2B  :   111111111110111000000000010010100000000011100111;
	0A2C  :   111111111111001100000000010001100000000011110110;
	0A2D  :   111111111110111000000000010001000000000011101100;
	0A2E  :   111111111111000000000000010000110000000011101110;
	0A2F  :   111111111111000000000000010000110000000011101101;
	0A30  :   111111111111000000000000010001000000000011101001;
	0A31  :   111111111110111100000000010001000000000011110000;
	0A32  :   111111111111001000000000010001010000000011101110;
	0A33  :   111111111111010000000000010000110000000011101110;
	0A34  :   111111111111001100000000010000010000000011101101;
	0A35  :   111111111111001100000000010001000000000011110011;
	0A36  :   111111111111010100000000010001010000000011110100;
	0A37  :   111111111111010000000000010001000000000011110100;
	0A38  :   111111111111010100000000001111100000000011110100;
	0A39  :   111111111111011100000000010001000000000011110100;
	0A3A  :   111111111111011000000000010000100000000011110000;
	0A3B  :   111111111111101000000000010001110000000011101110;
	0A3C  :   111111111111010100000000010010000000000011101111;
	0A3D  :   111111111111101000000000010001010000000011101110;
	0A3E  :   111111111111111000000000010000010000000011101101;
	0A3F  :   111111111111110100000000010001100000000011110100;
	0A40  :   111111111111111100000000010001110000000011101111;
	0A41  :   111111111111101100000000010001110000000011101100;
	0A42  :   000000000000000100000000010001100000000011110000;
	0A43  :   111111111111111000000000010001000000000011100111;
	0A44  :   111111111111111100000000010001010000000011101110;
	0A45  :   000000000000000000000000010001100000000011101100;
	0A46  :   111111111111101100000000010001010000000011101001;
	0A47  :   000000000000000100000000010000010000000011101001;
	0A48  :   111111111111111000000000010000100000000011101011;
	0A49  :   111111111111111000000000010000100000000011101111;
	0A4A  :   111111111111111000000000010000000000000011101000;
	0A4B  :   111111111111111100000000010000010000000011101001;
	0A4C  :   111111111111111100000000001111100000000011100111;
	0A4D  :   111111111111110100000000010000010000000011100100;
	0A4E  :   111111111111110100000000010000100000000011101000;
	0A4F  :   111111111111101000000000001111100000000011100110;
	0A50  :   111111111111010000000000010000000000000011101000;
	0A51  :   111111111111011000000000010000010000000011110000;
	0A52  :   111111111111101100000000010000000000000011101111;
	0A53  :   111111111111010100000000010001000000000011100111;
	0A54  :   111111111111100000000000010000000000000011110000;
	0A55  :   111111111111000000000000010000100000000011101010;
	0A56  :   111111111111011000000000010001000000000011110000;
	0A57  :   111111111111100000000000010001110000000011101011;
	0A58  :   111111111111010000000000010000000000000011110010;
	0A59  :   111111111111100100000000010000110000000011110101;
	0A5A  :   111111111111011000000000010001000000000011110010;
	0A5B  :   111111111111100000000000010000010000000011111001;
	0A5C  :   111111111111100000000000010000000000000011110010;
	0A5D  :   111111111111011100000000001110110000000011101111;
	0A5E  :   111111111111010100000000010000000000000011110011;
	0A5F  :   111111111111010100000000001111110000000011110100;
	0A60  :   111111111111100000000000010001000000000011110010;
	0A61  :   111111111111100100000000010000010000000011110000;
	0A62  :   111111111111110000000000001111110000000011110001;
	0A63  :   111111111111110100000000010000100000000011101111;
	0A64  :   111111111111010100000000010001000000000011110100;
	0A65  :   111111111111101100000000010000100000000011110100;
	0A66  :   111111111111010000000000010000100000000011110100;
	0A67  :   111111111111011000000000010001010000000011111010;
	0A68  :   111111111111011000000000010001010000000011110101;
	0A69  :   111111111111011000000000010001100000000011110101;
	0A6A  :   111111111111011000000000010000110000000011110110;
	0A6B  :   111111111111011100000000010001010000000011110111;
	0A6C  :   111111111111010100000000010010010000000011110110;
	0A6D  :   111111111111100000000000010000110000000011110100;
	0A6E  :   111111111111110000000000010001000000000011110010;
	0A6F  :   111111111111100100000000010000100000000011101111;
	0A70  :   111111111111110100000000010001010000000011101110;
	0A71  :   111111111111101100000000010000100000000011101100;
	0A72  :   111111111111110100000000010001010000000011101000;
	0A73  :   111111111111101100000000010000100000000011101100;
	0A74  :   111111111111101100000000001111000000000011100001;
	0A75  :   111111111111111000000000010000000000000011100111;
	0A76  :   111111111111111000000000010000110000000011100011;
	0A77  :   111111111111110100000000010000010000000011100000;
	0A78  :   111111111111111100000000010000010000000011100011;
	0A79  :   111111111111111100000000001111100000000011100110;
	0A7A  :   111111111111111100000000010000000000000011100001;
	0A7B  :   111111111111100000000000010000100000000011100001;
	0A7C  :   111111111111101000000000010001000000000011100011;
	0A7D  :   111111111111100100000000010001100000000011100101;
	[0A7E..0A7F]  :   111111111111100000000000010001100000000011100110;
	0A80  :   111111111111010100000000010000110000000011101010;
	0A81  :   111111111111011100000000010001100000000011110001;
	0A82  :   111111111111100000000000010001100000000011100111;
	0A83  :   111111111111011000000000010000110000000011110000;
	0A84  :   111111111111000100000000010001000000000011101010;
	0A85  :   111111111111000100000000010000100000000011110001;
	0A86  :   111111111111011000000000010001000000000011110000;
	0A87  :   111111111111011100000000010000110000000011110110;
	0A88  :   111111111111100000000000010010000000000011110001;
	0A89  :   111111111111010100000000010010000000000011110111;
	0A8A  :   111111111111011000000000010001010000000011110011;
	0A8B  :   111111111111010100000000010000110000000011110110;
	0A8C  :   111111111111100100000000010000000000000011110110;
	0A8D  :   111111111111101000000000010000110000000011110100;
	0A8E  :   111111111111100100000000010001110000000011110010;
	0A8F  :   111111111111011100000000010001110000000011110010;
	0A90  :   111111111111011100000000010000100000000011110000;
	0A91  :   111111111111011000000000010001010000000011110000;
	0A92  :   111111111111011100000000010001010000000011101111;
	0A93  :   111111111111100000000000010001100000000011100111;
	0A94  :   111111111111011100000000001111110000000011101011;
	0A95  :   111111111111011000000000010001000000000011101010;
	0A96  :   111111111111110000000000010000010000000011101110;
	0A97  :   111111111111101000000000010000010000000011100110;
	0A98  :   111111111111011100000000010001000000000011101110;
	0A99  :   111111111111010100000000010000100000000011100111;
	0A9A  :   111111111111011100000000010000000000000011101010;
	0A9B  :   111111111111011000000000010000000000000011101100;
	0A9C  :   111111111111101000000000010000100000000011110001;
	0A9D  :   111111111111110100000000010001000000000011101110;
	0A9E  :   111111111111100000000000010000010000000011101001;
	0A9F  :   111111111111101100000000001111100000000011101110;
	0AA0  :   111111111111011100000000001111100000000011101000;
	0AA1  :   111111111111100000000000010000100000000011101111;
	0AA2  :   111111111111100000000000010000110000000011110000;
	0AA3  :   111111111111011100000000001111110000000011101110;
	0AA4  :   111111111111100000000000010000100000000011101110;
	0AA5  :   111111111111011000000000010000110000000011101100;
	0AA6  :   111111111111101000000000010001000000000011101111;
	0AA7  :   111111111111010000000000010000110000000011110000;
	0AA8  :   111111111111100100000000010001100000000011101110;
	0AA9  :   111111111111110000000000010000100000000011111000;
	0AAA  :   111111111111100100000000010000110000000011101111;
	0AAB  :   111111111111101000000000010000100000000011110001;
	0AAC  :   111111111111110000000000010000110000000011101100;
	0AAD  :   111111111111110100000000010001010000000011110000;
	0AAE  :   111111111111100100000000010001010000000011101011;
	0AAF  :   111111111111110000000000010001000000000011101100;
	0AB0  :   111111111111010100000000010000110000000011101101;
	0AB1  :   111111111111100000000000010001010000000011101111;
	0AB2  :   111111111111010000000000010001110000000011110000;
	0AB3  :   111111111111100100000000010000010000000011110100;
	0AB4  :   111111111111101100000000010001010000000011101000;
	0AB5  :   111111111111100100000000010000110000000011101111;
	0AB6  :   111111111111100000000000010001000000000011101101;
	0AB7  :   111111111111101000000000001111110000000011101110;
	0AB8  :   111111111111101000000000010000010000000011101101;
	0AB9  :   111111111111100000000000010001000000000011101000;
	0ABA  :   111111111111001100000000010000110000000011101110;
	0ABB  :   111111111111101100000000010000010000000011101011;
	0ABC  :   111111111111110000000000010000110000000011101001;
	0ABD  :   111111111111101100000000010001010000000011100111;
	0ABE  :   111111111111101000000000010000110000000011101111;
	0ABF  :   111111111111110000000000010000110000000011101111;
	0AC0  :   111111111111110100000000010000010000000011101000;
	0AC1  :   111111111111011000000000010000010000000011101010;
	0AC2  :   111111111111100000000000010001100000000011101011;
	0AC3  :   111111111111011100000000010000100000000011101011;
	0AC4  :   111111111111011100000000010001000000000011101011;
	0AC5  :   111111111111101000000000010001010000000011101001;
	0AC6  :   111111111111011000000000010001000000000011101011;
	0AC7  :   111111111111011000000000010000110000000011110000;
	0AC8  :   111111111111010100000000010000110000000011101101;
	0AC9  :   111111111111001100000000010001100000000011101011;
	0ACA  :   111111111111001000000000010001100000000011101010;
	0ACB  :   111111111111010000000000010000110000000011110010;
	0ACC  :   111111111111011100000000010000010000000011101100;
	0ACD  :   111111111111100000000000010000000000000011110010;
	0ACE  :   111111111111001100000000010000010000000011101101;
	0ACF  :   111111111111011100000000010000010000000011110011;
	0AD0  :   111111111111101100000000010000110000000011110010;
	0AD1  :   111111111111100000000000010000110000000011110011;
	0AD2  :   111111111111101000000000010001000000000011101010;
	0AD3  :   111111111111011000000000010001010000000011110100;
	0AD4  :   111111111111101000000000010000110000000011110011;
	0AD5  :   111111111111110100000000010001100000000011101111;
	0AD6  :   111111111111011000000000010000010000000011110001;
	0AD7  :   111111111111100000000000010000100000000011101111;
	0AD8  :   111111111111101100000000001111110000000011101111;
	0AD9  :   111111111111011000000000010001000000000011101110;
	0ADA  :   111111111111010100000000001111110000000011110011;
	0ADB  :   111111111111010100000000010000110000000011101111;
	0ADC  :   111111111111100000000000010000010000000011110100;
	0ADD  :   111111111111101100000000010000010000000011110011;
	0ADE  :   111111111111011100000000010000000000000011101011;
	0ADF  :   111111111111100000000000010000010000000011110010;
	0AE0  :   111111111111100000000000001111110000000011110100;
	0AE1  :   111111111111100100000000010000100000000011110000;
	0AE2  :   111111111111011000000000001111110000000011110101;
	0AE3  :   111111111111100100000000010000000000000011110010;
	0AE4  :   111111111111100100000000001111110000000011101110;
	0AE5  :   111111111111011000000000010000100000000011110010;
	0AE6  :   111111111111100000000000010001010000000011101010;
	0AE7  :   111111111111010100000000010001110000000011101101;
	0AE8  :   111111111111101000000000010001010000000011101011;
	0AE9  :   111111111111101000000000010000100000000011101110;
	0AEA  :   111111111111101100000000010000010000000011101100;
	0AEB  :   111111111111011100000000010000100000000011101011;
	0AEC  :   111111111111100000000000010000010000000011101101;
	0AED  :   111111111111011000000000010000000000000011101111;
	0AEE  :   111111111111100100000000010000100000000011101011;
	0AEF  :   111111111111011000000000010000100000000011101111;
	0AF0  :   111111111111011100000000010000110000000011101011;
	0AF1  :   111111111111100000000000010000000000000011101011;
	0AF2  :   111111111111101000000000010000010000000011110000;
	0AF3  :   111111111111100100000000010000010000000011101111;
	0AF4  :   111111111111100100000000010000100000000011101010;
	0AF5  :   111111111111101000000000010000110000000011101011;
	0AF6  :   111111111111011000000000010001110000000011100110;
	0AF7  :   111111111111001000000000010001110000000011101011;
	0AF8  :   111111111111010100000000010000110000000011101110;
	0AF9  :   111111111111100000000000010000010000000011101110;
	0AFA  :   111111111111100100000000010001000000000011101010;
	0AFB  :   111111111111101100000000010001010000000011101100;
	0AFC  :   111111111111101000000000010001000000000011101011;
	0AFD  :   111111111111011000000000010000110000000011110010;
	0AFE  :   111111111111011100000000010001010000000011101101;
	0AFF  :   111111111111100000000000010000010000000011101011;
	0B00  :   111111111111101100000000010001010000000011101100;
	0B01  :   111111111111100100000000010000100000000011101110;
	0B02  :   111111111111011100000000010001010000000011101011;
	0B03  :   111111111111101000000000010001000000000011110001;
	0B04  :   111111111111110000000000010001110000000011101011;
	0B05  :   111111111111011100000000010001000000000011101100;
	0B06  :   111111111111100100000000010000110000000011101101;
	0B07  :   111111111111011000000000010000110000000011101110;
	0B08  :   111111111111011000000000010000000000000011101101;
	0B09  :   111111111111011100000000010000010000000011101001;
	0B0A  :   111111111111001100000000010000100000000011110000;
	0B0B  :   111111111111100000000000010000110000000011101101;
	0B0C  :   111111111111001100000000010000110000000011101111;
	0B0D  :   111111111111010000000000010000010000000011101010;
	0B0E  :   111111111111010000000000010001000000000011101011;
	0B0F  :   111111111111100100000000010000110000000011101110;
	0B10  :   111111111111011100000000010001010000000011101110;
	0B11  :   111111111111100000000000010001010000000011101101;
	0B12  :   111111111111101000000000010001100000000011101100;
	0B13  :   111111111111100100000000010001010000000011101010;
	0B14  :   111111111111100100000000010000110000000011101010;
	0B15  :   111111111111011100000000010000110000000011101110;
	0B16  :   111111111111010100000000010000100000000011110001;
	0B17  :   111111111111101000000000010000100000000011110001;
	0B18  :   111111111111011000000000010000010000000011101100;
	0B19  :   111111111111101100000000010000110000000011110000;
	0B1A  :   111111111111100100000000010000100000000011101011;
	0B1B  :   111111111111100000000000010000110000000011101110;
	0B1C  :   111111111111011100000000010000110000000011101101;
	0B1D  :   111111111111110100000000001111110000000011110001;
	0B1E  :   111111111111101100000000001111010000000011110000;
	0B1F  :   111111111111011000000000010000010000000011101110;
	0B20  :   111111111111100000000000010001010000000011101001;
	0B21  :   111111111111011100000000010000110000000011101011;
	0B22  :   111111111111011000000000001111110000000011101110;
	0B23  :   111111111111011100000000010000100000000011101111;
	0B24  :   111111111111011100000000010001000000000011110000;
	0B25  :   111111111111010100000000010001000000000011110010;
	0B26  :   111111111111011100000000010000110000000011101111;
	0B27  :   111111111111010100000000010000010000000011110100;
	0B28  :   111111111111100100000000010000010000000011101100;
	0B29  :   111111111111101000000000010001010000000011101101;
	0B2A  :   111111111111100100000000010000100000000011101101;
	0B2B  :   111111111111011100000000010001000000000011101101;
	0B2C  :   111111111111010100000000010000110000000011101101;
	0B2D  :   111111111111001100000000010000100000000011101100;
	0B2E  :   111111111111101000000000010000100000000011101101;
	0B2F  :   111111111111100000000000010001000000000011101011;
	0B30  :   111111111111010100000000010001000000000011101100;
	0B31  :   111111111111011000000000010001000000000011101011;
	0B32  :   111111111111010100000000010000100000000011101101;
	0B33  :   111111111111011100000000010000000000000011101110;
	0B34  :   111111111111101100000000010000010000000011110011;
	0B35  :   111111111111100000000000010000100000000011101001;
	0B36  :   111111111111100100000000010000000000000011101010;
	0B37  :   111111111111011100000000001111100000000011110000;
	0B38  :   111111111111101000000000010000100000000011101110;
	0B39  :   111111111111101100000000010001000000000011101010;
	0B3A  :   111111111111011000000000010001110000000011101011;
	0B3B  :   111111111111101100000000010000110000000011101010;
	0B3C  :   111111111111100000000000010000010000000011110100;
	0B3D  :   111111111111010100000000010001000000000011101101;
	0B3E  :   111111111111100100000000010000000000000011101100;
	0B3F  :   111111111111010100000000010000010000000011110001;
	0B40  :   111111111111011100000000010001100000000011110000;
	0B41  :   111111111111010000000000010000110000000011101110;
	0B42  :   111111111111100000000000010000100000000011101111;
	0B43  :   111111111111011100000000010001100000000011101101;
	0B44  :   111111111111110100000000010000110000000011101001;
	0B45  :   111111111111101100000000010000110000000011101110;
	0B46  :   111111111111011100000000010000100000000011101110;
	0B47  :   111111111111100000000000010001010000000011101011;
	0B48  :   111111111111101000000000010000100000000011101011;
	0B49  :   111111111111100100000000010000100000000011101101;
	0B4A  :   111111111111011100000000010000110000000011101110;
	0B4B  :   111111111111100100000000010000110000000011101100;
	0B4C  :   111111111111011100000000010000100000000011110001;
	0B4D  :   111111111111010100000000010000000000000011101100;
	0B4E  :   111111111111010100000000010000100000000011101100;
	0B4F  :   111111111111110000000000010000110000000011101110;
	0B50  :   111111111111100100000000010000100000000011101001;
	0B51  :   111111111111100100000000010001110000000011101101;
	0B52  :   111111111111100100000000010001000000000011101010;
	0B53  :   111111111111100100000000010000110000000011101010;
	0B54  :   111111111111011100000000010000100000000011101010;
	[0B55..0B56]  :   111111111111011100000000010000000000000011101110;
	0B57  :   111111111111011100000000001111110000000011101101;
	0B58  :   111111111111001000000000010000010000000011101111;
	0B59  :   111111111111011000000000010000010000000011110001;
	0B5A  :   111111111111100100000000010000010000000011101101;
	0B5B  :   111111111111010100000000010000010000000011101110;
	0B5C  :   111111111111001100000000010000110000000011110001;
	0B5D  :   111111111111100100000000010000100000000011101111;
	0B5E  :   111111111111100000000000010001000000000011101111;
	0B5F  :   111111111111101100000000010001100000000011110100;
	0B60  :   111111111111110100000000010000110000000011110010;
	0B61  :   111111111111100000000000010001000000000011110001;
	0B62  :   111111111111110000000000010000010000000011101010;
	0B63  :   111111111111011100000000010000000000000011101101;
	0B64  :   111111111111100000000000010000010000000011110010;
	0B65  :   111111111111100100000000010001100000000011101101;
	0B66  :   111111111111010100000000010000000000000011101010;
	0B67  :   111111111111011100000000010000110000000011110000;
	0B68  :   111111111111100000000000010001000000000011101100;
	0B69  :   111111111111100100000000010000100000000011101100;
	0B6A  :   111111111111100100000000010000110000000011101011;
	0B6B  :   111111111111101100000000010000100000000011101110;
	0B6C  :   111111111111100000000000010001000000000011101001;
	0B6D  :   111111111111010100000000010001010000000011101011;
	0B6E  :   111111111111010100000000010001010000000011101100;
	0B6F  :   111111111111100000000000010000000000000011101101;
	0B70  :   111111111111010100000000010000010000000011101110;
	0B71  :   111111111111001100000000010001000000000011101101;
	0B72  :   111111111111010100000000010001000000000011101111;
	0B73  :   111111111111001100000000010001100000000011101101;
	0B74  :   111111111111010000000000010000010000000011101010;
	0B75  :   111111111111100100000000010000100000000011110001;
	0B76  :   111111111111100000000000010001000000000011110000;
	0B77  :   111111111111100100000000010000100000000011101010;
	0B78  :   111111111111010000000000010000000000000011101111;
	0B79  :   111111111111000100000000010001000000000011101101;
	0B7A  :   111111111111011100000000010000010000000011110100;
	0B7B  :   111111111111100100000000010000000000000011101011;
	0B7C  :   111111111111001100000000010001010000000011101111;
	0B7D  :   111111111111011000000000010001000000000011110000;
	0B7E  :   111111111111100000000000010000100000000011101101;
	0B7F  :   111111111111010000000000010000010000000011101111;
	0B80  :   111111111111011100000000010000110000000011101011;
	0B81  :   111111111111100100000000010000100000000011101100;
	0B82  :   111111111111110000000000010000100000000011101110;
	0B83  :   111111111111100100000000010001010000000011101100;
	0B84  :   111111111111101000000000010000100000000011101011;
	0B85  :   111111111111100100000000010001110000000011101111;
	0B86  :   111111111111101000000000010001010000000011101010;
	0B87  :   111111111111011100000000010000110000000011101110;
	0B88  :   111111111111011000000000010001100000000011101100;
	0B89  :   111111111111100000000000010001000000000011101011;
	0B8A  :   111111111111101000000000010000010000000011101110;
	0B8B  :   111111111111100000000000001111110000000011101001;
	0B8C  :   111111111111011100000000010000100000000011101110;
	0B8D  :   111111111111100000000000010000010000000011110000;
	0B8E  :   111111111111100100000000010001000000000011110000;
	0B8F  :   111111111111101100000000010000000000000011101011;
	0B90  :   111111111111100100000000010000110000000011101001;
	0B91  :   111111111111010100000000010000100000000011101001;
	0B92  :   111111111111100100000000010000110000000011101100;
	0B93  :   111111111111011000000000010000010000000011101100;
	0B94  :   111111111111011000000000010000010000000011110000;
	0B95  :   111111111111011000000000010000110000000011101011;
	0B96  :   111111111111100000000000010000010000000011101110;
	0B97  :   111111111111011000000000010000010000000011110000;
	0B98  :   111111111111100000000000010000010000000011101111;
	0B99  :   111111111111011100000000010001100000000011101110;
	0B9A  :   111111111111011000000000010000110000000011101111;
	0B9B  :   111111111111010100000000010001000000000011101101;
	0B9C  :   111111111111010100000000010000010000000011101101;
	0B9D  :   111111111111011000000000010000110000000011101011;
	0B9E  :   111111111111010000000000010000110000000011101111;
	0B9F  :   111111111111011000000000010000100000000011110000;
	0BA0  :   111111111111011100000000010000010000000011101111;
	0BA1  :   111111111111010000000000010000100000000011101101;
	0BA2  :   111111111111100100000000010000010000000011110011;
	0BA3  :   111111111111010000000000010000000000000011101111;
	0BA4  :   111111111111010100000000010000100000000011110000;
	0BA5  :   111111111111101000000000010001100000000011101111;
	0BA6  :   111111111111101100000000001111110000000011101011;
	0BA7  :   111111111111011100000000010000100000000011101110;
	0BA8  :   111111111111110000000000010000010000000011101100;
	0BA9  :   111111111111011000000000010001010000000011101011;
	0BAA  :   111111111111100100000000010000010000000011101110;
	0BAB  :   111111111111101000000000010000010000000011101010;
	0BAC  :   111111111111011000000000010000100000000011110001;
	0BAD  :   111111111111011100000000010000010000000011101111;
	0BAE  :   111111111111100000000000010000110000000011101101;
	0BAF  :   111111111111010100000000010000100000000011101110;
	0BB0  :   111111111111011100000000010000010000000011101101;
	0BB1  :   111111111111011000000000010000100000000011101110;
	0BB2  :   111111111111001100000000001111100000000011101101;
	[0BB3..0BB4]  :   111111111111011100000000010000100000000011101110;
	0BB5  :   111111111111001100000000010000100000000011101111;
	0BB6  :   111111111111011100000000010001110000000011101100;
	0BB7  :   111111111111010100000000010000100000000011101100;
	0BB8  :   111111111111010100000000010000110000000011101010;
	0BB9  :   111111111111011100000000010000010000000011101111;
	0BBA  :   111111111111010000000000010000110000000011101011;
	0BBB  :   111111111111101000000000010000100000000011101111;
	0BBC  :   111111111111011100000000010000000000000011101000;
	0BBD  :   111111111111110000000000010000100000000011101101;
	0BBE  :   111111111111011100000000010000000000000011101111;
	0BBF  :   111111111111010100000000001111110000000011101100;
	0BC0  :   111111111111011100000000010000000000000011101111;
	0BC1  :   111111111111010000000000010000000000000011101000;
	0BC2  :   111111111111100100000000010000000000000011101101;
	0BC3  :   111111111111010000000000010000100000000011101000;
	0BC4  :   111111111111100000000000010000010000000011101011;
	0BC5  :   111111111111011000000000001111110000000011101000;
	0BC6  :   111111111111001100000000010000100000000011101011;
	0BC7  :   111111111111101000000000010001010000000011110000;
	0BC8  :   111111111111010000000000010000110000000011101011;
	0BC9  :   111111111111011100000000010000100000000011101101;
	0BCA  :   111111111111001000000000010001000000000011110000;
	0BCB  :   111111111111001100000000010000110000000011101101;
	0BCC  :   111111111111011100000000010000010000000011101010;
	0BCD  :   111111111111010000000000010001010000000011101110;
	0BCE  :   111111111111010000000000010000010000000011110000;
	0BCF  :   111111111111011000000000010000010000000011101110;
	0BD0  :   111111111111011100000000010001000000000011110001;
	0BD1  :   111111111111100000000000010000110000000011110001;
	0BD2  :   111111111111100100000000010000100000000011110010;
	0BD3  :   111111111111011100000000010001000000000011110000;
	0BD4  :   111111111111100000000000010000110000000011101111;
	0BD5  :   111111111111101100000000010001010000000011110000;
	0BD6  :   111111111111010100000000010000110000000011100111;
	0BD7  :   111111111111100000000000010000100000000011101100;
	0BD8  :   111111111111100000000000010001000000000011101100;
	0BD9  :   111111111111100100000000010001010000000011101001;
	0BDA  :   111111111111100000000000010000100000000011101101;
	0BDB  :   111111111111001100000000010001000000000011101010;
	0BDC  :   111111111111011100000000010000000000000011100111;
	0BDD  :   111111111111011000000000010000100000000011101000;
	0BDE  :   111111111111010100000000010001000000000011101011;
	0BDF  :   111111111111011100000000010000100000000011101011;
	0BE0  :   111111111111100000000000010001000000000011101101;
	0BE1  :   111111111111011000000000010001010000000011101101;
	0BE2  :   111111111111001000000000010000100000000011101110;
	0BE3  :   111111111111010000000000010001000000000011110000;
	0BE4  :   111111111111001000000000010000100000000011101001;
	0BE5  :   111111111111101000000000010000010000000011101100;
	0BE6  :   111111111111100000000000010000110000000011101010;
	0BE7  :   111111111111100000000000010000010000000011101111;
	0BE8  :   111111111111010100000000010000010000000011101100;
	0BE9  :   111111111111011000000000010000100000000011101111;
	0BEA  :   111111111111110000000000010000100000000011101111;
	0BEB  :   111111111111101100000000010000110000000011101000;
	0BEC  :   111111111111011100000000010000000000000011110000;
	0BED  :   111111111111100000000000010000110000000011101101;
	0BEE  :   111111111111100100000000010001010000000011101110;
	0BEF  :   111111111111110100000000010001010000000011101110;
	0BF0  :   111111111111011100000000010000100000000011101101;
	0BF1  :   111111111111010000000000010000010000000011101100;
	0BF2  :   111111111111100100000000010000000000000011101101;
	0BF3  :   111111111111011000000000010000010000000011101111;
	0BF4  :   111111111111100100000000001111110000000011101100;
	0BF5  :   111111111111100000000000010000010000000011101111;
	0BF6  :   111111111111100100000000010000010000000011101011;
	0BF7  :   111111111111011100000000010000010000000011101110;
	0BF8  :   111111111111100100000000001111100000000011110001;
	0BF9  :   111111111111010100000000010000000000000011101011;
	0BFA  :   111111111111011000000000010000010000000011110001;
	0BFB  :   111111111111011000000000010001000000000011101111;
	0BFC  :   111111111111011100000000010000000000000011101100;
	0BFD  :   111111111111011000000000001111110000000011110000;
	0BFE  :   111111111111010100000000010001100000000011110000;
	0BFF  :   111111111111001100000000010001000000000011110001;
	0C00  :   111111111111100000000000010001000000000011101010;
	0C01  :   111111111111010100000000010001100000000011101001;
	0C02  :   111111111111000000000000010001000000000011101011;
	0C03  :   111111111111000000000000010010000000000011101001;
	0C04  :   111111111111000100000000010011000000000011101101;
	0C05  :   111111111110111000000000010010100000000011110001;
	0C06  :   111111111110111100000000010011000000000011110001;
	0C07  :   111111111111001000000000010010010000000011110100;
	0C08  :   111111111110110100000000010010100000000011111000;
	0C09  :   111111111110111100000000010011000000000011110100;
	0C0A  :   111111111111001000000000010010010000000011111010;
	0C0B  :   111111111111001000000000010010010000000011110101;
	0C0C  :   111111111110111100000000010010010000000011111011;
	0C0D  :   111111111111001000000000010001110000000011110110;
	0C0E  :   111111111111011100000000010010000000000011110010;
	0C0F  :   111111111111001100000000010010010000000011110101;
	0C10  :   111111111111011000000000010010000000000011110100;
	0C11  :   111111111111011000000000010001100000000011110010;
	0C12  :   111111111111011000000000010001000000000011101010;
	0C13  :   111111111111010100000000010010000000000011101100;
	0C14  :   111111111111100000000000010001100000000011101100;
	0C15  :   111111111111011000000000010001000000000011101010;
	0C16  :   111111111111011100000000010001110000000011100111;
	0C17  :   111111111111010000000000010000100000000011100011;
	0C18  :   111111111111001100000000010001110000000011101000;
	0C19  :   111111111111010100000000010010110000000011100101;
	0C1A  :   111111111111011100000000010000010000000011100000;
	0C1B  :   111111111111011000000000010001100000000011100001;
	0C1C  :   111111111111011100000000010010000000000011011101;
	0C1D  :   111111111111100000000000010010010000000011100110;
	0C1E  :   111111111111010000000000010010100000000011011111;
	0C1F  :   111111111111001100000000010010100000000011100011;
	0C20  :   111111111111101000000000010001010000000011100110;
	0C21  :   111111111111101000000000010001100000000011100000;
	0C22  :   111111111111100000000000010001110000000011100010;
	0C23  :   111111111111001100000000010001100000000011100001;
	0C24  :   111111111111001100000000010001010000000011011111;
	0C25  :   111111111111011100000000010010000000000011100110;
	0C26  :   111111111111011000000000010001010000000011100010;
	0C27  :   111111111111000100000000010001100000000011100001;
	0C28  :   111111111111011000000000010001100000000011100110;
	0C29  :   111111111111001100000000010000010000000011101010;
	0C2A  :   111111111111011000000000010001000000000011101001;
	0C2B  :   111111111111000100000000010001110000000011101011;
	0C2C  :   111111111111011100000000010010110000000011101100;
	0C2D  :   111111111111000100000000010001110000000011101011;
	0C2E  :   111111111111001000000000010011000000000011110100;
	0C2F  :   111111111110111000000000010010110000000011101111;
	0C30  :   111111111110111000000000010010100000000011101111;
	0C31  :   111111111111000100000000010001000000000011110010;
	0C32  :   111111111111010100000000010001000000000011111010;
	0C33  :   111111111110111100000000010001100000000011111100;
	0C34  :   111111111111010100000000010001110000000011111101;
	0C35  :   111111111110111000000000010001100000000011111010;
	0C36  :   111111111111001100000000010001000000000011110011;
	0C37  :   111111111111011000000000010000010000000011110100;
	0C38  :   111111111111010100000000010000110000000011111001;
	0C39  :   111111111111010000000000010001110000000011111011;
	0C3A  :   111111111111000100000000010000110000000011110011;
	0C3B  :   111111111111011000000000010001000000000011110111;
	0C3C  :   111111111111010000000000010000110000000011101100;
	0C3D  :   111111111111010100000000010000110000000011110000;
	0C3E  :   111111111111010000000000010001000000000011110000;
	0C3F  :   111111111111011000000000010000110000000011101110;
	0C40  :   111111111111001100000000010001010000000011101010;
	0C41  :   111111111111100000000000010001010000000011100000;
	0C42  :   111111111111010100000000010001100000000011101010;
	0C43  :   111111111111010100000000010001110000000011101000;
	0C44  :   111111111111010000000000010001010000000011100111;
	0C45  :   111111111111010100000000010001100000000011100111;
	0C46  :   111111111111011000000000010001010000000011100001;
	0C47  :   111111111111011100000000010001110000000011100010;
	0C48  :   111111111111011100000000010001000000000011100001;
	0C49  :   111111111111001000000000010001000000000011100000;
	0C4A  :   111111111111000100000000010010110000000011100101;
	0C4B  :   111111111111001100000000010000110000000011100110;
	0C4C  :   111111111111001000000000010010000000000011100110;
	0C4D  :   111111111111001000000000010001010000000011100110;
	0C4E  :   111111111111001100000000010010010000000011100110;
	0C4F  :   111111111111000000000000010001100000000011101000;
	0C50  :   111111111111001000000000010001100000000011101101;
	0C51  :   111111111111000100000000010001110000000011101011;
	0C52  :   111111111111010100000000010011000000000011110001;
	0C53  :   111111111111000100000000010001110000000011110001;
	[0C54..0C55]  :   111111111111000000000000010001110000000011110001;
	0C56  :   111111111111001000000000010010010000000011110011;
	0C57  :   111111111111010100000000010010000000000011110011;
	0C58  :   111111111111001100000000010001100000000011101111;
	0C59  :   111111111111000100000000010000100000000011110001;
	0C5A  :   111111111111010000000000010001000000000011110100;
	0C5B  :   111111111111001000000000010001100000000011101111;
	0C5C  :   111111111111010000000000010001100000000011101101;
	0C5D  :   111111111111001000000000010001100000000011110001;
	0C5E  :   111111111111010100000000010000110000000011101111;
	0C5F  :   111111111111011100000000010001010000000011101110;
	0C60  :   111111111111100100000000010001010000000011101111;
	0C61  :   111111111111000100000000010001010000000011101100;
	0C62  :   111111111111010100000000010011000000000011101101;
	0C63  :   111111111111001100000000010010000000000011101100;
	0C64  :   111111111111010000000000010010000000000011100110;
	0C65  :   111111111111000100000000010001110000000011100110;
	0C66  :   111111111111010000000000010001000000000011101000;
	0C67  :   111111111111001000000000010000110000000011101001;
	0C68  :   111111111111010100000000010000010000000011101011;
	0C69  :   111111111111001100000000010001110000000011101101;
	0C6A  :   111111111111011000000000010001000000000011100011;
	0C6B  :   111111111111011000000000010001000000000011100110;
	0C6C  :   111111111111001100000000010001000000000011101100;
	0C6D  :   111111111111001000000000010001000000000011101101;
	0C6E  :   111111111110111100000000010001000000000011101000;
	0C6F  :   111111111111011100000000010000110000000011101110;
	0C70  :   111111111110111100000000010001000000000011101011;
	0C71  :   111111111111010100000000010000010000000011101100;
	0C72  :   111111111110111100000000010001010000000011101111;
	0C73  :   111111111111000100000000010010000000000011101100;
	0C74  :   111111111111001100000000010001010000000011101110;
	0C75  :   111111111111000000000000010001000000000011110001;
	0C76  :   111111111111010100000000010010000000000011111001;
	0C77  :   111111111111000100000000010010000000000011110011;
	0C78  :   111111111111001100000000010001010000000011110001;
	0C79  :   111111111111000100000000010000110000000011110010;
	0C7A  :   111111111111001000000000010001010000000011110100;
	0C7B  :   111111111111010100000000010000010000000011110000;
	0C7C  :   111111111111000100000000010001110000000011101111;
	0C7D  :   111111111111001100000000010001010000000011101011;
	0C7E  :   111111111111000100000000010000010000000011110000;
	0C7F  :   111111111111000100000000010000110000000011101011;
	0C80  :   111111111110111100000000010000110000000011101011;
	0C81  :   111111111111001000000000010000110000000011101101;
	0C82  :   111111111111001100000000010000110000000011110001;
	0C83  :   111111111111000100000000010001100000000011110100;
	0C84  :   111111111111010100000000010001110000000011110011;
	0C85  :   111111111111000000000000010001010000000011101110;
	0C86  :   111111111111001000000000010010000000000011101100;
	0C87  :   111111111111011000000000010000110000000011100111;
	0C88  :   111111111110111100000000010000010000000011101000;
	0C89  :   111111111111011000000000010001010000000011101010;
	0C8A  :   111111111111010000000000010000010000000011101000;
	0C8B  :   111111111111101100000000010001000000000011100011;
	0C8C  :   111111111111001100000000010000110000000011100000;
	0C8D  :   111111111111100100000000010001000000000011100110;
	0C8E  :   111111111111001000000000010001110000000011101000;
	0C8F  :   111111111111010000000000010001000000000011101000;
	0C90  :   111111111111000000000000010000100000000011101001;
	0C91  :   111111111111000000000000010000110000000011100111;
	0C92  :   111111111111010100000000010000100000000011101010;
	0C93  :   111111111111010100000000010001000000000011110001;
	0C94  :   111111111111000100000000010001110000000011101011;
	0C95  :   111111111111000000000000010001100000000011101100;
	0C96  :   111111111110111000000000010010100000000011101001;
	0C97  :   111111111111001100000000010010000000000011110000;
	0C98  :   111111111110110100000000010001100000000011101111;
	0C99  :   111111111110101100000000010001100000000011110100;
	0C9A  :   111111111110110100000000010001110000000011101111;
	0C9B  :   111111111110110100000000010010110000000011110000;
	0C9C  :   111111111111000100000000010001000000000011101111;
	0C9D  :   111111111110110100000000010010000000000011110010;
	0C9E  :   111111111110111000000000010010000000000011110010;
	0C9F  :   111111111111000000000000010000110000000011110001;
	0CA0  :   111111111110111000000000010001000000000011110101;
	0CA1  :   111111111110111100000000010000000000000011110011;
	0CA2  :   111111111110110100000000010000010000000011110010;
	0CA3  :   111111111111000100000000010001110000000011101111;
	0CA4  :   111111111111010000000000010010000000000011110001;
	0CA5  :   111111111111001000000000010000110000000011110001;
	0CA6  :   111111111111010000000000010010000000000011110001;
	0CA7  :   111111111111001000000000010000000000000011101011;
	0CA8  :   111111111111011000000000010000100000000011101101;
	0CA9  :   111111111111010000000000010000110000000011101011;
	0CAA  :   111111111111001100000000010000110000000011100101;
	0CAB  :   111111111110111100000000010000100000000011100100;
	0CAC  :   111111111111011100000000010001010000000011101101;
	0CAD  :   111111111111011100000000010000110000000011101001;
	0CAE  :   111111111111000100000000010000110000000011100111;
	0CAF  :   111111111111000100000000010001110000000011101011;
	0CB0  :   111111111111011000000000010001100000000011101101;
	0CB1  :   111111111111000000000000010001100000000011101110;
	0CB2  :   111111111111000100000000010000100000000011101010;
	0CB3  :   111111111111001000000000010001110000000011110001;
	0CB4  :   111111111111000000000000010001100000000011101101;
	0CB5  :   111111111110101100000000010001100000000011101111;
	0CB6  :   111111111111000100000000010001010000000011110001;
	0CB7  :   111111111110111100000000010001100000000011101100;
	0CB8  :   111111111111000000000000010001100000000011110100;
	0CB9  :   111111111111001100000000010010010000000011110100;
	0CBA  :   111111111110110000000000010001000000000011110000;
	0CBB  :   111111111111000000000000010001110000000011110101;
	0CBC  :   111111111110111100000000010001000000000011110000;
	0CBD  :   111111111110111100000000010010000000000011110101;
	0CBE  :   111111111110110100000000010010010000000011101101;
	0CBF  :   111111111111001100000000010001010000000011110001;
	0CC0  :   111111111111001100000000010001000000000011110010;
	0CC1  :   111111111110111100000000010000100000000011101101;
	0CC2  :   111111111111001100000000010001000000000011101001;
	0CC3  :   111111111111011000000000010001010000000011101110;
	0CC4  :   111111111111000000000000010001010000000011101001;
	0CC5  :   111111111111010100000000010001000000000011110001;
	0CC6  :   111111111111011000000000010010000000000011101100;
	0CC7  :   111111111111101000000000010000110000000011101001;
	0CC8  :   111111111111011100000000010000100000000011101101;
	0CC9  :   111111111111011100000000010010100000000011101010;
	0CCA  :   111111111111001000000000010010000000000011101001;
	0CCB  :   111111111111010100000000010000110000000011110000;
	0CCC  :   111111111111010100000000010000100000000011101110;
	0CCD  :   111111111111000000000000010001010000000011101100;
	0CCE  :   111111111111000000000000010001100000000011101011;
	0CCF  :   111111111111001000000000010001010000000011101101;
	0CD0  :   111111111111000100000000010010010000000011101011;
	0CD1  :   111111111111000100000000010001110000000011101100;
	0CD2  :   111111111110110100000000010000100000000011101101;
	0CD3  :   111111111111001100000000010001010000000011100111;
	0CD4  :   111111111110111000000000010001110000000011101110;
	0CD5  :   111111111111010100000000010001000000000011101001;
	0CD6  :   111111111111010100000000010001000000000011101010;
	0CD7  :   111111111111000100000000010001010000000011101010;
	0CD8  :   111111111111000100000000010000010000000011101010;
	0CD9  :   111111111111010000000000010001010000000011110000;
	0CDA  :   111111111111010000000000010000100000000011101011;
	0CDB  :   111111111111010100000000010001010000000011101100;
	0CDC  :   111111111111011100000000010001100000000011101100;
	0CDD  :   111111111111000000000000010000100000000011101011;
	0CDE  :   111111111111001000000000010001110000000011100110;
	0CDF  :   111111111111001000000000010000110000000011101100;
	0CE0  :   111111111111001100000000010000110000000011101110;
	0CE1  :   111111111111100100000000010001110000000011101110;
	0CE2  :   111111111111010000000000010000000000000011101111;
	0CE3  :   111111111111000100000000010000110000000011101110;
	0CE4  :   111111111111011000000000010010000000000011101110;
	0CE5  :   111111111111001100000000010001000000000011101010;
	0CE6  :   111111111111010000000000010001100000000011110010;
	0CE7  :   111111111111011000000000010010000000000011101101;
	0CE8  :   111111111111001000000000010010000000000011101101;
	[0CE9..0CEA]  :   111111111111001000000000010001000000000011101000;
	0CEB  :   111111111111010100000000010001100000000011101010;
	0CEC  :   111111111111001100000000010001110000000011101101;
	0CED  :   111111111111010100000000010010000000000011101101;
	0CEE  :   111111111111001100000000010010000000000011101010;
	0CEF  :   111111111111010000000000010001010000000011101100;
	0CF0  :   111111111110111000000000010000110000000011101001;
	0CF1  :   111111111111011000000000010001110000000011101010;
	0CF2  :   111111111111001100000000010000100000000011101000;
	0CF3  :   111111111111100100000000010000100000000011101001;
	0CF4  :   111111111111010100000000010010100000000011101010;
	0CF5  :   111111111111010000000000010000110000000011101011;
	0CF6  :   111111111111010100000000010001000000000011101001;
	0CF7  :   111111111111010100000000010010000000000011101000;
	0CF8  :   111111111111001000000000010001000000000011101011;
	0CF9  :   111111111111011000000000010001110000000011101110;
	0CFA  :   111111111111011000000000010010010000000011110001;
	0CFB  :   111111111111010100000000010001110000000011110000;
	0CFC  :   111111111111011100000000010001010000000011101110;
	0CFD  :   111111111111000000000000010001100000000011110001;
	0CFE  :   111111111111001100000000010010000000000011110000;
	0CFF  :   111111111111010000000000010001110000000011101101;
	0D00  :   111111111111000100000000010001110000000011110001;
	0D01  :   111111111110111000000000010001110000000011101110;
	0D02  :   111111111111000100000000010010010000000011101100;
	0D03  :   111111111111000100000000010001010000000011101101;
	0D04  :   111111111110111100000000010001010000000011110001;
	0D05  :   111111111110111100000000010001100000000011101101;
	0D06  :   111111111111000000000000010001000000000011100101;
	0D07  :   111111111110111100000000010000110000000011101100;
	0D08  :   111111111110111100000000010001010000000011101111;
	0D09  :   111111111110111100000000010000110000000011110001;
	0D0A  :   111111111111001100000000010001000000000011101101;
	0D0B  :   111111111111001100000000010001100000000011101001;
	0D0C  :   111111111111010000000000010000110000000011101010;
	0D0D  :   111111111111001000000000010001010000000011101011;
	0D0E  :   111111111111010000000000010000100000000011100111;
	0D0F  :   111111111111011000000000010000100000000011101001;
	0D10  :   111111111111010100000000010001000000000011101011;
	0D11  :   111111111111010100000000010000000000000011101010;
	0D12  :   111111111111011100000000010010000000000011101111;
	0D13  :   111111111111010100000000010000110000000011101000;
	0D14  :   111111111111010100000000010000110000000011101101;
	0D15  :   111111111111001000000000010000100000000011101011;
	0D16  :   111111111111001100000000010001010000000011101000;
	0D17  :   111111111111100000000000010000110000000011101101;
	0D18  :   111111111111010000000000010000110000000011101001;
	0D19  :   111111111111011000000000010001000000000011101010;
	0D1A  :   111111111111000000000000010010000000000011101010;
	0D1B  :   111111111111010100000000010001110000000011101001;
	0D1C  :   111111111111011000000000010001010000000011101001;
	0D1D  :   111111111111101000000000010010000000000011101110;
	0D1E  :   111111111111001100000000010001110000000011101111;
	0D1F  :   111111111111010100000000010000110000000011101010;
	0D20  :   111111111111001000000000010001100000000011101011;
	0D21  :   111111111111011000000000010000100000000011101000;
	0D22  :   111111111111011100000000010001000000000011110011;
	0D23  :   111111111111001000000000010001010000000011110001;
	0D24  :   111111111111010000000000010001100000000011110010;
	0D25  :   111111111111011000000000010001010000000011111000;
	0D26  :   111111111111001100000000010010010000000100000011;
	0D27  :   111111111111100000000000010001000000000100000100;
	0D28  :   111111111111011100000000010001110000000100001011;
	0D29  :   111111111111010100000000010010000000000100000110;
	0D2A  :   111111111111101100000000010000110000000100010000;
	0D2B  :   000000000000000000000000010000110000000100010001;
	0D2C  :   111111111111111100000000010000110000000100001101;
	0D2D  :   000000000000001100000000001111110000000100001110;
	0D2E  :   000000000000011000000000001111000000000100001001;
	0D2F  :   000000000000100000000000001101110000000100000010;
	0D30  :   000000000001000100000000001100100000000011111100;
	0D31  :   000000000001000000000000001010110000000011111001;
	0D32  :   000000000000110000000000001010000000000011110110;
	0D33  :   000000000000110100000000001000010000000011110111;
	0D34  :   000000000000111100000000001000100000000011110001;
	0D35  :   000000000000110000000000000110100000000011101010;
	0D36  :   000000000001001000000000000111000000000011100010;
	0D37  :   000000000001000000000000000111010000000011011100;
	0D38  :   000000000001000100000000001001000000000011010010;
	0D39  :   000000000000111000000000001011000000000011010010;
	0D3A  :   000000000000110100000000001010100000000011001101;
	0D3B  :   000000000000100000000000001100010000000011001010;
	0D3C  :   000000000000100100000000001010110000000011000111;
	0D3D  :   000000000001110000000000010010011111111100001110;
	0D3E  :   111111111101010000000000110011100000000000101110;
	0D3F  :   000000000010110000000000100001110000000000011111;
	0D40  :   000000000101010100000000001111010000000001000101;
	0D41  :   000000000001001000000000000100100000000001101111;
	0D42  :   111111111100100100000000000000000000000010110111;
	0D43  :   111111111001110000000000000101000000000011110100;
	0D44  :   111111111000000000000000010000010000000100001111;
	0D45  :   111111111000001100000000011010110000000101000111;
	0D46  :   111111111000111100000000100001000000000101001011;
	0D47  :   111111111010010000000000100100010000000100110100;
	0D48  :   111111111011000000000000100010100000000100011100;
	0D49  :   111111111011101100000000011111000000000100101001;
	0D4A  :   111111111100100000000000011101110000000101000101;
	0D4B  :   111111111101000100000000011011100000000101101111;
	0D4C  :   111111111101111100000000011011010000000110010001;
	0D4D  :   111111111110011000000000011011110000000110101001;
	0D4E  :   111111111110111100000000011100000000000110110111;
	0D4F  :   111111111111000100000000011101010000000111000010;
	0D50  :   111111111111010100000000011101000000000111001010;
	0D51  :   111111111111011000000000011100110000000111000010;
	0D52  :   111111111111110000000000011101010000000110111101;
	0D53  :   000000000000000000000000011100100000000110110001;
	0D54  :   000000000000100000000000011001110000000110101011;
	0D55  :   000000000001010100000000010110100000000110010110;
	0D56  :   000000000001010000000000010101000000000110000111;
	0D57  :   000000000000110100000000010110000000000101110100;
	0D58  :   000000000000101000000000011000110000000101011101;
	0D59  :   000000000000010100000000011001100000000101000111;
	0D5A  :   111111111111111100000000010101100000000100101101;
	0D5B  :   000000000000100100000000011011000000000100010111;
	0D5C  :   000000000000000000000000011000100000000011101001;
	0D5D  :   000000000000000100000000010110110000000011101101;
	0D5E  :   000000000000000000000000010111110000000011100001;
	0D5F  :   000000000000001000000000010110110000000011010110;
	0D60  :   000000000000010000000000010101000000000010110011;
	0D61  :   000000000010101100000000001110110000000010000000;
	0D62  :   000000000010100100000000001100010000000001011111;
	0D63  :   000000000001110100000000001010100000000001000100;
	0D64  :   000000000001010000000000001000101111111111111111;
	0D65  :   000000000000110100000000000110011111111111111110;
	0D66  :   000000000001001000000000001000000000000000000111;
	0D67  :   000000000000011100000000001011011111111111101101;
	0D68  :   000000000000001000000000001100010000000000001000;
	0D69  :   000000000000011000000000001011000000000000011101;
	0D6A  :   000000000000001000000000001011100000000000101110;
	0D6B  :   000000000000001000000000001011110000000000110110;
	0D6C  :   000000000000001100000000001100110000000000111110;
	0D6D  :   000000000000100000000000010000110000000001001101;
	0D6E  :   000000000001000000000000010001010000000001101010;
	0D6F  :   000000000000111100000000010010010000000010000111;
	0D70  :   000000000001000100000000010011100000000010100111;
	0D71  :   000000000001000100000000010100100000000011000111;
	0D72  :   000000000000110000000000010110100000000011101100;
	0D73  :   000000000000100100000000010111110000000100001100;
	0D74  :   000000000000010000000000011000100000000100101010;
	0D75  :   000000000000001000000000011001000000000100111110;
	0D76  :   000000000000001100000000010110100000000101000111;
	0D77  :   000000000000011100000000010100110000000101001000;
	0D78  :   000000000000010100000000010100100000000101000000;
	0D79  :   000000000000011000000000010010000000000100111010;
	0D7A  :   000000000000001000000000001111000000000100100111;
	0D7B  :   000000000000000000000000001100010000000100010010;
	0D7C  :   000000000000011100000000001011000000000100001011;
	0D7D  :   111111111111101000000000001010010000000011111010;
	0D7E  :   111111111111010100000000001001100000000011111111;
	0D7F  :   111111111110101000000000001000100000000011110101;
	0D80  :   111111111110001100000000001001010000000011111011;
	0D81  :   111111111110110000000000001100100000000011110110;
	0D82  :   111111111110110100000000001110100000000011110011;
	0D83  :   000000000000001000000000001011010000000001000101;
	0D84  :   111111111100001000000000011011011111111010010100;
	0D85  :   111111111011011000000000010111101111111110000110;
	0D86  :   111111111110110000000000001101010000000000001000;
	0D87  :   111111111110100000000000000111010000000001001000;
	0D88  :   111111111011111000000000001101110000000001110101;
	0D89  :   111111111000100000000000010110100000000010110100;
	0D8A  :   111111110111011100000000011101000000000011110001;
	0D8B  :   111111111000001000000000100100100000000100010001;
	0D8C  :   111111111010000100000000101000100000000100011010;
	0D8D  :   111111111011100100000000101000100000000100001001;
	0D8E  :   111111111100011000000000100011110000000100010101;
	0D8F  :   111111111101101000000000011111100000000100110110;
	0D90  :   111111111110101100000000011101010000000101100001;
	0D91  :   111111111111111100000000011110010000000110000110;
	0D92  :   000000000000011100000000011111010000000110100110;
	0D93  :   000000000000111100000000100000100000000110111010;
	0D94  :   000000000000101000000000100001010000000111001101;
	0D95  :   000000000000100100000000100001100000000111001000;
	0D96  :   000000000000001100000000100010110000000111000110;
	0D97  :   000000000000010000000000100011010000000110111001;
	0D98  :   000000000001001100000000100010110000000110110110;
	0D99  :   000000000001101000000000100010100000000110101011;
	0D9A  :   000000000001111100000000100000110000000110011101;
	0D9B  :   000000000001101000000000011111100000000110001011;
	0D9C  :   000000000001110000000000011110100000000110001001;
	0D9D  :   000000000001010100000000011110110000000101110011;
	0D9E  :   000000000001101100000000011101000000000101101000;
	0D9F  :   000000000001101100000000011100010000000101010011;
	0DA0  :   000000000001111100000000011011000000000101000011;
	0DA1  :   000000000010100000000000011001000000000100101110;
	0DA2  :   000000000010100000000000010111000000000100010110;
	0DA3  :   000000000010010000000000010101100000000100001110;
	0DA4  :   000000000010011000000000010010010000000100000011;
	0DA5  :   000000000001100100000000010000110000000011001100;
	0DA6  :   000000000010001100000000001101100000000011001110;
	0DA7  :   000000000101100100000000000101000000000010101101;
	0DA8  :   000000000100010100000000000000110000000010011010;
	0DA9  :   000000000010011000000000000001100000000001110110;
	0DAA  :   000000000001010000000000000001110000000001100010;
	0DAB  :   000000000000000100000000000010110000000001010010;
	0DAC  :   111111111111110000000000000011110000000001001000;
	0DAD  :   111111111111010100000000000100010000000000111011;
	0DAE  :   111111111110100000000000000110100000000000101100;
	0DAF  :   111111111110010000000000000111010000000000101011;
	0DB0  :   111111111110010000000000001001110000000000110011;
	0DB1  :   111111111110011100000000001011000000000000111111;
	0DB2  :   111111111110101000000000001101100000000001010101;
	0DB3  :   111111111110010000000000001111110000000001100000;
	0DB4  :   111111111110010000000000010001110000000001110000;
	0DB5  :   111111111110100000000000010011000000000001111110;
	0DB6  :   111111111110011000000000010100110000000010010111;
	0DB7  :   111111111110000100000000010101110000000010100111;
	0DB8  :   111111111110000000000000010110100000000010111000;
	0DB9  :   111111111101101000000000010111000000000011000100;
	0DBA  :   111111111101110100000000010111110000000011010010;
	0DBB  :   111111111110000000000000010111010000000011011001;
	0DBC  :   111111111110001100000000010110010000000011100000;
	0DBD  :   111111111110000000000000010110110000000011100101;
	0DBE  :   111111111110010100000000010110110000000011100111;
	0DBF  :   111111111110101100000000010111010000000011101111;
	0DC0  :   111111111111000100000000010111000000000011111000;
	0DC1  :   111111111111001100000000011000000000000011111110;
	0DC2  :   111111111111010000000000010111000000000100000011;
	0DC3  :   111111111111010100000000010111100000000100001001;
	0DC4  :   111111111111011100000000010111010000000100010000;
	0DC5  :   111111111111100000000000010111000000000100010101;
	0DC6  :   111111111111011000000000010111000000000100010110;
	0DC7  :   111111111111110000000000011000010000000100011010;
	0DC8  :   111111111111011100000000010110110000000100100000;
	0DC9  :   111111111111011100000000010111110000000100011100;
	0DCA  :   111111111111001000000000010100010000000100101011;
	0DCB  :   111111111111001000000000010101110000000100011111;
	0DCC  :   111111111111000000000000010100110000000100011010;
	0DCD  :   111111111111000000000000010101000000000100100000;
	0DCE  :   111111111110100100000000010011100000000100010011;
	0DCF  :   111111111110110000000000010010000000000100010101;
	0DD0  :   111111111110011100000000010001100000000100001011;
	0DD1  :   111111111110101100000000010001000000000100001101;
	0DD2  :   111111111110100100000000010001000000000100000011;
	0DD3  :   111111111110110000000000010001010000000100000000;
	0DD4  :   111111111111000000000000010010010000000011111011;
	0DD5  :   111111111111010000000000010010100000000011110111;
	0DD6  :   111111111111010000000000010010010000000011111001;
	0DD7  :   111111111111010000000000010010010000000011110000;
	0DD8  :   111111111111000100000000010010100000000011100110;
	0DD9  :   111111111111010000000000010001010000000011101011;
	0DDA  :   111111111111100000000000010001100000000011101001;
	0DDB  :   111111111111100000000000010010000000000011100010;
	0DDC  :   111111111111011000000000010001100000000011011101;
	0DDD  :   111111111111100000000000010011000000000011011010;
	0DDE  :   111111111111011000000000010001110000000011011001;
	0DDF  :   111111111111010100000000010001010000000011011100;
	0DE0  :   111111111111010000000000010001000000000011011010;
	0DE1  :   111111111111100100000000010001110000000011011001;
	0DE2  :   111111111111100000000000010010110000000011011010;
	0DE3  :   111111111111100000000000010010100000000011011111;
	0DE4  :   111111111111110000000000010010000000000011011100;
	0DE5  :   111111111111101100000000010010100000000011100000;
	0DE6  :   111111111111111100000000010011010000000011101000;
	0DE7  :   000000000000000000000000010011100000000011011111;
	0DE8  :   000000000000001000000000010011010000000011100101;
	0DE9  :   000000000000001100000000010011000000000011100110;
	0DEA  :   000000000000011100000000010011010000000011100110;
	0DEB  :   000000000000001100000000010011010000000011101001;
	0DEC  :   000000000000001000000000010011010000000011101001;
	0DED  :   000000000000010000000000010011100000000011100110;
	0DEE  :   000000000000001000000000010010110000000011101010;
	0DEF  :   111111111111111000000000010011010000000011101101;
	0DF0  :   000000000000000000000000010011110000000011101111;
	0DF1  :   111111111111101100000000010010110000000011101110;
	0DF2  :   000000000000000000000000010011110000000011110001;
	0DF3  :   111111111111111100000000010011010000000011110000;
	0DF4  :   111111111111110100000000010100000000000011101111;
	0DF5  :   111111111111011100000000010011110000000011101101;
	0DF6  :   111111111111011100000000010100100000000011101110;
	0DF7  :   111111111111100100000000010011010000000011101010;
	0DF8  :   111111111111010100000000010011100000000011101101;
	0DF9  :   111111111111000100000000010010110000000011101101;
	0DFA  :   111111111111000100000000010011010000000011101000;
	0DFB  :   111111111111001100000000010011010000000011100110;
	0DFC  :   111111111110111100000000010011110000000011101001;
	0DFD  :   111111111110111100000000010011010000000011101100;
	0DFE  :   111111111111000000000000010011110000000011100111;
	0DFF  :   111111111110111100000000010100010000000011101010;
	0E00  :   111111111110111000000000010100100000000011101000;
	0E01  :   111111111110101000000000010011110000000011100101;
	0E02  :   111111111110111000000000010011010000000011100111;
	0E03  :   111111111110110000000000010011100000000011100101;
	0E04  :   111111111110100100000000010011100000000011100111;
	0E05  :   111111111110111000000000010011010000000011101100;
	0E06  :   111111111110111100000000010011010000000011101010;
	0E07  :   111111111110110100000000010010110000000011101011;
	0E08  :   111111111111011000000000010010110000000011101010;
	0E09  :   111111111110111000000000010010100000000011101011;
	0E0A  :   111111111111000000000000010011010000000011101110;
	0E0B  :   111111111111010000000000010011010000000011101100;
	0E0C  :   111111111111001000000000010010010000000011110010;
	0E0D  :   111111111111001000000000010011000000000011101110;
	0E0E  :   111111111111010100000000010011000000000011101111;
	0E0F  :   111111111111100000000000010010100000000011110010;
	0E10  :   111111111111001000000000010010110000000011110011;
	0E11  :   111111111111001000000000010011000000000011110011;
	0E12  :   111111111111010000000000010010100000000011101111;
	0E13  :   111111111111001100000000010001100000000011101110;
	0E14  :   111111111111010000000000010010100000000011101100;
	0E15  :   111111111111011100000000010010010000000011101110;
	0E16  :   111111111111011000000000010010100000000011101011;
	0E17  :   111111111111011000000000010010000000000011101111;
	0E18  :   111111111111100000000000010010100000000011101010;
	0E19  :   111111111111010100000000010011100000000011101100;
	0E1A  :   111111111111011100000000010010100000000011100111;
	0E1B  :   111111111111011000000000010011110000000011100111;
	0E1C  :   111111111111001100000000010010100000000011100111;
	0E1D  :   111111111111011100000000010010110000000011100011;
	0E1E  :   111111111111100000000000010010000000000011100101;
	0E1F  :   111111111111100100000000010010010000000011100100;
	0E20  :   111111111111110000000000010011000000000011100101;
	0E21  :   111111111111100000000000010010100000000011100110;
	0E22  :   111111111111011100000000010010010000000011100101;
	0E23  :   111111111111011100000000010011010000000011100101;
	0E24  :   111111111111011000000000010011010000000011101001;
	0E25  :   111111111111011000000000010011000000000011100100;
	0E26  :   111111111111001100000000010010100000000011100100;
	0E27  :   111111111111010100000000010011000000000011100110;
	0E28  :   111111111111101000000000010010010000000011100001;
	0E29  :   111111111111011100000000010011000000000011101001;
	0E2A  :   111111111111011100000000010011110000000011101011;
	0E2B  :   111111111111100000000000010011010000000011101110;
	0E2C  :   111111111111100000000000010100010000000011100111;
	0E2D  :   111111111111011000000000010011000000000011101110;
	0E2E  :   111111111111100000000000010011110000000011101100;
	0E2F  :   111111111111000100000000010011000000000011101101;
	0E30  :   111111111111000100000000010010110000000011101001;
	0E31  :   111111111111010100000000010100000000000011101100;
	0E32  :   111111111111100100000000010011000000000011101001;
	0E33  :   111111111111011100000000010011000000000011101001;
	0E34  :   111111111111000000000000010010000000000011101101;
	0E35  :   111111111111001100000000010010110000000011110000;
	0E36  :   111111111111001000000000010011110000000011101101;
	0E37  :   111111111111010000000000010010110000000011101100;
	0E38  :   111111111110111100000000010011110000000011101101;
	0E39  :   111111111111011000000000010010110000000011101011;
	0E3A  :   111111111111000100000000010011000000000011101001;
	0E3B  :   111111111111000000000000010011010000000011101101;
	0E3C  :   111111111111000100000000010011000000000011101001;
	0E3D  :   111111111111010100000000010011110000000011101101;
	0E3E  :   111111111111000100000000010011010000000011101100;
	0E3F  :   111111111111010000000000010010100000000011101001;
	0E40  :   111111111111011100000000010010110000000011101111;
	0E41  :   111111111111011000000000010010110000000011110000;
	0E42  :   111111111111001100000000010011100000000011110001;
	0E43  :   111111111111010100000000010001110000000011100111;
	0E44  :   111111111111001000000000010010110000000011101010;
	0E45  :   111111111111010000000000010010110000000011101100;
	0E46  :   111111111111001100000000010011110000000011110000;
	0E47  :   111111111111000100000000010010000000000011101010;
	0E48  :   111111111111010000000000010010110000000011101001;
	0E49  :   111111111111100000000000010011000000000011101100;
	0E4A  :   111111111111011100000000010100000000000011100110;
	0E4B  :   111111111111010000000000010010000000000011101001;
	0E4C  :   111111111111011100000000010010110000000011100101;
	0E4D  :   111111111111100000000000010010010000000011101001;
	0E4E  :   111111111111011000000000010010110000000011100101;
	0E4F  :   111111111111001100000000010011100000000011101011;
	0E50  :   111111111111011100000000010010110000000011101011;
	0E51  :   111111111111001100000000010010110000000011100010;
	0E52  :   111111111111101000000000010011100000000011100101;
	0E53  :   111111111111110000000000010011010000000011100100;
	0E54  :   111111111111100000000000010010010000000011100100;
	0E55  :   111111111111110000000000010001010000000011100101;
	0E56  :   111111111111101100000000010011100000000011100101;
	0E57  :   111111111111011100000000010010110000000011100100;
	0E58  :   111111111111100000000000010011110000000011101000;
	0E59  :   111111111111010000000000010010110000000011101011;
	0E5A  :   111111111111100000000000010011100000000011110000;
	0E5B  :   111111111111001100000000010011010000000011100101;
	0E5C  :   111111111111100000000000010011000000000011101010;
	0E5D  :   111111111111010100000000010010100000000011101111;
	0E5E  :   111111111111010100000000010010010000000011101010;
	0E5F  :   111111111111010100000000010011000000000011101100;
	0E60  :   111111111111010100000000010010110000000011101100;
	0E61  :   111111111111000000000000010011010000000011110000;
	0E62  :   111111111111011000000000010011100000000011101101;
	0E63  :   111111111111011000000000010100000000000011101011;
	0E64  :   111111111111010000000000010011000000000011101011;
	0E65  :   111111111111001000000000010010110000000011101101;
	0E66  :   111111111111010000000000010100000000000011110011;
	0E67  :   111111111111010000000000010011000000000011110010;
	0E68  :   111111111111001000000000010011100000000011101011;
	0E69  :   111111111111001100000000010010110000000011101100;
	0E6A  :   111111111111010100000000010011010000000011110001;
	0E6B  :   111111111111011000000000010010110000000011101011;
	0E6C  :   111111111111010000000000010011000000000011101111;
	0E6D  :   111111111111001100000000010010010000000011101001;
	0E6E  :   111111111111010100000000010011110000000011101010;
	0E6F  :   111111111110111100000000010011100000000011100101;
	0E70  :   111111111111001000000000010010010000000011100100;
	0E71  :   111111111111011100000000010010110000000011101001;
	0E72  :   111111111111010100000000010011100000000011100001;
	0E73  :   111111111111011100000000010011110000000011100101;
	0E74  :   111111111111011000000000010010100000000011100110;
	0E75  :   111111111111010000000000010010110000000011100011;
	0E76  :   111111111111100100000000010011000000000011100110;
	0E77  :   111111111111100000000000010001110000000011100101;
	0E78  :   111111111111011100000000010011000000000011100010;
	0E79  :   111111111111010100000000010011110000000011100010;
	0E7A  :   111111111111011100000000010010110000000011100110;
	0E7B  :   111111111111101000000000010011010000000011100110;
	0E7C  :   111111111111111000000000010010100000000011101001;
	0E7D  :   111111111111101000000000010010100000000011100111;
	0E7E  :   111111111111011000000000010011000000000011101000;
	0E7F  :   111111111111100100000000010010100000000011101000;
	0E80  :   111111111111100000000000010010000000000011101001;
	0E81  :   111111111111100000000000010010000000000011101100;
	0E82  :   111111111111011000000000010011010000000011101001;
	0E83  :   111111111111011000000000010011100000000011101111;
	0E84  :   111111111111100000000000010011010000000011101110;
	0E85  :   111111111111011000000000010011010000000011101110;
	0E86  :   111111111111001100000000010010010000000011101111;
	0E87  :   111111111111100100000000010011000000000011110000;
	0E88  :   111111111111000100000000010010100000000011110001;
	0E89  :   111111111111011000000000010010110000000011101100;
	0E8A  :   111111111111001000000000010010010000000011101100;
	0E8B  :   111111111111011000000000010011110000000011101001;
	0E8C  :   111111111111100100000000010010110000000011101001;
	0E8D  :   111111111111100000000000010011010000000011101010;
	0E8E  :   111111111111010000000000010011000000000011100101;
	0E8F  :   111111111111010000000000010010010000000011101000;
	0E90  :   111111111111101000000000010011000000000011100111;
	0E91  :   111111111111010000000000010010110000000011101000;
	0E92  :   111111111111001100000000010010110000000011101000;
	0E93  :   111111111111011000000000010010100000000011101100;
	0E94  :   111111111111010100000000010010010000000011100111;
	0E95  :   111111111111000000000000010011010000000011101101;
	0E96  :   111111111111010000000000010010000000000011101011;
	0E97  :   111111111111001000000000010010100000000011101110;
	0E98  :   111111111111010000000000010011010000000011101100;
	0E99  :   111111111111010000000000010010010000000011101100;
	0E9A  :   111111111110111100000000010010110000000011101101;
	0E9B  :   111111111111011100000000010010000000000011110000;
	0E9C  :   111111111111001000000000010010110000000011110001;
	0E9D  :   111111111111000000000000010010110000000011110000;
	0E9E  :   111111111111011000000000010010100000000011101011;
	0E9F  :   111111111111010100000000010010110000000011101101;
	[0EA0..0EA1]  :   111111111111010100000000010011000000000011101101;
	0EA2  :   111111111111001100000000010100100000000011100111;
	0EA3  :   111111111111000000000000010011100000000011100111;
	0EA4  :   111111111111010100000000010011000000000011101011;
	0EA5  :   111111111111011000000000010010110000000011101001;
	0EA6  :   111111111111101000000000010011010000000011100111;
	0EA7  :   111111111111011100000000010011010000000011100101;
	0EA8  :   111111111111010100000000010011000000000011101000;
	0EA9  :   111111111111011000000000010010100000000011101010;
	0EAA  :   111111111111010100000000010010000000000011101001;
	0EAB  :   111111111111011100000000010011010000000011101011;
	0EAC  :   111111111111010000000000010010110000000011101011;
	0EAD  :   111111111111110000000000010001110000000011101110;
	0EAE  :   111111111111011100000000010010000000000011101010;
	0EAF  :   111111111111010000000000010011010000000011101001;
	0EB0  :   111111111111010000000000010011000000000011100111;
	0EB1  :   111111111111010000000000010010010000000011110010;
	0EB2  :   111111111111001000000000010010010000000011100111;
	0EB3  :   111111111111100000000000010010110000000011101100;
	0EB4  :   111111111111010100000000010100000000000011101100;
	0EB5  :   111111111111011000000000010100000000000011100101;
	0EB6  :   111111111111001100000000010010110000000011101011;
	0EB7  :   111111111111011000000000010010110000000011101100;
	0EB8  :   111111111111011000000000010011110000000011110000;
	0EB9  :   111111111111100100000000010010110000000011110000;
	0EBA  :   111111111111000100000000010010110000000011101010;
	0EBB  :   111111111111010000000000010011100000000011101100;
	0EBC  :   111111111111010000000000010011010000000011101100;
	0EBD  :   111111111111100000000000010010010000000011101101;
	0EBE  :   111111111111011000000000010010010000000011101111;
	0EBF  :   111111111111011000000000010010110000000011110011;
	0EC0  :   111111111111010100000000010011000000000011101100;
	0EC1  :   111111111111001100000000010001100000000011101100;
	0EC2  :   111111111111000100000000010001110000000011101100;
	0EC3  :   111111111111010100000000010010000000000011110000;
	0EC4  :   111111111111001000000000010011000000000011110000;
	0EC5  :   111111111111010100000000010010110000000011101100;
	0EC6  :   111111111111011100000000010010000000000011101100;
	0EC7  :   111111111111100100000000010010100000000011101111;
	0EC8  :   111111111111100000000000010010100000000011101010;
	0EC9  :   111111111111011100000000010011010000000011101010;
	0ECA  :   111111111111000000000000010010110000000011100110;
	0ECB  :   111111111111000100000000010011010000000011100110;
	0ECC  :   111111111111001000000000010011000000000011101010;
	0ECD  :   111111111111000100000000010010100000000011100101;
	0ECE  :   111111111111001100000000010001110000000011100110;
	0ECF  :   111111111111000100000000010010110000000011101000;
	0ED0  :   111111111111000000000000010010000000000011101100;
	0ED1  :   111111111111001000000000010011010000000011101011;
	0ED2  :   111111111111000000000000010011000000000011101101;
	0ED3  :   111111111111000000000000010010010000000011101111;
	0ED4  :   111111111111000000000000010011110000000011101001;
	0ED5  :   111111111111000000000000010010110000000011101010;
	0ED6  :   111111111111001000000000010010010000000011101101;
	0ED7  :   111111111111010000000000010011000000000011101001;
	0ED8  :   111111111111001100000000010011000000000011101110;
	0ED9  :   111111111111000000000000010010010000000011110000;
	0EDA  :   111111111111011000000000010011100000000011101101;
	0EDB  :   111111111111000100000000010010100000000011101110;
	0EDC  :   111111111111010100000000010011000000000011101110;
	0EDD  :   111111111111001000000000010010100000000011100111;
	0EDE  :   111111111111011100000000010010100000000011101111;
	0EDF  :   111111111111011000000000010011010000000011101001;
	0EE0  :   111111111111010100000000010010100000000011100110;
	0EE1  :   111111111111011100000000010010010000000011101010;
	0EE2  :   111111111111001100000000010011010000000011100101;
	0EE3  :   111111111111011100000000010010010000000011101100;
	0EE4  :   111111111111001000000000010010000000000011100111;
	0EE5  :   111111111111010000000000010001010000000011101001;
	0EE6  :   111111111111000100000000010011100000000011101100;
	0EE7  :   111111111111010000000000010100000000000011101001;
	0EE8  :   111111111111100100000000010010010000000011101000;
	0EE9  :   111111111111001100000000010010100000000011100101;
	0EEA  :   111111111111011100000000010100000000000011101011;
	0EEB  :   111111111111100000000000010011100000000011100110;
	0EEC  :   111111111111010000000000010010110000000011101010;
	0EED  :   111111111111011000000000010010100000000011100110;
	0EEE  :   111111111111010000000000010011010000000011100111;
	0EEF  :   111111111111001000000000010010100000000011100110;
	0EF0  :   111111111111010100000000010010100000000011100100;
	0EF1  :   111111111111011000000000010011110000000011100111;
	0EF2  :   111111111111010100000000010011100000000011101000;
	0EF3  :   111111111111001000000000010011010000000011100100;
	0EF4  :   111111111111001000000000010010110000000011100100;
	0EF5  :   111111111111000100000000010010010000000011100100;
	0EF6  :   111111111110111100000000010010000000000011101001;
	0EF7  :   111111111111010100000000010010100000000011101011;
	0EF8  :   111111111111001100000000010010010000000011101011;
	0EF9  :   111111111111001000000000010010110000000011101011;
	0EFA  :   111111111111011100000000010011110000000011101111;
	0EFB  :   111111111111001100000000010010100000000011101110;
	0EFC  :   111111111111000100000000010011000000000011101010;
	0EFD  :   111111111111010000000000010011000000000011101111;
	0EFE  :   111111111111010000000000010010100000000011101100;
	0EFF  :   111111111111010100000000010010000000000011101010;
	0F00  :   111111111111010100000000010010100000000011101011;
	0F01  :   111111111111001100000000010010010000000011101101;
	0F02  :   111111111111001000000000010010110000000011101001;
	0F03  :   111111111111010000000000010010000000000011101101;
	0F04  :   111111111111000000000000010010010000000011100101;
	0F05  :   111111111111011000000000010011100000000011101000;
	0F06  :   111111111111010100000000010011000000000011101010;
	0F07  :   111111111111001100000000010011000000000011101110;
	0F08  :   111111111111011000000000010001110000000011101001;
	0F09  :   111111111111000000000000010010110000000011101001;
	0F0A  :   111111111111000100000000010010100000000011101010;
	0F0B  :   111111111111000000000000010001110000000011101000;
	0F0C  :   111111111111000100000000010010000000000011101110;
	0F0D  :   111111111111010100000000010010110000000011101101;
	0F0E  :   111111111111000100000000010010010000000011101100;
	0F0F  :   111111111111001000000000010010100000000011101110;
	0F10  :   111111111111001100000000010010110000000011110000;
	0F11  :   111111111111001100000000010011010000000011101011;
	0F12  :   111111111111001000000000010010110000000011101101;
	0F13  :   111111111110110100000000010010100000000011101000;
	0F14  :   111111111111001000000000010010100000000011100110;
	0F15  :   111111111111000000000000010100000000000011101001;
	0F16  :   111111111111000100000000010011100000000011101101;
	0F17  :   111111111111010000000000010011000000000011101011;
	0F18  :   111111111111010100000000010011010000000011101000;
	0F19  :   111111111111010100000000010010000000000011101010;
	0F1A  :   111111111111001000000000010011000000000011101010;
	0F1B  :   111111111111011000000000010001100000000011101000;
	0F1C  :   111111111111001000000000010010000000000011101001;
	0F1D  :   111111111110111000000000010001110000000011101000;
	0F1E  :   111111111111001000000000010011000000000011100111;
	0F1F  :   111111111110111000000000010010010000000011100110;
	0F20  :   111111111111000000000000010001000000000011101010;
	0F21  :   111111111111100000000000010010010000000011101011;
	0F22  :   111111111111001000000000010010100000000011100110;
	0F23  :   111111111111010000000000010010100000000011101011;
	0F24  :   111111111111011000000000010010110000000011101111;
	0F25  :   111111111111010000000000010011010000000011101011;
	0F26  :   111111111110111000000000010010100000000011110010;
	0F27  :   111111111111010000000000010011110000000011101011;
	0F28  :   111111111111010100000000010011010000000011101101;
	0F29  :   111111111111011000000000010011100000000011101110;
	0F2A  :   111111111111011100000000010011100000000011101010;
	0F2B  :   111111111111011000000000010100000000000011101011;
	0F2C  :   111111111111010100000000010011110000000011101010;
	0F2D  :   111111111111011000000000010011100000000011101110;
	0F2E  :   111111111111010100000000010010100000000011101100;
	0F2F  :   111111111111011100000000010010010000000011101110;
	0F30  :   111111111111001100000000010011000000000011110001;
	0F31  :   111111111111001100000000010011110000000011101000;
	0F32  :   111111111110111000000000010010100000000011100111;
	0F33  :   111111111111010100000000010011010000000011101101;
	0F34  :   111111111111001100000000010011110000000011101011;
	0F35  :   111111111111000100000000010011010000000011101100;
	0F36  :   111111111111000000000000010011000000000011101010;
	0F37  :   111111111110111100000000010011010000000011100110;
	0F38  :   111111111111000000000000010010100000000011101010;
	0F39  :   111111111111000000000000010010010000000011100111;
	0F3A  :   111111111111000100000000010011100000000011101010;
	0F3B  :   111111111111000100000000010011000000000011101011;
	0F3C  :   111111111110111100000000010011110000000011100110;
	0F3D  :   111111111110111100000000010100000000000011101001;
	0F3E  :   111111111111010000000000010011110000000011101010;
	0F3F  :   111111111110111100000000010010010000000011101100;
	0F40  :   111111111110111100000000010011010000000011100111;
	0F41  :   111111111111010100000000010011010000000011101001;
	0F42  :   111111111110110100000000010011010000000011101011;
	0F43  :   111111111110111000000000010011000000000011100111;
	0F44  :   111111111110111100000000010011010000000011100011;
	0F45  :   111111111110111100000000010011000000000011101001;
	0F46  :   111111111110111100000000010011010000000011100001;
	0F47  :   111111111111000000000000010011010000000011100110;
	0F48  :   111111111110110100000000010011010000000011100101;
	0F49  :   111111111111000000000000010011110000000011101001;
	0F4A  :   111111111111001000000000010100000000000011101000;
	0F4B  :   111111111111000000000000010100000000000011100101;
	0F4C  :   111111111111000100000000010011000000000011101010;
	0F4D  :   111111111111000000000000010011100000000011100101;
	0F4E  :   111111111111000000000000010011110000000011101011;
	0F4F  :   111111111111010000000000010010100000000011100100;
	0F50  :   111111111111010100000000010100010000000011100101;
	0F51  :   111111111111001000000000010010110000000011100110;
	0F52  :   111111111111100000000000010011100000000011101001;
	0F53  :   111111111111100000000000010010100000000011100010;
	0F54  :   111111111111110000000000010010010000000011100101;
	0F55  :   111111111111110000000000010001110000000011101001;
	0F56  :   111111111111010100000000010001010000000011100110;
	0F57  :   111111111111110100000000010001000000000011101010;
	0F58  :   111111111111111100000000010010000000000011100001;
	0F59  :   000000000000000000000000010010110000000011100101;
	0F5A  :   111111111111111100000000010010110000000011100101;
	0F5B  :   111111111111110100000000010010100000000011101000;
	0F5C  :   000000000000000100000000010010000000000011101110;
	0F5D  :   000000000000000100000000010001110000000011101001;
	0F5E  :   000000000000000000000000010000110000000011101000;
	0F5F  :   111111111111111000000000010001000000000011101000;
	0F60  :   000000000000001000000000010000110000000011101000;
	0F61  :   111111111111111100000000010001010000000011101011;
	0F62  :   000000000000000100000000010000010000000011101000;
	0F63  :   111111111111110000000000010001000000000011100111;
	0F64  :   111111111111110100000000010010100000000011101001;
	0F65  :   111111111111011000000000010001100000000011110011;
	0F66  :   111111111111011000000000010010000000000011110010;
	0F67  :   111111111111001100000000010010010000000011110000;
	0F68  :   111111111111001000000000010001010000000011110000;
	0F69  :   111111111111001000000000010001110000000011110010;
	0F6A  :   111111111111011000000000010001110000000011110110;
	0F6B  :   111111111111011000000000010001100000000011110101;
	0F6C  :   111111111111011000000000010001110000000011110001;
	0F6D  :   111111111111011000000000010000100000000011110101;
	0F6E  :   111111111111010000000000010000110000000011101110;
	0F6F  :   111111111111001100000000010001000000000011110101;
	0F70  :   111111111111001000000000010000110000000011110110;
	0F71  :   111111111111000000000000010001000000000011111011;
	0F72  :   111111111110111100000000010000100000000011111101;
	0F73  :   111111111111001000000000001111100000000011111000;
	0F74  :   111111111111000000000000001111100000000011110100;
	0F75  :   111111111111000000000000010000000000000011110011;
	0F76  :   111111111111001100000000001111110000000011110001;
	0F77  :   111111111110111100000000010000010000000011101111;
	0F78  :   111111111110110100000000010000110000000011110000;
	0F79  :   111111111110111100000000001111110000000011101111;
	0F7A  :   111111111111001000000000010001100000000011110011;
	0F7B  :   111111111111110100000000010010010000000011101110;
	0F7C  :   111111111111100100000000010011010000000011101011;
	0F7D  :   111111111111110100000000010011100000000011101011;
	0F7E  :   111111111101101000000000010010010000000011100011;
	0F7F  :   111111111100111100000000010011010000000011010110;
	0F80  :   111111111110100100000000010100000000000011011100;
	0F81  :   111111111111110100000000010100100000000011011111;
	0F82  :   000000000000100100000000010101110000000011101001;
	0F83  :   000000000001000100000000010100010000000011100111;
	0F84  :   000000000001001000000000010011110000000011101000;
	0F85  :   000000000001001000000000010010110000000011101100;
	0F86  :   000000000000110000000000010010010000000011110001;
	0F87  :   000000000000100000000000010010010000000011110010;
	0F88  :   000000000000010100000000010010100000000011110111;
	0F89  :   111111111111110100000000010011000000000011110101;
	0F8A  :   111111111111011100000000010001100000000011111001;
	0F8B  :   111111111111100100000000010010010000000011111100;
	0F8C  :   111111111111010000000000010011000000000011111110;
	0F8D  :   111111111111010000000000010001110000000011111101;
	0F8E  :   111111111111010000000000010010000000000100000000;
	0F8F  :   111111111111011100000000010001110000000011111011;
	0F90  :   111111111111001000000000010011010000000011111100;
	0F91  :   111111111111010100000000010011100000000011111000;
	0F92  :   111111111110111000000000010101010000000011110101;
	0F93  :   111111111110110100000000010100110000000011110001;
	0F94  :   111111111110101100000000010100010000000011101100;
	0F95  :   111111111110110000000000010011100000000011100101;
	0F96  :   111111111110101000000000010101000000000011100010;
	0F97  :   111111111110111100000000010011100000000011100000;
	0F98  :   111111111111000000000000010011010000000011100100;
	[0F99..0F9A]  :   111111111111000000000000010010110000000011100011;
	0F9B  :   111111111111010000000000010011110000000011100111;
	0F9C  :   111111111111000100000000010010110000000011101000;
	0F9D  :   111111111111011000000000010010010000000011100110;
	0F9E  :   111111111111010100000000010010010000000011100100;
	0F9F  :   111111111111100000000000010010010000000011100001;
	0FA0  :   111111111111011000000000010011000000000011100010;
	0FA1  :   111111111111100000000000010011000000000011100101;
	0FA2  :   111111111111100000000000010011010000000011100011;
	0FA3  :   111111111111101000000000010100000000000011100001;
	0FA4  :   111111111111101000000000010100010000000011100110;
	0FA5  :   111111111111101100000000010100000000000011100010;
	0FA6  :   111111111111001100000000010100100000000011100111;
	0FA7  :   111111111111011000000000010110010000000011100001;
	0FA8  :   111111111111001000000000010110010000000011100000;
	0FA9  :   111111111111000100000000010101100000000011100000;
	0FAA  :   111111111110101100000000010110100000000011100001;
	0FAB  :   111111111110111100000000010111010000000011011100;
	0FAC  :   111111111111001000000000010110110000000011011111;
	0FAD  :   111111111110110100000000010111000000000011100000;
	0FAE  :   111111111110111000000000011000000000000011100000;
	0FAF  :   111111111111000000000000010111100000000011011100;
	0FB0  :   111111111111010100000000011000100000000011011100;
	0FB1  :   111111111111000000000000010110100000000011100000;
	0FB2  :   111111111111000100000000010110110000000011011111;
	0FB3  :   111111111111000100000000010110010000000011010000;
	0FB4  :   111111111110111000000000010101000000000011010111;
	0FB5  :   111111111111000000000000010101010000000011011010;
	0FB6  :   111111111110111000000000010101100000000011010110;
	0FB7  :   111111111111001000000000010101110000000011010101;
	0FB8  :   111111111111000000000000010101000000000011010110;
	0FB9  :   111111111111000100000000010011110000000011010101;
	0FBA  :   111111111111000100000000010100010000000011010100;
	0FBB  :   111111111111001000000000010101110000000011001010;
	0FBC  :   111111111111000000000000010101000000000011000001;
	0FBD  :   111111111111001100000000010101000000000010111100;
	0FBE  :   111111111111010000000000010101010000000010101100;
	0FBF  :   111111111111011000000000010101100000000010101100;
	0FC0  :   000000000000001000000000010010110000000010110001;
	0FC1  :   000000000001010000000000010000010000000011010101;
	0FC2  :   000000000010001000000000001110100000000100010000;
	0FC3  :   000000000010011100000000001101000000000100111011;
	0FC4  :   000000000011000000000000001111010000000100111101;
	0FC5  :   000000000001010000000000001010010000000101001000;
	0FC6  :   000000000001010000000000001000110000000100101010;
	0FC7  :   000000000000100000000000000110100000000100011110;
	0FC8  :   111111111111111100000000000111100000000100000110;
	0FC9  :   111111111111011000000000001000000000000100000000;
	0FCA  :   111111111110110000000000000110110000000011111110;
	0FCB  :   111111111110011100000000001000110000000100000000;
	0FCC  :   111111111110000100000000001001110000000100001100;
	0FCD  :   111111111110001000000000001011000000000100001011;
	0FCE  :   111111111110010000000000001101110000000100010101;
	0FCF  :   111111111110100100000000010000000000000100010001;
	0FD0  :   111111111110100100000000010001100000000100000110;
	0FD1  :   111111111110110100000000010010100000000011111010;
	0FD2  :   111111111111000100000000010011110000000011110000;
	0FD3  :   111111111111010000000000010101000000000011100101;
	0FD4  :   111111111111000100000000010110100000000011100001;
	0FD5  :   111111111110111000000000010110010000000011100011;
	0FD6  :   111111111110110000000000010100110000000011100011;
	0FD7  :   111111111110100000000000010101010000000011100101;
	0FD8  :   111111111111000000000000010100010000000011101011;
	0FD9  :   111111111111000000000000010100110000000011101111;
	0FDA  :   111111111111010100000000010101010000000011110001;
	0FDB  :   111111111111110000000000010010100000000011101001;
	0FDC  :   111111111111100100000000010010010000000011101001;
	0FDD  :   111111111111101000000000010010010000000011101010;
	0FDE  :   111111111111110000000000010010000000000011101000;
	0FDF  :   000000000000000000000000010010010000000011100110;
	0FE0  :   111111111111110000000000010001000000000011101011;
	0FE1  :   111111111111111100000000010001000000000011101111;
	0FE2  :   111111111111011000000000010001100000000011101110;
	0FE3  :   111111111111111000000000010001000000000011110000;
	0FE4  :   111111111111011100000000010001110000000011110000;
	0FE5  :   111111111111101000000000010001000000000011101110;
	0FE6  :   111111111111101000000000010001010000000011110000;
	0FE7  :   111111111111010000000000010011010000000011101100;
	0FE8  :   111111111111010100000000010001100000000011101010;
	0FE9  :   111111111111100000000000010010000000000011101000;
	0FEA  :   111111111111000000000000010010110000000011101101;
	0FEB  :   111111111111001000000000010011010000000011101101;
	0FEC  :   111111111111001000000000010011010000000011101001;
	0FED  :   111111111111001100000000010010100000000011100101;
	0FEE  :   111111111111000000000000010100000000000011100010;
	0FEF  :   111111111111001100000000010100010000000011100100;
	0FF0  :   111111111111001000000000010100000000000011100100;
	0FF1  :   111111111111011000000000010100010000000011011101;
	0FF2  :   111111111111100000000000010100010000000011011101;
	0FF3  :   111111111111011100000000010011110000000011011111;
	0FF4  :   111111111111101100000000010011100000000011100011;
	0FF5  :   111111111111110000000000010011110000000011100000;
	0FF6  :   111111111111110100000000010011100000000011011111;
	0FF7  :   111111111111101100000000010011110000000011011110;
	0FF8  :   111111111111101000000000010011010000000011011100;
	0FF9  :   111111111111111100000000010011010000000011011100;
	0FFA  :   111111111111111100000000010010110000000011011111;
	0FFB  :   111111111111101000000000010100010000000011100001;
	0FFC  :   111111111111111000000000010101000000000011100001;
	0FFD  :   111111111111110100000000010010100000000011100000;
	0FFE  :   111111111111111000000000010100000000000011100101;
	0FFF  :   111111111111011100000000010100010000000011100100;
	1000  :   111111111111100100000000010001000000000011101110;
	1001  :   111111111111011100000000010000010000000011101101;
	1002  :   111111111111010000000000010001000000000011101010;
	1003  :   111111111111011100000000010000000000000011100110;
	1004  :   111111111111100000000000010001000000000011100111;
	1005  :   111111111111100000000000010000000000000011101010;
	1006  :   111111111111011100000000010000100000000011101000;
	1007  :   111111111111011000000000010000010000000011101110;
	1008  :   111111111111100000000000010001000000000011101100;
	1009  :   111111111111001100000000010001000000000011100111;
	100A  :   111111111111100000000000001111110000000011100111;
	100B  :   111111111111010100000000010000010000000011101000;
	100C  :   111111111111100000000000010000110000000011101100;
	100D  :   111111111111000100000000010001000000000011101010;
	100E  :   111111111111011100000000010001000000000011110001;
	100F  :   111111111111010100000000001111110000000011101011;
	1010  :   111111111111100100000000010000010000000011101111;
	1011  :   111111111111110000000000010000010000000011101100;
	1012  :   111111111111100000000000010000000000000011101011;
	1013  :   111111111111011100000000010001010000000011101111;
	1014  :   111111111111010100000000010000100000000011101000;
	1015  :   111111111111011100000000010001010000000011110011;
	1016  :   111111111111000100000000010000100000000011101101;
	1017  :   111111111111010100000000010001010000000011110110;
	1018  :   111111111111010100000000010000100000000011101110;
	1019  :   111111111111000000000000010000110000000011101110;
	101A  :   111111111111001100000000010000100000000011101100;
	101B  :   111111111111001100000000010001110000000011101111;
	101C  :   111111111111001100000000010000110000000011110010;
	101D  :   111111111111000100000000010000110000000011110000;
	101E  :   111111111111010000000000010001100000000011101010;
	101F  :   111111111111010000000000010001100000000011101110;
	1020  :   111111111111010000000000010001000000000011101100;
	1021  :   111111111111101000000000010001010000000011101101;
	1022  :   111111111111011000000000010001010000000011100110;
	1023  :   111111111111010000000000010001000000000011101001;
	1024  :   111111111111101000000000010001000000000011101110;
	1025  :   111111111111011000000000010000100000000011110000;
	1026  :   111111111111011000000000010001010000000011101110;
	1027  :   111111111111100100000000010000110000000011101111;
	1028  :   111111111111011000000000010001000000000011101111;
	1029  :   111111111111101000000000010001110000000011101111;
	102A  :   111111111111011100000000010000000000000011101111;
	102B  :   111111111111011000000000010001010000000011101111;
	102C  :   111111111111100000000000010000100000000011110000;
	102D  :   111111111111101000000000010000010000000011101010;
	102E  :   111111111111001100000000010001000000000011110011;
	102F  :   111111111111011100000000010001010000000011101010;
	1030  :   111111111111101000000000010000110000000011110001;
	1031  :   111111111111101000000000010001000000000011101011;
	1032  :   111111111111011100000000010000110000000011110000;
	1033  :   111111111111011000000000010000110000000011100101;
	1034  :   111111111111010100000000010010010000000011101100;
	1035  :   111111111111010100000000010001010000000011101011;
	1036  :   111111111111011000000000010001000000000011100111;
	1037  :   111111111111101000000000010000110000000011101101;
	1038  :   111111111111110000000000001111100000000011101100;
	1039  :   111111111111100000000000010000000000000011110000;
	103A  :   111111111111100000000000010001000000000011101100;
	103B  :   111111111111001000000000010000100000000011101000;
	103C  :   111111111111011100000000010000110000000011110000;
	103D  :   111111111111101000000000010001010000000011101111;
	103E  :   111111111111010000000000010001000000000011101000;
	103F  :   111111111111100100000000010001000000000011101100;
	1040  :   111111111111101000000000010001010000000011100111;
	1041  :   111111111111100100000000010000100000000011101000;
	1042  :   111111111111011000000000010001000000000011101010;
	1043  :   111111111111010100000000010000100000000011100111;
	1044  :   111111111111001100000000010000110000000011100110;
	1045  :   111111111111001100000000010010000000000011101010;
	1046  :   111111111111000000000000010001010000000011101111;
	1047  :   111111111111010100000000010001010000000011101100;
	1048  :   111111111111000100000000010000110000000011110000;
	1049  :   111111111111000100000000010000110000000011101111;
	104A  :   111111111110111100000000010001110000000011101010;
	104B  :   111111111110111100000000010001110000000011101101;
	104C  :   111111111111001100000000010001100000000011101100;
	104D  :   111111111111000100000000010001100000000011101101;
	104E  :   111111111111001100000000010001100000000011110010;
	104F  :   111111111111000100000000010001100000000011101101;
	1050  :   111111111111001100000000010001110000000011101101;
	1051  :   111111111111011000000000010001110000000011101111;
	1052  :   111111111110111100000000010001010000000011101101;
	1053  :   111111111111011000000000010001110000000011101101;
	1054  :   111111111111001100000000010010000000000011110000;
	1055  :   111111111111011100000000010010010000000011110010;
	1056  :   111111111111101000000000010001100000000011110010;
	1057  :   111111111111101000000000010001000000000011101000;
	1058  :   111111111111001100000000010001010000000011101000;
	1059  :   111111111111011100000000010000110000000011101110;
	105A  :   111111111111100000000000010000110000000011100111;
	105B  :   111111111111011100000000010001000000000011100111;
	105C  :   111111111111100000000000010001000000000011101010;
	105D  :   111111111111100100000000010000110000000011101101;
	105E  :   111111111111100100000000010001110000000011101101;
	105F  :   111111111111101000000000010001000000000011101110;
	1060  :   111111111111100100000000010000110000000011101101;
	1061  :   111111111111010000000000010001110000000011101101;
	1062  :   111111111111101000000000010001100000000011101100;
	1063  :   111111111111001100000000010000010000000011100111;
	1064  :   111111111111001000000000010000100000000011101000;
	1065  :   111111111111010000000000010001000000000011101010;
	1066  :   111111111111001000000000010001010000000011101101;
	1067  :   111111111111010100000000010000000000000011101001;
	1068  :   111111111111001100000000010000100000000011101100;
	1069  :   111111111110111100000000010000100000000011101100;
	106A  :   111111111111000000000000010001100000000011101101;
	106B  :   111111111111010000000000010000100000000011101011;
	106C  :   111111111111001100000000010000000000000011101110;
	106D  :   111111111111010100000000010001000000000011101110;
	106E  :   111111111110110100000000010001100000000011101001;
	106F  :   111111111111000000000000010001000000000011101100;
	1070  :   111111111111011000000000010000110000000011101101;
	1071  :   111111111111011000000000010000100000000011110000;
	1072  :   111111111111011000000000010001010000000011101101;
	1073  :   111111111111000000000000010000010000000011101111;
	1074  :   111111111111001100000000010001000000000011110000;
	1075  :   111111111111001000000000010000110000000011110000;
	1076  :   111111111111001000000000010001010000000011101001;
	1077  :   111111111111010000000000010000100000000011101011;
	1078  :   111111111111011000000000010000110000000011101100;
	1079  :   111111111111100000000000010000100000000011110010;
	107A  :   111111111111100000000000010000010000000011110000;
	107B  :   111111111111011000000000010001000000000011110010;
	107C  :   111111111111001100000000010000010000000011110000;
	107D  :   111111111111000000000000010001010000000011101110;
	107E  :   111111111111000100000000010000100000000011101110;
	107F  :   111111111111010100000000010001000000000011101110;
	1080  :   111111111111000100000000010001010000000011110001;
	1081  :   111111111111000000000000010000100000000011110001;
	1082  :   111111111111011100000000010001100000000011101110;
	1083  :   111111111111001000000000010001100000000011101101;
	1084  :   111111111111001100000000010001010000000011101101;
	1085  :   111111111111001100000000010000110000000011101100;
	1086  :   111111111110110100000000010001010000000011101010;
	1087  :   111111111111001000000000010000100000000011101111;
	1088  :   111111111111010100000000010000110000000011101011;
	1089  :   111111111111010100000000010000100000000011101000;
	108A  :   111111111111010000000000010001100000000011101010;
	108B  :   111111111111100000000000010000010000000011101101;
	108C  :   111111111111010100000000001111100000000011101101;
	108D  :   111111111111011000000000001111010000000011101100;
	108E  :   111111111111100000000000010000100000000011101110;
	108F  :   111111111111011000000000010000010000000011101110;
	1090  :   111111111111010000000000010000010000000011101000;
	1091  :   111111111111011100000000010000110000000011101101;
	1092  :   111111111111000000000000010000010000000011101101;
	1093  :   111111111111101000000000010000010000000011101011;
	1094  :   111111111111010000000000010001000000000011101100;
	1095  :   111111111111100000000000010001000000000011101111;
	1096  :   111111111111100100000000010001100000000011100111;
	1097  :   111111111111010100000000010001110000000011101101;
	1098  :   111111111111001100000000010000100000000011101100;
	1099  :   111111111111010100000000010001100000000011101101;
	109A  :   111111111111000100000000010000110000000011110001;
	109B  :   111111111111000100000000010000110000000011101011;
	109C  :   111111111111011000000000010001100000000011101110;
	109D  :   111111111111001100000000010000110000000011101101;
	109E  :   111111111111000100000000010001000000000011101011;
	109F  :   111111111111000100000000010000100000000011101111;
	10A0  :   111111111111000000000000010000100000000011101100;
	10A1  :   111111111111010100000000010000100000000011101010;
	10A2  :   111111111111010100000000010001010000000011101100;
	10A3  :   111111111110111000000000010000100000000011101100;
	10A4  :   111111111111001100000000001111110000000011101101;
	10A5  :   111111111111001000000000010000100000000011101100;
	10A6  :   111111111111000100000000010000100000000011101011;
	10A7  :   111111111111010000000000010000100000000011101110;
	10A8  :   111111111111010100000000010000110000000011101100;
	10A9  :   111111111111010100000000010000000000000011101011;
	10AA  :   111111111111001100000000010000110000000011101011;
	10AB  :   111111111111010100000000010001010000000011101110;
	10AC  :   111111111111011100000000010010110000000011101110;
	10AD  :   111111111111001000000000010001000000000011101110;
	10AE  :   111111111111010000000000010001100000000011101010;
	10AF  :   111111111111010100000000010000100000000011101110;
	10B0  :   111111111111010100000000001111010000000011101100;
	10B1  :   111111111111100000000000010000110000000011101110;
	10B2  :   111111111111010100000000010000110000000011101111;
	10B3  :   111111111111010100000000010001010000000011101101;
	10B4  :   111111111111001100000000010001000000000011101110;
	10B5  :   111111111111000100000000010001000000000011101100;
	10B6  :   111111111111011100000000010000110000000011101010;
	10B7  :   111111111111011100000000010001110000000011101001;
	10B8  :   111111111111011100000000010001100000000011101101;
	10B9  :   111111111111011100000000010001010000000011101011;
	10BA  :   111111111111010000000000010000100000000011101000;
	10BB  :   111111111111001000000000010001100000000011110000;
	10BC  :   111111111111010000000000010000100000000011101110;
	10BD  :   111111111111001100000000010001100000000011110001;
	10BE  :   111111111111011000000000010001000000000011101111;
	10BF  :   111111111111010000000000010001100000000011100111;
	10C0  :   111111111111100000000000010001010000000011101111;
	10C1  :   111111111111001100000000010000100000000011101110;
	10C2  :   111111111111010000000000010000100000000011101010;
	10C3  :   111111111111011000000000010000110000000011100111;
	10C4  :   111111111111100000000000010000110000000011110000;
	10C5  :   111111111111011100000000010000110000000011101101;
	10C6  :   111111111111011100000000010000100000000011101101;
	10C7  :   111111111111001000000000010000010000000011110000;
	10C8  :   111111111111100000000000010000110000000011101101;
	10C9  :   111111111111100100000000010001000000000011100111;
	10CA  :   111111111111000100000000010000010000000011101101;
	10CB  :   111111111111010000000000010001110000000011101000;
	10CC  :   111111111111001000000000010000110000000011101011;
	10CD  :   111111111111010100000000010000100000000011101111;
	10CE  :   111111111111011000000000010000110000000011101110;
	10CF  :   111111111111010100000000010000110000000011100111;
	10D0  :   111111111111001100000000010001010000000011101000;
	10D1  :   111111111111011100000000010000100000000011101001;
	10D2  :   111111111111011100000000010000110000000011101100;
	10D3  :   111111111111000000000000010001010000000011101010;
	10D4  :   111111111111011000000000010000110000000011101001;
	10D5  :   111111111111001000000000010000110000000011101100;
	10D6  :   111111111111011000000000010000100000000011110010;
	10D7  :   111111111111001000000000010000110000000011101010;
	10D8  :   111111111111001100000000010001000000000011100111;
	10D9  :   111111111111000100000000010001000000000011101100;
	10DA  :   111111111111001100000000010000110000000011101101;
	10DB  :   111111111111001100000000010000100000000011101110;
	10DC  :   111111111111001000000000010001000000000011101111;
	10DD  :   111111111111011000000000010000110000000011110001;
	10DE  :   111111111110111100000000010001010000000011110010;
	10DF  :   111111111111001000000000010001000000000011110010;
	10E0  :   111111111111001000000000010000110000000011101101;
	10E1  :   111111111111001100000000010001000000000011101110;
	10E2  :   111111111111010000000000010000110000000011101101;
	10E3  :   111111111111010000000000010000100000000011110001;
	10E4  :   111111111111000000000000010000110000000011110100;
	10E5  :   111111111111010100000000010001000000000011101111;
	10E6  :   111111111111010100000000010000110000000011110100;
	10E7  :   111111111111010000000000010001100000000011101110;
	10E8  :   111111111111011000000000010001010000000011101110;
	10E9  :   111111111110111100000000010000000000000011101011;
	10EA  :   111111111111001000000000010000110000000011101100;
	10EB  :   111111111111010000000000010000110000000011101111;
	10EC  :   111111111110111100000000010001000000000011101001;
	10ED  :   111111111111000000000000010000010000000011110000;
	10EE  :   111111111111001100000000010000000000000011110000;
	10EF  :   111111111111001000000000010000010000000011101000;
	10F0  :   111111111111011000000000010000100000000011101011;
	10F1  :   111111111111010000000000010000010000000011101101;
	10F2  :   111111111111010100000000010001100000000011101000;
	10F3  :   111111111111001000000000010000010000000011101001;
	10F4  :   111111111111001000000000010000110000000011101010;
	10F5  :   111111111111000100000000010000100000000011101010;
	10F6  :   111111111111000100000000010001000000000011101110;
	10F7  :   111111111111010000000000010000110000000011110010;
	10F8  :   111111111111010000000000010001000000000011101101;
	10F9  :   111111111111010100000000010000100000000011110010;
	10FA  :   111111111111010000000000010000010000000011110010;
	10FB  :   111111111111001100000000010000010000000011110000;
	10FC  :   111111111111000100000000010000010000000011101110;
	10FD  :   111111111111010100000000010000110000000011110101;
	10FE  :   111111111111001000000000010000100000000011101111;
	10FF  :   111111111111001000000000010000110000000011101110;
	1100  :   111111111111010000000000010000010000000011101001;
	1101  :   111111111111011100000000010000010000000011101101;
	1102  :   111111111111010000000000010000100000000011101110;
	1103  :   111111111111001000000000010000000000000011110011;
	1104  :   111111111111001100000000010000100000000011110010;
	1105  :   111111111111010100000000010001000000000011111000;
	1106  :   111111111111011000000000010000100000000011110001;
	1107  :   111111111111100100000000010000010000000011110100;
	1108  :   111111111111001000000000010000000000000011110111;
	1109  :   111111111111001100000000010000000000000011110111;
	110A  :   111111111111100100000000010000010000000011111100;
	110B  :   111111111111101000000000010000110000000011110101;
	110C  :   111111111111100100000000010001010000000011111111;
	110D  :   111111111111100100000000010000110000000011111011;
	110E  :   111111111111101100000000010000010000000100000001;
	110F  :   111111111111110000000000010000010000000011111011;
	1110  :   111111111111111000000000010000110000000100000100;
	1111  :   111111111111101000000000001111010000000011111111;
	1112  :   111111111111101000000000001110100000000011111100;
	1113  :   111111111111111100000000001111000000000011110100;
	1114  :   000000000000000000000000001110010000000011110011;
	1115  :   000000000000000100000000001101100000000011110001;
	1116  :   000000000000000100000000001101100000000011101010;
	1117  :   000000000000011000000000001100110000000011100111;
	1118  :   000000000000011000000000001100110000000011100001;
	1119  :   000000000000100100000000001100010000000011011100;
	111A  :   000000000000001100000000001100110000000011010110;
	111B  :   000000000000100000000000001100010000000011001101;
	111C  :   000000000000010000000000001101110000000011001000;
	111D  :   000000000000001000000000001110010000000011001010;
	111E  :   111111111111110100000000001110010000000011001000;
	111F  :   000000000000001100000000001110010000000011001000;
	1120  :   111111111111111100000000001111000000000011001010;
	1121  :   000000000000100100000000001010000000000010000011;
	1122  :   111111111011100100000000010100001111111111001101;
	1123  :   111111111110100000000000011001000000000010011000;
	1124  :   000000000010001000000000001010000000000011000100;
	1125  :   000000000001010000000000001010100000000011110110;
	1126  :   111111111101001000000000001111000000000011100100;
	1127  :   111111111011011100000000010000110000000011111001;
	1128  :   111111111011010000000000010010010000000100100101;
	1129  :   111111111011111000000000010101110000000100110001;
	112A  :   111111111100000100000000011001010000000100101001;
	112B  :   111111111100101000000000011010110000000100100011;
	112C  :   111111111100110000000000011010100000000100011010;
	112D  :   111111111101011000000000011001110000000100101010;
	112E  :   111111111110000100000000011000110000000100111001;
	112F  :   111111111110000100000000010111010000000100111110;
	1130  :   111111111110011100000000010111010000000101001010;
	1131  :   111111111101111100000000010111010000000101001000;
	1132  :   111111111110000100000000010101010000000101000011;
	1133  :   111111111110100000000000010110100000000100111100;
	1134  :   111111111110110000000000010111100000000100110001;
	1135  :   111111111111001100000000010110100000000100100110;
	1136  :   111111111111100000000000010110010000000100100000;
	1137  :   111111111111100000000000010110000000000100011010;
	1138  :   111111111111011100000000010101010000000100011000;
	1139  :   111111111111010100000000010011110000000100010010;
	113A  :   111111111111000100000000010011010000000100010111;
	113B  :   111111111111001100000000010011000000000100001101;
	113C  :   111111111111011000000000010010010000000100000010;
	113D  :   111111111111011100000000010010000000000100000100;
	113E  :   111111111111011000000000010010010000000011111111;
	113F  :   111111111111011100000000010010000000000011110111;
	1140  :   111111111111100000000000010010100000000011111011;
	1141  :   111111111111101100000000010001110000000011110010;
	1142  :   111111111111111100000000010000000000000011110010;
	1143  :   000000000011011100000000001001010000000011100111;
	1144  :   000000000100001000000000000101010000000011010100;
	1145  :   000000000001001100000000001001010000000010111111;
	1146  :   000000000000000000000000001010110000000010110000;
	1147  :   111111111111001000000000001010000000000010010000;
	1148  :   111111111110010000000000001011000000000001111001;
	1149  :   111111111110110000000000001110000000000001101100;
	114A  :   111111111110110000000000010000000000000001010111;
	114B  :   111111111111000000000000010000100000000001010100;
	114C  :   111111111111000100000000010010010000000001010111;
	114D  :   111111111110111100000000010010100000000001101110;
	114E  :   111111111110110100000000010000010000000010001111;
	114F  :   111111111111000100000000010000000000000010101000;
	1150  :   111111111111011100000000010000010000000010111000;
	1151  :   111111111111011100000000001111000000000011000011;
	1152  :   111111111111101000000000001110000000000011001100;
	1153  :   111111111111111100000000001111000000000011010010;
	1154  :   111111111111110100000000001101100000000011100110;
	1155  :   111111111111111100000000001111000000000011101101;
	1156  :   111111111111110100000000001110110000000011111100;
	1157  :   111111111111110000000000001110100000000100001110;
	1158  :   111111111111110100000000001111110000000100100001;
	1159  :   111111111111011000000000010000100000000100111011;
	115A  :   111111111111110100000000010000100000000101010011;
	115B  :   000000000000011000000000010000110000000101100110;
	115C  :   000000000001010000000000010010000000000101111100;
	115D  :   000000000001101100000000010001110000000110000100;
	115E  :   000000000010001000000000010000100000000101111011;
	115F  :   000000000010001000000000001111000000000101011101;
	1160  :   000000000010010000000000001100000000000100111010;
	1161  :   000000000010001100000000001001110000000100011010;
	1162  :   000000000001111100000000001010000000000100000100;
	1163  :   000000000001011000000000000111100000000011111011;
	1164  :   000000000000110100000000000111100000000011101001;
	1165  :   000000000000001100000000001000000000000011100011;
	1166  :   111111111111110100000000001000110000000011011011;
	1167  :   111111111111100100000000001000010000000011010010;
	1168  :   111111111111100000000000001000010000000011000011;
	1169  :   111111111111111000000000001100000000000010110101;
	116A  :   000000000000100000000000001101100000000001100110;
	116B  :   111111111100100000000000011010001111111101001010;
	116C  :   111111111110111100000000010101111111111111100001;
	116D  :   000000000001000100000000000101000000000001001110;
	116E  :   111111111101110000000000000110010000000100010010;
	116F  :   111111111010110000000000010000010000000010111011;
	1170  :   111111111001010000000000010100100000000011100001;
	1171  :   111111111001101000000000011000000000000011110010;
	1172  :   111111111010101100000000011000010000000100000011;
	1173  :   111111111100000000000000011000010000000011110010;
	1174  :   111111111100100100000000010110110000000011111000;
	1175  :   111111111101010100000000011000000000000011111010;
	1176  :   111111111101010000000000011000010000000100010001;
	1177  :   111111111101000100000000011000110000000100101011;
	1178  :   111111111101000100000000011001010000000101000011;
	1179  :   111111111101101000000000011010010000000101001001;
	117A  :   111111111101101100000000011001100000000101010000;
	117B  :   111111111110100100000000011010110000000101010110;
	117C  :   111111111110111100000000011010010000000101010000;
	117D  :   111111111111100100000000011001010000000101010011;
	117E  :   111111111111101000000000011011000000000101010001;
	117F  :   111111111111011100000000011010000000000101000101;
	1180  :   111111111111101000000000011010000000000101000100;
	1181  :   111111111111011100000000011000000000000100111100;
	1182  :   111111111111101100000000010101110000000100111011;
	1183  :   111111111111010000000000010110110000000100101111;
	1184  :   111111111111011100000000010101100000000100101100;
	1185  :   111111111111100000000000010110010000000100101000;
	1186  :   111111111111011000000000010110010000000100011100;
	1187  :   111111111111101000000000010100100000000100010101;
	1188  :   111111111111110000000000010100010000000100000111;
	1189  :   111111111111111100000000010011110000000011110101;
	118A  :   000000000000010000000000010011100000000011101011;
	118B  :   000000000000100000000000010010110000000011100000;
	118C  :   000000000000110000000000010000010000000011010010;
	118D  :   000000000001000000000000001111000000000011000111;
	118E  :   000000000000011100000000001100100000000010111011;
	118F  :   000000000001101000000000001010000000000010100010;
	1190  :   000000000010110000000000000110100000000010000000;
	1191  :   000000000001001000000000000111100000000001111001;
	1192  :   111111111111010000000000001000110000000001101001;
	1193  :   111111111110001000000000001010110000000001100010;
	1194  :   111111111110000100000000001100110000000001011010;
	1195  :   111111111110011100000000001111110000000001011001;
	1196  :   111111111110100000000000010001010000000001011011;
	1197  :   111111111111001100000000010001100000000001110101;
	1198  :   111111111111100000000000010010100000000010001100;
	1199  :   111111111111100100000000010001010000000010011110;
	119A  :   111111111111011100000000010000100000000010110100;
	119B  :   111111111111001100000000010000110000000011000000;
	119C  :   111111111111010100000000010001100000000011001011;
	119D  :   111111111111000000000000010001010000000011001101;
	119E  :   111111111110111100000000010010000000000011011100;
	119F  :   111111111110101000000000010000110000000011100000;
	11A0  :   111111111110110000000000010001010000000011101000;
	11A1  :   111111111110111000000000010000110000000011110101;
	11A2  :   111111111110111100000000010000000000000011111101;
	11A3  :   111111111111000000000000010000000000000100000110;
	11A4  :   111111111111011100000000010000110000000100010011;
	11A5  :   111111111111011000000000010001000000000100100111;
	11A6  :   111111111111100000000000010001100000000100101101;
	11A7  :   111111111111101000000000010001110000000100110110;
	11A8  :   000000000000000000000000010010100000000100111110;
	11A9  :   000000000000001100000000010010010000000101000100;
	11AA  :   000000000000010100000000010001010000000101000001;
	11AB  :   000000000000001100000000010001110000000100110111;
	11AC  :   000000000000010000000000010001010000000100101111;
	11AD  :   000000000000001000000000010000110000000100101011;
	11AE  :   000000000000010000000000010000010000000100100000;
	11AF  :   000000000000100100000000010000110000000100010001;
	11B0  :   000000000000010100000000010000110000000100010001;
	11B1  :   000000000000010100000000010000000000000100000010;
	11B2  :   000000000000010100000000010000100000000011111111;
	11B3  :   000000000000010100000000001111000000000011110001;
	11B4  :   000000000000010100000000001111100000000011101000;
	11B5  :   000000000000011100000000001110110000000011100011;
	11B6  :   111111111111111000000000001110110000000011011000;
	11B7  :   111111111111110000000000001110010000000011010111;
	11B8  :   111111111111101000000000001101110000000011010010;
	11B9  :   111111111111100100000000001110110000000011010000;
	11BA  :   111111111111011000000000001111000000000011001010;
	11BB  :   111111111111010000000000001110100000000011001100;
	11BC  :   111111111111001000000000001110010000000011001101;
	11BD  :   111111111110111000000000001111000000000011001010;
	11BE  :   111111111110110000000000001110010000000011001100;
	11BF  :   111111111110101100000000001110110000000011001110;
	11C0  :   111111111110110000000000001110100000000011011010;
	11C1  :   111111111110101100000000001111000000000011011110;
	11C2  :   111111111110111000000000001111000000000011011110;
	11C3  :   111111111110111100000000001111000000000011101001;
	11C4  :   111111111110101100000000001110100000000011101011;
	11C5  :   111111111110111100000000001111110000000011101111;
	11C6  :   111111111111000100000000010000010000000011110100;
	11C7  :   111111111111000100000000010000100000000011110111;
	11C8  :   111111111110111000000000010000100000000011111001;
	11C9  :   111111111111000100000000010000100000000011110110;
	11CA  :   111111111111001100000000010000000000000011111100;
	11CB  :   111111111111001000000000010000010000000011111101;
	11CC  :   111111111111001000000000010000000000000100000001;
	11CD  :   111111111111010100000000010000110000000100000000;
	11CE  :   111111111111001100000000010000110000000100000010;
	11CF  :   111111111111010100000000010000000000000100000000;
	11D0  :   111111111111100000000000010001100000000011111110;
	11D1  :   111111111111010100000000010000000000000011111110;
	11D2  :   111111111111010000000000010001000000000011111111;
	11D3  :   111111111111011100000000010000100000000011111010;
	11D4  :   111111111111010100000000010001000000000011111000;
	11D5  :   111111111111100100000000010000110000000011111010;
	11D6  :   111111111111011100000000010000000000000011111010;
	11D7  :   111111111111010100000000010000010000000011111000;
	11D8  :   111111111111001100000000001111100000000011111000;
	11D9  :   111111111111011100000000010000110000000011110111;
	11DA  :   111111111111011000000000010001100000000011110010;
	11DB  :   111111111111010000000000001111100000000011101100;
	11DC  :   111111111111010000000000001111110000000011110110;
	11DD  :   111111111111010100000000001111100000000011101100;
	11DE  :   111111111111011000000000010000110000000011101110;
	11DF  :   111111111111100000000000010000000000000011101011;
	11E0  :   111111111111100100000000001111100000000011101010;
	11E1  :   111111111111001100000000001110110000000011101001;
	11E2  :   111111111111100100000000001111110000000011101000;
	11E3  :   111111111111011100000000001111100000000011101100;
	11E4  :   111111111111001100000000001111010000000011101100;
	11E5  :   111111111111010100000000001111110000000011101001;
	11E6  :   111111111111001000000000001111000000000011101100;
	11E7  :   111111111111010000000000001111000000000011101111;
	11E8  :   111111111111011100000000001111100000000011110011;
	11E9  :   111111111111011100000000001111100000000011101111;
	11EA  :   111111111111011100000000001111000000000011101110;
	11EB  :   111111111111011000000000001111010000000011110001;
	11EC  :   111111111111100000000000001111110000000011101100;
	11ED  :   111111111111100100000000010000000000000011101110;
	11EE  :   111111111111011100000000001111000000000011110011;
	11EF  :   111111111111011100000000001111010000000011101110;
	11F0  :   111111111111101100000000010000010000000011110000;
	11F1  :   111111111111010100000000010000100000000011110000;
	11F2  :   111111111111010000000000001111110000000011101111;
	11F3  :   111111111111011100000000010000000000000011110010;
	11F4  :   111111111111011000000000001111110000000011110100;
	11F5  :   111111111110111100000000001111100000000011111000;
	11F6  :   111111111111010000000000001110010000000011110111;
	11F7  :   111111111111000100000000010000000000000011110011;
	11F8  :   111111111111001000000000001111010000000011110011;
	11F9  :   111111111111010100000000010000010000000011110100;
	11FA  :   111111111111001000000000001111100000000011110101;
	11FB  :   111111111111011100000000010000100000000011110000;
	11FC  :   111111111111001100000000001111010000000011101010;
	11FD  :   111111111111000000000000001111110000000011101010;
	11FE  :   111111111111001100000000010000100000000011101011;
	11FF  :   111111111111011100000000001111110000000011101111;
	1200  :   111111111111011100000000010000000000000011100101;
	1201  :   111111111111100000000000010000100000000011101000;
	1202  :   111111111111010100000000010000110000000011100101;
	1203  :   111111111111011000000000010000100000000011101101;
	1204  :   111111111111001100000000010000000000000011100100;
	1205  :   111111111111000100000000010000100000000011101000;
	1206  :   111111111111011000000000010000010000000011101010;
	1207  :   111111111111010000000000010000110000000011101010;
	1208  :   111111111111001100000000010000100000000011101110;
	1209  :   111111111111000100000000010000110000000011110001;
	120A  :   111111111111001000000000010000110000000011110100;
	120B  :   111111111111001100000000010000110000000011110000;
	120C  :   111111111111000100000000001111110000000011110000;
	120D  :   111111111111010100000000001111100000000011110000;
	120E  :   111111111111000000000000010000000000000011110000;
	120F  :   111111111111001100000000001111110000000011110001;
	1210  :   111111111110111100000000010000110000000011101101;
	1211  :   111111111111011100000000010000100000000011110001;
	1212  :   111111111111010000000000010000000000000011101001;
	1213  :   111111111111010100000000001111110000000011101000;
	1214  :   111111111111011100000000001111110000000011101100;
	1215  :   111111111111011100000000001111100000000011101100;
	1216  :   111111111111011000000000001111100000000011101101;
	1217  :   111111111111100000000000001111010000000011101110;
	1218  :   111111111111001100000000001111000000000011101100;
	1219  :   111111111111011000000000001111110000000011110010;
	121A  :   111111111111010000000000001111010000000011110101;
	121B  :   111111111111001100000000010000000000000011110000;
	121C  :   111111111111010000000000001110110000000011110100;
	121D  :   111111111111010000000000001110110000000011110000;
	121E  :   111111111111010100000000001111100000000011101101;
	121F  :   111111111111100100000000001111110000000011101111;
	1220  :   111111111111010100000000001111010000000011101111;
	1221  :   111111111111110000000000010000000000000011101111;
	1222  :   111111111111000100000000010000000000000011101101;
	1223  :   111111111111100000000000001111100000000011101111;
	1224  :   111111111111011000000000001111110000000011101001;
	1225  :   111111111111101000000000001111110000000011101010;
	1226  :   111111111111101000000000010000000000000011101011;
	1227  :   111111111111011100000000010000100000000011101010;
	1228  :   111111111111011000000000001111100000000011101101;
	1229  :   111111111111010000000000001111010000000011101010;
	122A  :   111111111111010100000000001111100000000011101111;
	122B  :   111111111111010000000000010000010000000011101010;
	122C  :   111111111111010100000000001111110000000011101110;
	122D  :   111111111111000100000000001111010000000011101101;
	122E  :   111111111111011100000000001111110000000011101110;
	122F  :   111111111111100000000000001111110000000011101110;
	1230  :   111111111111001100000000001111010000000011101101;
	1231  :   111111111111010100000000010000010000000011101101;
	1232  :   111111111111001100000000001111110000000011101100;
	1233  :   111111111111011000000000001111100000000011110000;
	1234  :   111111111111010100000000001111000000000011110000;
	1235  :   111111111111001100000000001111000000000011101010;
	1236  :   111111111111011100000000001111000000000011101110;
	1237  :   111111111111001000000000001111100000000011101110;
	1238  :   111111111111011100000000001111100000000011101110;
	1239  :   111111111111101000000000010000110000000011101111;
	123A  :   111111111111000000000000001111100000000011101011;
	123B  :   111111111111001000000000010000000000000011101110;
	123C  :   111111111111010000000000010000100000000011110011;
	123D  :   111111111111000000000000010000100000000011101101;
	123E  :   111111111111001100000000010000100000000011110000;
	123F  :   111111111111010000000000010000000000000011101111;
	1240  :   111111111111001000000000010000010000000011110010;
	1241  :   111111111111001000000000001111100000000011110010;
	1242  :   111111111111001000000000010000010000000011101110;
	1243  :   111111111111010000000000001111110000000011110001;
	1244  :   111111111111001100000000001111110000000011110001;
	1245  :   111111111111100100000000001110110000000011101100;
	1246  :   111111111111011000000000010000000000000011101000;
	1247  :   111111111111010000000000001110100000000011101001;
	1248  :   111111111111001000000000001111100000000011110001;
	1249  :   111111111111001100000000010000010000000011110011;
	124A  :   111111111111100000000000010000000000000011101111;
	124B  :   111111111111011000000000010000110000000011100101;
	124C  :   111111111111011100000000001111110000000011100111;
	124D  :   111111111111001100000000010001000000000011101010;
	124E  :   111111111111001100000000010000000000000011101011;
	124F  :   111111111111000000000000001111110000000011101100;
	1250  :   111111111111001000000000001111010000000011101110;
	1251  :   111111111111010000000000010000000000000011101010;
	1252  :   111111111111011100000000001111110000000011110101;
	1253  :   111111111111001100000000010000100000000011110010;
	1254  :   111111111111000100000000001111010000000011101111;
	1255  :   111111111111010000000000001111010000000011101101;
	1256  :   111111111111001000000000001111110000000011101011;
	1257  :   111111111111010000000000001111100000000011110000;
	1258  :   111111111111100000000000001111110000000011110100;
	1259  :   111111111111001100000000010000000000000011101100;
	125A  :   111111111111011000000000010000110000000011101101;
	125B  :   111111111111001100000000001111110000000011101011;
	125C  :   111111111111011000000000001111000000000011101100;
	125D  :   111111111111001000000000010000000000000011101011;
	125E  :   111111111111100000000000001111000000000011101101;
	125F  :   111111111111000100000000001111100000000011101111;
	1260  :   111111111111011000000000001111000000000011101011;
	1261  :   111111111111010100000000001111100000000011101110;
	1262  :   111111111111100000000000001111100000000011110011;
	1263  :   111111111111010000000000001111100000000011101110;
	1264  :   111111111111100000000000001111110000000011101100;
	1265  :   111111111111010100000000001111100000000011110100;
	1266  :   111111111111011000000000001111100000000011110010;
	1267  :   111111111111010000000000001111110000000011110011;
	1268  :   111111111111100100000000010000100000000011110111;
	1269  :   111111111111010100000000001111110000000011101101;
	126A  :   111111111111011000000000001111100000000011110100;
	126B  :   111111111111011100000000001111100000000011110000;
	126C  :   111111111111001100000000010000000000000011101111;
	126D  :   111111111111011000000000010000010000000011101011;
	126E  :   111111111111010000000000010000010000000011110000;
	126F  :   111111111111001100000000010000010000000011101101;
	1270  :   111111111111001100000000010000110000000011100111;
	1271  :   111111111111000100000000001111110000000011101111;
	1272  :   111111111111001100000000001111010000000011101001;
	1273  :   111111111111011100000000010000100000000011110000;
	1274  :   111111111111010000000000001111100000000011110001;
	1275  :   111111111111001000000000001111000000000011101011;
	1276  :   111111111111010000000000001111010000000011101110;
	1277  :   111111111111010100000000001111100000000011101001;
	1278  :   111111111111010100000000010000010000000011101011;
	1279  :   111111111111011000000000001111100000000011101001;
	127A  :   111111111111000100000000001111100000000011101010;
	127B  :   111111111111011100000000010000010000000011110000;
	127C  :   111111111111000100000000001111100000000011100111;
	127D  :   111111111111011000000000001111100000000011101100;
	127E  :   111111111111010100000000001111010000000011101101;
	127F  :   111111111111010000000000001111010000000011101110;
	1280  :   111111111111000000000000001111100000000011101000;
	1281  :   111111111111001000000000010000000000000011101011;
	1282  :   111111111111000000000000001111100000000011101111;
	1283  :   111111111111000000000000010000000000000011101111;
	1284  :   111111111111001100000000001111000000000011101101;
	1285  :   111111111111001000000000001111100000000011101011;
	1286  :   111111111111001100000000001111100000000011110011;
	1287  :   111111111111010000000000001111000000000011110100;
	1288  :   111111111111011100000000001111000000000011110000;
	1289  :   111111111111100000000000010000000000000011110000;
	128A  :   111111111111011000000000001110100000000011110010;
	128B  :   111111111111100000000000001111000000000011110010;
	128C  :   111111111111011100000000001111000000000011101100;
	128D  :   111111111111011000000000010000000000000011110001;
	128E  :   111111111111011000000000001111010000000011101011;
	128F  :   111111111111001100000000001111110000000011101110;
	1290  :   111111111111100100000000010000000000000011110000;
	1291  :   111111111111001100000000001111100000000011110001;
	1292  :   111111111111100000000000010000010000000011101101;
	1293  :   111111111111010100000000010000100000000011110011;
	1294  :   111111111111010000000000010000000000000011110011;
	1295  :   111111111111011100000000010000000000000011101110;
	1296  :   111111111111001100000000010000000000000011101111;
	1297  :   111111111111011000000000001111110000000011111000;
	1298  :   111111111111011000000000010000000000000011110101;
	1299  :   111111111111000100000000001111110000000011101101;
	129A  :   111111111111001100000000010000010000000011110000;
	129B  :   111111111111011000000000001111010000000011110100;
	129C  :   111111111111001100000000010000100000000011110010;
	129D  :   111111111111011000000000001111100000000011110001;
	129E  :   111111111111011100000000001111110000000011101101;
	129F  :   111111111111001000000000001111110000000011110001;
	12A0  :   111111111111010000000000001111110000000011101110;
	12A1  :   111111111111011100000000001111110000000011110001;
	12A2  :   111111111111011000000000001110110000000011101101;
	12A3  :   111111111111010100000000010000010000000011101101;
	12A4  :   111111111111001100000000010000000000000011101101;
	12A5  :   111111111111001100000000010000010000000011110010;
	12A6  :   111111111111001000000000001111110000000011101101;
	12A7  :   111111111110111000000000010000000000000011101011;
	12A8  :   111111111111010000000000010000000000000011101101;
	12A9  :   111111111111010100000000010000100000000011101001;
	12AA  :   111111111111010000000000001111100000000011101101;
	12AB  :   111111111111010000000000010000000000000011101100;
	12AC  :   111111111111001100000000001111110000000011101101;
	12AD  :   111111111111000000000000001111110000000011101100;
	12AE  :   111111111111010000000000001111110000000011101110;
	12AF  :   111111111111001100000000001111010000000011101101;
	12B0  :   111111111111011100000000010000010000000011101111;
	12B1  :   111111111111100100000000001111010000000011101111;
	12B2  :   111111111111011100000000010001000000000011110010;
	12B3  :   111111111111010000000000001111110000000011110000;
	12B4  :   111111111111010000000000001111110000000011101101;
	12B5  :   111111111111011100000000010000000000000011110001;
	12B6  :   111111111111001100000000001111110000000011110010;
	12B7  :   111111111111010100000000010000000000000011110010;
	12B8  :   111111111111010000000000010000100000000011110010;
	12B9  :   111111111111001100000000001111100000000011110010;
	12BA  :   111111111111000100000000001111000000000011110101;
	12BB  :   111111111111001100000000001111110000000011110010;
	12BC  :   111111111111001000000000001111000000000011110111;
	12BD  :   111111111111011000000000001110110000000011110010;
	12BE  :   111111111111001000000000001111010000000011101111;
	12BF  :   111111111111010100000000001111110000000011101110;
	12C0  :   111111111111000100000000010000000000000011101110;
	12C1  :   111111111111001100000000001111000000000011101101;
	12C2  :   111111111111100000000000001111010000000011101100;
	12C3  :   111111111111010100000000010000010000000011110000;
	12C4  :   111111111111011000000000010000110000000011101011;
	12C5  :   111111111111011100000000001111000000000011101011;
	12C6  :   111111111111011000000000001111100000000011110001;
	12C7  :   111111111111000100000000001110110000000011101100;
	12C8  :   111111111111010100000000001111010000000011101010;
	12C9  :   111111111111010000000000010000000000000011110001;
	12CA  :   111111111111010000000000001111110000000011101111;
	12CB  :   111111111111100000000000001111110000000011101100;
	12CC  :   111111111111001000000000001111010000000011101100;
	12CD  :   111111111111011000000000001111110000000011101100;
	12CE  :   111111111111010000000000001111000000000011101110;
	12CF  :   111111111111010100000000001111100000000011101101;
	12D0  :   111111111111011000000000001111110000000011101100;
	12D1  :   111111111111001100000000010000000000000011110101;
	12D2  :   111111111111010100000000001111100000000011101110;
	12D3  :   111111111111000000000000010000010000000011101111;
	12D4  :   111111111111010000000000001111010000000011101111;
	12D5  :   111111111111010000000000010000010000000011101110;
	12D6  :   111111111111001100000000010000100000000011101010;
	12D7  :   111111111111010100000000010000010000000011101100;
	12D8  :   111111111111001100000000001111010000000011101101;
	12D9  :   111111111111001100000000010000010000000011101110;
	12DA  :   111111111111000100000000001111010000000011110000;
	12DB  :   111111111111001000000000010000000000000011101010;
	12DC  :   111111111111011000000000010000010000000011101111;
	12DD  :   111111111111000100000000010000010000000011110011;
	12DE  :   111111111111010000000000010000110000000011101101;
	12DF  :   111111111111001000000000010000100000000011110001;
	12E0  :   111111111111011000000000001110110000000011101010;
	12E1  :   111111111111011000000000010000100000000011101011;
	12E2  :   111111111111010000000000010000100000000011101110;
	12E3  :   111111111111011000000000010000000000000011101100;
	12E4  :   111111111111011100000000010000000000000011101111;
	12E5  :   111111111111011100000000001110110000000011101100;
	12E6  :   111111111111011100000000010000010000000011101110;
	12E7  :   111111111111010100000000010000100000000011101111;
	12E8  :   111111111111011000000000001111010000000011110011;
	12E9  :   111111111110111000000000001111110000000011101110;
	12EA  :   111111111110111100000000001111110000000011101000;
	12EB  :   111111111111010000000000010000000000000011110000;
	12EC  :   111111111111000000000000010000010000000011101101;
	12ED  :   111111111111001000000000010000010000000011101101;
	12EE  :   111111111111001000000000001111010000000011110000;
	12EF  :   111111111111100100000000010000000000000011101110;
	12F0  :   111111111111000100000000001111110000000011101110;
	12F1  :   111111111111001000000000010000010000000011101101;
	12F2  :   111111111111001000000000010000000000000011101001;
	12F3  :   111111111111001100000000001111010000000011101100;
	12F4  :   111111111111001100000000001111010000000011101111;
	12F5  :   111111111111010000000000001111110000000011101011;
	12F6  :   111111111111001000000000010000010000000011101011;
	12F7  :   111111111111011000000000010000100000000011101000;
	12F8  :   111111111111100100000000010000000000000011101010;
	12F9  :   111111111111010100000000010000000000000011101100;
	12FA  :   111111111111010100000000001111110000000011101100;
	12FB  :   111111111111010000000000001111010000000011110011;
	12FC  :   111111111111011000000000001111110000000011110101;
	12FD  :   111111111111001100000000001111110000000011110010;
	12FE  :   111111111111011000000000010000110000000011110011;
	12FF  :   111111111111001100000000001111110000000011110001;
	1300  :   111111111111011100000000010000010000000011110001;
	1301  :   111111111111011100000000010001000000000011110010;
	1302  :   111111111111100000000000001111110000000011101111;
	1303  :   111111111111001100000000001111110000000011101001;
	1304  :   111111111111011100000000001111100000000011110001;
	1305  :   111111111111101100000000001111100000000011101101;
	1306  :   111111111111100100000000010001000000000011101111;
	1307  :   111111111111100100000000010000100000000011101011;
	1308  :   111111111111010100000000010000100000000011101010;
	1309  :   111111111111000000000000001111110000000011101011;
	130A  :   111111111111010000000000001111010000000011101011;
	130B  :   111111111111010000000000010000010000000011110001;
	130C  :   111111111111010000000000001111110000000011101111;
	130D  :   111111111111000100000000001111000000000011101111;
	130E  :   111111111111000000000000010000100000000011101100;
	130F  :   111111111111001100000000001111100000000011101111;
	1310  :   111111111111001100000000001111010000000011110110;
	1311  :   111111111111001000000000010000110000000011110100;
	1312  :   111111111111010100000000001111100000000011110101;
	1313  :   111111111111000000000000010000010000000011110010;
	1314  :   111111111111000100000000010000010000000011110101;
	1315  :   111111111111001100000000001111010000000011110010;
	1316  :   111111111111001100000000001111010000000011110011;
	1317  :   111111111111000100000000001111110000000011110011;
	1318  :   111111111110111100000000010000100000000011110100;
	1319  :   111111111111011100000000010000010000000011110111;
	131A  :   111111111111010000000000010000000000000011101101;
	131B  :   111111111111001000000000001111100000000011110000;
	131C  :   111111111111010100000000010000000000000011101011;
	131D  :   111111111111010100000000001111100000000011110000;
	131E  :   111111111111010100000000010000000000000011101111;
	131F  :   111111111111010100000000001111110000000011110011;
	1320  :   111111111111100100000000001110100000000011110000;
	1321  :   111111111111101000000000010000000000000011110000;
	1322  :   111111111111010100000000001111100000000011101001;
	1323  :   111111111111010000000000001111100000000011100111;
	1324  :   111111111111011000000000001111100000000011101001;
	1325  :   111111111111011000000000010000000000000011101111;
	1326  :   111111111111001000000000010000000000000011101001;
	1327  :   111111111111000000000000001111110000000011101011;
	1328  :   111111111111001100000000001111000000000011101111;
	1329  :   111111111111000000000000001111110000000011110010;
	132A  :   111111111110111100000000001111100000000011110010;
	132B  :   111111111110111000000000001111100000000011101000;
	132C  :   111111111111001100000000001111100000000011101101;
	132D  :   111111111111000100000000001110110000000011101101;
	132E  :   111111111111001100000000001111000000000011101110;
	132F  :   111111111111000100000000001111010000000011101101;
	1330  :   111111111111001000000000001111000000000011101010;
	1331  :   111111111111010000000000001111000000000011101110;
	1332  :   111111111111000100000000001111000000000011101001;
	1333  :   111111111111010100000000010000000000000011110000;
	1334  :   111111111111011000000000001111110000000011101100;
	1335  :   111111111111010000000000001111100000000011101110;
	1336  :   111111111111001100000000001110100000000011110000;
	1337  :   111111111111010100000000001111010000000011110011;
	1338  :   111111111111001000000000001111000000000011110010;
	1339  :   111111111111010100000000001111110000000011110001;
	133A  :   111111111111001000000000001111110000000011110001;
	133B  :   111111111111010100000000010001000000000011111000;
	133C  :   111111111111001100000000010000010000000011110001;
	133D  :   111111111111010100000000010000000000000011110101;
	133E  :   111111111111000100000000010001000000000011110110;
	133F  :   111111111111000000000000010000000000000011110001;
	1340  :   111111111111000000000000001111110000000011111000;
	1341  :   111111111111000100000000010000110000000011110100;
	1342  :   111111111110111000000000001110110000000011101111;
	1343  :   111111111111001100000000010000100000000011101101;
	1344  :   111111111111001000000000001111100000000011101100;
	1345  :   111111111111001000000000001111110000000011101111;
	1346  :   111111111111000000000000001111000000000011101010;
	1347  :   111111111111001100000000001111010000000011101101;
	1348  :   111111111111001100000000001111000000000011101111;
	1349  :   111111111111001100000000001110100000000011110000;
	134A  :   111111111111000100000000001111110000000011101001;
	134B  :   111111111111011100000000001111110000000011101011;
	134C  :   111111111111011100000000001111110000000011101000;
	134D  :   111111111111011000000000001111000000000011101010;
	134E  :   111111111111001100000000001111100000000011101010;
	134F  :   111111111111011000000000001111100000000011101101;
	1350  :   111111111111011000000000001111110000000011110010;
	1351  :   111111111111001000000000001111110000000011110000;
	1352  :   111111111111011100000000010000000000000011110001;
	1353  :   111111111111000100000000010000000000000011110001;
	1354  :   111111111111011000000000001111110000000011110001;
	1355  :   111111111111011000000000010001000000000011110001;
	1356  :   111111111111001100000000010000000000000011110100;
	1357  :   111111111111010100000000001111110000000011101110;
	1358  :   111111111111010100000000010000010000000011110001;
	1359  :   111111111110111000000000010000010000000011110010;
	135A  :   111111111111001100000000001111010000000011110011;
	135B  :   111111111110111100000000010000000000000011110001;
	135C  :   111111111111000100000000001111010000000011110110;
	135D  :   111111111111001000000000001111010000000011110001;
	135E  :   111111111111011000000000001111000000000011101110;
	135F  :   111111111110111100000000001111110000000011101011;
	1360  :   111111111111000100000000001111110000000011110011;
	1361  :   111111111111001100000000001111100000000011101100;
	1362  :   111111111111011100000000001111010000000011101101;
	1363  :   111111111111010100000000001111100000000011101010;
	1364  :   111111111111000100000000001111010000000011101011;
	1365  :   111111111110111000000000001111110000000011101011;
	1366  :   111111111111000100000000001111110000000011101101;
	1367  :   111111111111000000000000010000000000000011101101;
	1368  :   111111111111000100000000010000000000000011101011;
	1369  :   111111111111001000000000001111010000000011101110;
	136A  :   111111111111011000000000001111100000000011110001;
	136B  :   111111111111000100000000001111010000000011101111;
	136C  :   111111111111100000000000010000010000000011110001;
	136D  :   111111111111001100000000001111110000000011101100;
	136E  :   111111111111000100000000001111100000000011101000;
	136F  :   111111111111000000000000001111110000000011101111;
	1370  :   111111111111001100000000001111100000000011110011;
	1371  :   111111111111000000000000010000000000000011110001;
	1372  :   111111111110111100000000010000110000000011110100;
	1373  :   111111111110111100000000010000100000000011110011;
	1374  :   111111111111010100000000010000100000000011101110;
	1375  :   111111111111100000000000001111100000000011110010;
	1376  :   111111111111100000000000001111000000000011110011;
	1377  :   111111111111001000000000001110110000000011101110;
	1378  :   111111111111001000000000001111000000000011101110;
	1379  :   111111111111010000000000001111100000000011110001;
	137A  :   111111111111100000000000010000100000000011110011;
	137B  :   111111111111001000000000001111010000000011110000;
	137C  :   111111111111100000000000001111100000000011101111;
	137D  :   111111111111100100000000001111110000000011101100;
	137E  :   111111111111010000000000001111110000000011101110;
	137F  :   111111111111000000000000001111000000000011101100;
	1380  :   111111111110111100000000001111010000000011101011;
	1381  :   111111111111001000000000001111110000000011110000;
	1382  :   111111111111001000000000010000010000000011101110;
	1383  :   111111111111001000000000001111100000000011101110;
	1384  :   111111111111100000000000001111000000000011101011;
	1385  :   111111111111001100000000001111000000000011101010;
	1386  :   111111111111001100000000001111010000000011110001;
	1387  :   111111111111011100000000001111110000000011101110;
	1388  :   111111111111011000000000010000100000000011101101;
	1389  :   111111111111100100000000001110100000000011101110;
	138A  :   111111111111001000000000001110110000000011101100;
	138B  :   111111111111010100000000001110100000000011101111;
	138C  :   111111111111010000000000001111010000000011101101;
	138D  :   111111111111010000000000010000010000000011101111;
	138E  :   111111111111001000000000001111010000000011100111;
	138F  :   111111111111011000000000010000000000000011110001;
	1390  :   111111111111001000000000001111010000000011101101;
	1391  :   111111111111000000000000001111000000000011110010;
	1392  :   111111111111010000000000010000000000000011110000;
	1393  :   111111111111010100000000001111110000000011110000;
	1394  :   111111111111001100000000001110110000000011101111;
	1395  :   111111111111001000000000001111100000000011101001;
	1396  :   111111111111000000000000001111010000000011110000;
	1397  :   111111111111011100000000010000010000000011110010;
	1398  :   111111111111010000000000010000000000000011110001;
	1399  :   111111111111010100000000001111010000000011101111;
	139A  :   111111111111011000000000001111100000000011110100;
	139B  :   111111111110111100000000001110110000000011110011;
	139C  :   111111111111010000000000001111010000000011110100;
	139D  :   111111111111001100000000001110110000000011101110;
	139E  :   111111111111011000000000001111000000000011101101;
	139F  :   111111111111001000000000001111110000000011101011;
	13A0  :   111111111110111000000000001111000000000011101101;
	13A1  :   111111111111001100000000010000000000000011110010;
	13A2  :   111111111111001100000000001111100000000011101111;
	13A3  :   111111111111000100000000001111100000000011101001;
	13A4  :   111111111111001000000000010000000000000011101110;
	13A5  :   111111111110110100000000001111010000000011101000;
	13A6  :   111111111110111000000000010000000000000011101011;
	13A7  :   111111111110111000000000010000010000000011101011;
	13A8  :   111111111111001000000000010000010000000011101100;
	13A9  :   111111111111010000000000001111100000000011101101;
	13AA  :   111111111111000100000000001111010000000011101100;
	13AB  :   111111111111000100000000010000000000000011101011;
	13AC  :   111111111111001100000000001101110000000011110001;
	13AD  :   111111111110110100000000001111000000000011101110;
	13AE  :   111111111111001100000000001111010000000011110000;
	13AF  :   111111111111000100000000001110110000000011101101;
	13B0  :   111111111111010000000000001111010000000011101101;
	13B1  :   111111111111001100000000001110110000000011110000;
	13B2  :   111111111111001000000000001111010000000011110001;
	13B3  :   111111111110111100000000001111010000000011101100;
	13B4  :   111111111111011000000000001110010000000011101101;
	13B5  :   111111111111001100000000001111100000000011110101;
	13B6  :   111111111111011100000000001111110000000011110110;
	13B7  :   111111111111001000000000001111110000000011110001;
	13B8  :   111111111111000100000000001111110000000011101111;
	13B9  :   111111111111010000000000001111010000000011101111;
	13BA  :   111111111111001000000000001110100000000011101111;
	13BB  :   111111111111001000000000001111110000000011101101;
	13BC  :   111111111111001000000000001111000000000011101111;
	13BD  :   111111111111010000000000001110110000000011110010;
	13BE  :   111111111111001000000000001111100000000011101111;
	13BF  :   111111111111010000000000001111100000000011110000;
	13C0  :   111111111111001000000000001111010000000011110000;
	13C1  :   111111111111000100000000001110000000000011101110;
	13C2  :   111111111110111100000000001111000000000011110000;
	13C3  :   111111111110111100000000001111110000000011101101;
	13C4  :   111111111111001100000000010000000000000011110001;
	13C5  :   111111111111010100000000001111100000000011110010;
	13C6  :   111111111111001100000000001111100000000011110001;
	13C7  :   111111111111010000000000010000000000000011110000;
	13C8  :   111111111111010000000000001111100000000011101111;
	13C9  :   111111111111001000000000010000000000000011110001;
	13CA  :   111111111111010000000000001111100000000011110000;
	13CB  :   111111111111010000000000001111000000000011110000;
	13CC  :   111111111111001100000000001110100000000011101001;
	13CD  :   111111111111010100000000001110100000000011101111;
	13CE  :   111111111111001100000000001111000000000011100111;
	13CF  :   111111111111011100000000001111100000000011110000;
	13D0  :   111111111111000100000000001110100000000011110000;
	13D1  :   111111111111010100000000001111010000000011110011;
	13D2  :   111111111111000100000000001110010000000011101010;
	13D3  :   111111111111010000000000001111000000000011101111;
	13D4  :   111111111111010100000000010000000000000011110100;
	13D5  :   111111111111000000000000001111100000000011110100;
	13D6  :   111111111111000000000000001110010000000011101101;
	13D7  :   111111111110110000000000001111100000000011110001;
	13D8  :   111111111110110100000000001111100000000011110001;
	13D9  :   111111111111001000000000010000000000000011110101;
	13DA  :   111111111111010000000000001111010000000011110101;
	13DB  :   111111111111001100000000001111100000000011101110;
	13DC  :   111111111111000100000000001110110000000011110000;
	13DD  :   111111111110111100000000001111010000000011110110;
	13DE  :   111111111111001000000000001111100000000011110001;
	13DF  :   111111111111000000000000001111000000000011110100;
	13E0  :   111111111110111000000000001111110000000011101111;
	13E1  :   111111111111000000000000001111110000000011101111;
	13E2  :   111111111111010000000000001111110000000011110110;
	13E3  :   111111111110111000000000001111110000000011101100;
	13E4  :   111111111111000100000000001111010000000011101010;
	13E5  :   111111111111010000000000001111110000000011101110;
	13E6  :   111111111111001100000000001110110000000011101110;
	13E7  :   111111111111000000000000001110110000000011100111;
	13E8  :   111111111111010000000000001101010000000011101100;
	13E9  :   111111111111000100000000001110010000000011110010;
	13EA  :   111111111111001000000000001111010000000011101111;
	13EB  :   111111111111010000000000001111010000000011110001;
	13EC  :   111111111111001100000000001111100000000011101110;
	13ED  :   111111111111011000000000001111110000000011110001;
	13EE  :   111111111111001100000000001110110000000011101111;
	13EF  :   111111111111010000000000001110110000000011101111;
	13F0  :   111111111111001000000000001111010000000011101111;
	13F1  :   111111111111010100000000001111110000000011110001;
	13F2  :   111111111111010100000000010000000000000011110010;
	13F3  :   111111111111000100000000001110100000000011110000;
	13F4  :   111111111111001000000000001111100000000011101111;
	13F5  :   111111111111000000000000001111100000000011110001;
	13F6  :   111111111111001000000000001111000000000011101111;
	13F7  :   111111111111010100000000001111000000000011110000;
	13F8  :   111111111111010000000000001111100000000011110000;
	13F9  :   111111111111010000000000001110110000000011101110;
	13FA  :   111111111111001100000000001110110000000011101110;
	13FB  :   111111111111010100000000001111000000000011101110;
	13FC  :   111111111111010000000000001110010000000011101100;
	13FD  :   111111111111010100000000001110110000000011101011;
	13FE  :   111111111111000100000000001110110000000011101010;
	13FF  :   111111111110110100000000001111000000000011101111;
	1400  :   111111111111000100000000001110100000000011110010;
	1401  :   111111111111001000000000001110000000000011110000;
	1402  :   111111111111001000000000001110010000000011101100;
	1403  :   111111111111010000000000001110000000000011101010;
	1404  :   111111111111001100000000001110110000000011101010;
	1405  :   111111111111000000000000001110000000000011101010;
	1406  :   111111111111001100000000001110000000000011101001;
	1407  :   111111111111010000000000001110000000000011101101;
	1408  :   111111111111001000000000001111000000000011100111;
	1409  :   111111111111010100000000001110010000000011110000;
	140A  :   111111111111010000000000001101000000000011101101;
	140B  :   111111111111001000000000001110010000000011110001;
	140C  :   111111111111000000000000001110000000000011101110;
	140D  :   111111111111000000000000001101010000000011110001;
	140E  :   111111111111000000000000001110010000000011110001;
	140F  :   111111111111000100000000001101110000000011110100;
	1410  :   111111111111000100000000001111000000000011110100;
	1411  :   111111111111011000000000001110010000000011110011;
	1412  :   111111111111000000000000001101010000000011110100;
	1413  :   111111111111001000000000001110010000000011101101;
	1414  :   111111111110111100000000001110010000000011101100;
	1415  :   111111111111001000000000001101000000000011101111;
	1416  :   111111111111001000000000001110100000000011101001;
	1417  :   111111111111000000000000001110100000000011110100;
	1418  :   111111111111000100000000001101110000000011110100;
	1419  :   111111111111010100000000001110010000000011110000;
	141A  :   111111111110111100000000001110010000000011101100;
	141B  :   111111111111010000000000001110110000000011110001;
	141C  :   111111111110111000000000001101100000000011101111;
	141D  :   111111111110110000000000001110100000000011110000;
	141E  :   111111111110111000000000001110010000000011101111;
	141F  :   111111111110111100000000001110010000000011110001;
	1420  :   111111111110111000000000001110100000000011101011;
	1421  :   111111111111000000000000001110110000000011101011;
	1422  :   111111111111000000000000001110100000000011101110;
	1423  :   111111111110111100000000001110000000000011101011;
	1424  :   111111111110111000000000001110110000000011110010;
	1425  :   111111111110111100000000001110110000000011101100;
	1426  :   111111111111010100000000001110000000000011100110;
	1427  :   111111111110111100000000001110010000000011101000;
	1428  :   111111111111001000000000001111010000000011110001;
	1429  :   111111111110110100000000001110100000000011101010;
	142A  :   111111111111001100000000001110010000000011110011;
	142B  :   111111111111001000000000001110110000000011101101;
	142C  :   111111111111000000000000001110010000000011101011;
	142D  :   111111111111000000000000001110100000000011110110;
	142E  :   111111111110110100000000001110010000000011101110;
	142F  :   111111111110111100000000001110010000000011110110;
	1430  :   111111111111000000000000001111000000000011110111;
	1431  :   111111111110101000000000001101110000000011110011;
	1432  :   111111111110111000000000001110100000000011110001;
	1433  :   111111111110100100000000001101100000000011110000;
	1434  :   111111111110110000000000001110000000000011111011;
	1435  :   111111111110111000000000001101110000000011110111;
	1436  :   111111111111000100000000001110110000000011110100;
	1437  :   111111111110111100000000001111010000000011110100;
	1438  :   111111111111000000000000001110000000000011110111;
	1439  :   111111111111001000000000001101010000000011110000;
	143A  :   111111111111001000000000001110100000000011110010;
	143B  :   111111111110110100000000001110100000000011101110;
	[143C..143D]  :   111111111111010000000000001110000000000011101111;
	143E  :   111111111111001000000000001101100000000011101011;
	143F  :   111111111111001100000000001110010000000011110001;
	1440  :   111111111110111000000000001101010000000011101111;
	1441  :   111111111111001000000000001110100000000011101111;
	1442  :   111111111111000000000000001101100000000011101110;
	1443  :   111111111111010000000000001110000000000011101101;
	1444  :   111111111111001000000000001110110000000011101011;
	1445  :   111111111111001100000000001111000000000011101101;
	1446  :   111111111110111000000000001110100000000011110100;
	1447  :   111111111111000000000000001101110000000011110010;
	1448  :   111111111111001000000000001110100000000011110000;
	1449  :   111111111111000100000000001110000000000011110110;
	144A  :   111111111110111000000000001101110000000011101110;
	144B  :   111111111111001000000000001110010000000011110010;
	144C  :   111111111111000000000000001110010000000011101111;
	144D  :   111111111111001000000000001110100000000011110001;
	144E  :   111111111111001000000000001110010000000011110001;
	144F  :   111111111111000000000000001110000000000011110111;
	1450  :   111111111110110000000000001110110000000011110101;
	1451  :   111111111111000000000000001110100000000011110100;
	1452  :   111111111110111100000000001101110000000011110000;
	1453  :   111111111110111000000000001110000000000011110110;
	1454  :   111111111111001000000000001110100000000011110100;
	1455  :   111111111111001100000000001111010000000011110110;
	1456  :   111111111110111100000000001101110000000011110010;
	1457  :   111111111111000000000000001101100000000011110000;
	1458  :   111111111110111100000000001101100000000011101110;
	1459  :   111111111110111000000000001110000000000011101111;
	145A  :   111111111110111100000000001110110000000011101101;
	145B  :   111111111111000000000000001111010000000011101110;
	145C  :   111111111111001100000000001111000000000011110000;
	145D  :   111111111111010000000000001110100000000011101101;
	145E  :   111111111111000000000000001110010000000011101011;
	145F  :   111111111111000100000000001110110000000011101010;
	1460  :   111111111111000000000000001101110000000011101011;
	1461  :   111111111111000000000000001111010000000011110000;
	1462  :   111111111110111000000000001110110000000011101100;
	1463  :   111111111110111000000000001110010000000011101100;
	1464  :   111111111110111000000000001110000000000011101111;
	1465  :   111111111110110000000000001110110000000011110001;
	1466  :   111111111110111100000000001101110000000011110011;
	1467  :   111111111111000000000000001111010000000011110100;
	1468  :   111111111110111100000000001110110000000011110110;
	1469  :   111111111110110000000000001101100000000011110110;
	146A  :   111111111110111000000000001101100000000011110011;
	146B  :   111111111110110100000000001111000000000011110001;
	146C  :   111111111111000000000000001111000000000011110011;
	146D  :   111111111110110000000000001110100000000011110100;
	146E  :   111111111110110100000000001111000000000011110011;
	146F  :   111111111110110100000000001111100000000011111010;
	1470  :   111111111111000100000000001111000000000011110011;
	1471  :   111111111110100100000000001111000000000011101100;
	1472  :   111111111110101100000000001110110000000011110011;
	1473  :   111111111110111000000000001110010000000011110001;
	1474  :   111111111110111100000000001111100000000011101110;
	1475  :   111111111110110100000000001110010000000011101101;
	1476  :   111111111110111100000000001110010000000011110011;
	1477  :   111111111110111100000000010000000000000011101011;
	1478  :   111111111110111100000000001111000000000011101111;
	1479  :   111111111110111000000000001111110000000011101111;
	147A  :   111111111111001100000000001111010000000011101101;
	147B  :   111111111111000000000000001111100000000011100110;
	147C  :   111111111111001000000000010000010000000011101010;
	147D  :   111111111111011000000000010000000000000011110000;
	147E  :   111111111111001000000000010000100000000011101000;
	147F  :   111111111111001100000000001111110000000011100110;
	1480  :   111111111111001000000000001110110000000011100101;
	1481  :   111111111111010000000000001111110000000011101010;
	1482  :   111111111111000100000000001110100000000011101101;
	1483  :   111111111111001000000000010000010000000011101111;
	1484  :   111111111111000000000000010000010000000011100010;
	1485  :   111111111111000100000000001111100000000011100110;
	1486  :   111111111111001100000000001111000000000011101001;
	1487  :   111111111111000100000000010000000000000011100110;
	1488  :   111111111111011000000000001111100000000011101011;
	1489  :   111111111111000100000000001111010000000011101001;
	148A  :   111111111111010100000000001111110000000011101011;
	148B  :   111111111111000100000000001111100000000011101010;
	148C  :   111111111111001100000000010000000000000011101000;
	148D  :   111111111110101000000000001111100000000011101100;
	148E  :   111111111110100100000000001111000000000011101101;
	148F  :   111111111110111000000000010000010000000011110001;
	1490  :   111111111110100000000000001111100000000011110000;
	1491  :   111111111110100100000000001111110000000011110000;
	1492  :   111111111110101100000000010000100000000011110100;
	1493  :   111111111110110000000000001111000000000011110010;
	1494  :   111111111110111100000000001111100000000011110101;
	1495  :   111111111110101100000000001110110000000011110001;
	1496  :   111111111110110100000000010000000000000011110100;
	1497  :   111111111110011100000000001111100000000011110011;
	1498  :   111111111110110100000000010000010000000011110110;
	1499  :   111111111110110000000000010000110000000011110001;
	149A  :   111111111110101000000000001111110000000011110101;
	149B  :   111111111110100100000000010000000000000011110001;
	149C  :   111111111110110000000000001111110000000011101110;
	149D  :   111111111110110100000000010000000000000011110010;
	149E  :   111111111110111100000000001111010000000011101100;
	149F  :   111111111110101100000000001111100000000011101100;
	14A0  :   111111111110110000000000001111010000000011100111;
	14A1  :   111111111111000000000000010000100000000011101000;
	14A2  :   111111111110111000000000001111100000000011101001;
	14A3  :   111111111110111000000000010000000000000011101101;
	14A4  :   111111111111000000000000001111010000000011101101;
	14A5  :   111111111110110000000000001111010000000011101010;
	14A6  :   111111111110101100000000010000000000000011101111;
	14A7  :   111111111110110100000000010000000000000011110011;
	14A8  :   111111111110110000000000001111110000000011101110;
	14A9  :   111111111110101100000000010000100000000011101111;
	14AA  :   111111111110101100000000001111100000000011101110;
	14AB  :   111111111110101000000000001111010000000011101010;
	14AC  :   111111111110110000000000010000010000000011101101;
	14AD  :   111111111110110000000000010000000000000011101101;
	14AE  :   111111111110100100000000010000000000000011101100;
	14AF  :   111111111110111000000000001111110000000011101100;
	14B0  :   111111111111000100000000001111100000000011101110;
	14B1  :   111111111110111000000000001111110000000011110000;
	14B2  :   111111111110101100000000010000000000000011101101;
	14B3  :   111111111110100100000000001111110000000011101110;
	14B4  :   111111111110100100000000001111110000000011110110;
	14B5  :   111111111111000100000000010000000000000011110001;
	14B6  :   111111111110101100000000010000000000000011101100;
	14B7  :   111111111110101100000000010000100000000011110011;
	14B8  :   111111111110111000000000001111010000000011101110;
	14B9  :   111111111110111000000000001111100000000011110010;
	14BA  :   111111111110101100000000001111110000000011101100;
	14BB  :   111111111111000100000000001111110000000011101110;
	14BC  :   111111111110110100000000001111010000000011110100;
	14BD  :   111111111110101100000000001111110000000011101000;
	14BE  :   111111111111000100000000001111110000000011100111;
	14BF  :   111111111111001000000000001111000000000011101101;
	14C0  :   111111111111000000000000001111100000000011101000;
	14C1  :   111111111110101100000000001111100000000011100110;
	14C2  :   111111111111001100000000001111110000000011101100;
	14C3  :   111111111111001100000000001111110000000011100001;
	14C4  :   111111111111000100000000001111000000000011100101;
	14C5  :   111111111110111000000000010000000000000011100100;
	14C6  :   111111111111001100000000001111100000000011100111;
	14C7  :   111111111111011100000000010000000000000011100001;
	14C8  :   111111111110111100000000010000110000000011100110;
	14C9  :   111111111111010000000000001111000000000011100101;
	14CA  :   111111111110111100000000001111100000000011100010;
	14CB  :   111111111110111100000000001111110000000011101000;
	14CC  :   111111111111000100000000001111000000000011101000;
	14CD  :   111111111111001000000000001111110000000011100011;
	14CE  :   111111111111001000000000001111010000000011101101;
	14CF  :   111111111110111000000000001111110000000011100110;
	14D0  :   111111111111010100000000010000100000000011100010;
	14D1  :   111111111110111100000000001110100000000011101010;
	14D2  :   111111111110111000000000001110000000000011101111;
	14D3  :   111111111110111000000000001110100000000011100111;
	14D4  :   111111111110100000000000001101100000000011101101;
	14D5  :   111111111110010100000000001110000000000011101100;
	14D6  :   111111111110100100000000001110010000000011101101;
	14D7  :   111111111110011100000000001101100000000011101011;
	14D8  :   111111111110101100000000001111010000000011101101;
	14D9  :   111111111110111100000000001110010000000011101011;
	14DA  :   111111111110110000000000001110010000000011100111;
	14DB  :   111111111110111000000000001110010000000011101000;
	14DC  :   111111111111001100000000001101000000000011011100;
	14DD  :   111111111111000000000000001100110000000011010001;
	14DE  :   111111111111001100000000001100110000000011001101;
	14DF  :   111111111110111000000000001100110000000011001011;
	14E0  :   111111111111001000000000001011110000000011001100;
	14E1  :   111111111111010100000000001011000000000011001011;
	14E2  :   111111111111011000000000001011000000000011010101;
	14E3  :   111111111111011100000000001011000000000011010111;
	14E4  :   111111111111011100000000001010110000000011011001;
	14E5  :   111111111111101100000000001011100000000011100010;
	14E6  :   111111111111010100000000001010110000000011100010;
	14E7  :   000000000001010000000000001110011111111111101000;
	14E8  :   111111111001001100000000100111100000000000011110;
	14E9  :   111111111101010100000000100001110000000010001010;
	14EA  :   111111111110100000000000000011010000000101000111;
	14EB  :   000000000000001111111111111111110000000100110101;
	14EC  :   111111111101100111111111111110110000000101000100;
	14ED  :   111111111011110100000000000100100000000101010000;
	14EE  :   111111111010001000000000001001110000000101110100;
	14EF  :   111111111001011000000000010000100000000101110001;
	14F0  :   111111111001000000000000010111010000000101101101;
	14F1  :   111111111001000000000000011100100000000101010100;
	14F2  :   111111111001101100000000011101000000000101000111;
	14F3  :   111111111010101100000000011100010000000100111010;
	14F4  :   111111111100001000000000011000010000000100110110;
	14F5  :   111111111101100100000000010101110000000100110001;
	14F6  :   111111111110100100000000010010100000000100110011;
	14F7  :   111111111110110100000000010001000000000100110011;
	14F8  :   111111111110110100000000010001110000000100110010;
	14F9  :   111111111101111100000000010000100000000100101111;
	14FA  :   111111111110010000000000010001010000000100101100;
	14FB  :   111111111110011000000000010001100000000100101101;
	14FC  :   111111111110100000000000010001100000000100101000;
	14FD  :   111111111110100000000000010010000000000100011110;
	14FE  :   111111111110110000000000010001000000000100010011;
	14FF  :   111111111111000100000000010010100000000100011001;
	1500  :   111111111111100100000000010010110000000100101100;
	1501  :   111111111111100100000000010010110000000100110111;
	1502  :   111111111110111100000000010011100000000100110111;
	1503  :   111111111110101000000000010011100000000100110000;
	1504  :   111111111110101000000000010011010000000100101011;
	1505  :   111111111110100100000000010010110000000100100101;
	1506  :   111111111110011000000000010001000000000100010100;
	1507  :   111111111110110100000000010001000000000100010000;
	1508  :   111111111111001000000000010000010000000100000010;
	1509  :   111111111111001100000000001110010000000011110001;
	150A  :   000000000000011100000000000100010000000011100010;
	150B  :   000000000000110000000000000101000000000011010110;
	150C  :   000000000000101000000000000110100000000011000100;
	150D  :   000000000000001100000000000111110000000010111110;
	150E  :   000000000000010100000000001001000000000010101111;
	150F  :   000000000000011000000000001010110000000010100010;
	1510  :   000000000000001100000000001010110000000010010101;
	1511  :   000000000000001000000000001100110000000010001110;
	1512  :   000000000000000100000000001110100000000010000100;
	1513  :   111111111111111000000000001110010000000001111011;
	1514  :   111111111111100100000000001111010000000001110111;
	1515  :   111111111111110000000000001111010000000001110110;
	1516  :   111111111111011000000000001101110000000001111010;
	1517  :   111111111111010000000000001110010000000010000100;
	1518  :   111111111111010100000000001101010000000010001101;
	1519  :   111111111111010100000000001101010000000010011101;
	151A  :   111111111110111100000000001101010000000010101011;
	151B  :   111111111110111100000000001101010000000010111011;
	151C  :   111111111111000100000000001110100000000011001100;
	151D  :   111111111111010100000000001110010000000011101010;
	151E  :   111111111110111000000000001110110000000100000010;
	151F  :   111111111110100000000000001111100000000100011101;
	1520  :   111111111110011100000000001111010000000100110111;
	1521  :   111111111110010000000000010000000000000101000010;
	1522  :   111111111110100000000000010000100000000101000001;
	1523  :   111111111110110100000000010000110000000100111101;
	1524  :   111111111111000100000000010000010000000100110000;
	1525  :   111111111111100000000000010000110000000100011101;
	1526  :   111111111111100100000000010000010000000100001010;
	1527  :   111111111111111100000000001111010000000100000100;
	1528  :   111111111111101000000000001111110000000011111100;
	1529  :   111111111111110000000000001111010000000011111000;
	152A  :   111111111111101100000000001111010000000011110100;
	152B  :   111111111111101000000000001110000000000011100111;
	152C  :   111111111111011100000000001101110000000011100010;
	152D  :   111111111111010000000000001110000000000011011000;
	152E  :   111111111110111100000000001101010000000011001111;
	152F  :   111111111111000000000000001101100000000010111110;
	1530  :   111111111111001000000000001011010000000010110100;
	1531  :   111111111111110100000000010001101111111110001110;
	1532  :   111111111010110100000000100111100000000000011000;
	1533  :   111111111110101000000000010100010000000000101010;
	1534  :   111111111111110100000000000101100000000001110010;
	1535  :   111111111111000100000000000010010000000001110111;
	1536  :   111111111101010000000000000110000000000011001010;
	1537  :   111111111011001000000000001100100000000011011110;
	1538  :   111111111001110000000000010010010000000011110101;
	1539  :   111111111001010000000000011000000000000011011111;
	153A  :   111111111001101000000000011011110000000011011100;
	153B  :   111111111010010100000000011110110000000011011010;
	153C  :   111111111010111100000000011101010000000011101011;
	153D  :   111111111011110000000000011100000000000100000010;
	153E  :   111111111100011000000000011011000000000100100110;
	153F  :   111111111101100000000000011010100000000101001000;
	1540  :   111111111101111100000000011010010000000101110010;
	1541  :   111111111110000100000000011101000000000110001110;
	1542  :   111111111101111000000000011100110000000110100101;
	1543  :   111111111101110000000000011101010000000110101010;
	1544  :   111111111101111100000000011111010000000110100101;
	1545  :   111111111110001000000000011110100000000110010110;
	1546  :   111111111110100100000000011110010000000110001110;
	1547  :   111111111111001100000000011101100000000110001001;
	1548  :   111111111111100000000000011110010000000101111110;
	1549  :   111111111111110000000000011110010000000101110011;
	154A  :   111111111111101000000000011100110000000101100001;
	154B  :   111111111111100000000000011010100000000101010011;
	154C  :   111111111111101000000000011000010000000101000100;
	154D  :   000000000000000000000000010101110000000100110101;
	154E  :   000000000000001000000000010100110000000100011111;
	154F  :   000000000000011000000000010011110000000100001101;
	1550  :   000000000000101000000000010010100000000011110100;
	1551  :   000000000000011100000000010001110000000011100011;
	1552  :   111111111111111000000000001100100000000011001101;
	1553  :   000000000001111100000000000010110000000010111100;
	1554  :   000000000011000000000000000010010000000010101000;
	1555  :   000000000010010100000000000101010000000010010101;
	1556  :   000000000001111100000000001000100000000010000010;
	1557  :   000000000001011100000000001001100000000001111000;
	1558  :   000000000001010000000000001010000000000001110011;
	1559  :   000000000001010100000000001011100000000001101011;
	155A  :   000000000000111100000000001100000000000001101001;
	155B  :   000000000000111000000000001110010000000001101010;
	155C  :   000000000000011000000000001101010000000001100100;
	155D  :   000000000000001100000000001100010000000001101101;
	155E  :   000000000000000100000000001101010000000001110111;
	155F  :   000000000000001000000000001100110000000001111111;
	1560  :   000000000000011100000000001001110000000010001111;
	1561  :   000000000000000000000000001100100000000010011000;
	1562  :   111111111111100100000000001110110000000010011101;
	1563  :   111111111111010000000000001111110000000010100100;
	1564  :   111111111111010000000000001111110000000010110101;
	1565  :   111111111111011100000000010000010000000011000011;
	1566  :   111111111111100100000000010000110000000011001001;
	1567  :   111111111111001100000000010001010000000011010111;
	1568  :   111111111111000100000000010010100000000011011110;
	1569  :   111111111111001000000000010011010000000011101111;
	156A  :   111111111110101100000000010011000000000100000001;
	156B  :   111111111110110000000000010010100000000100001010;
	156C  :   111111111110110100000000010011010000000100010010;
	156D  :   111111111110101100000000010011010000000100011001;
	156E  :   111111111111000000000000010010110000000100100001;
	156F  :   111111111111000000000000010011000000000100100011;
	1570  :   111111111111000100000000010011000000000100101000;
	1571  :   111111111111001000000000010010110000000100100111;
	1572  :   111111111110111100000000010010100000000100101010;
	1573  :   111111111110101100000000010001100000000100100101;
	1574  :   111111111110110000000000010010010000000100101010;
	1575  :   111111111110110100000000010001010000000100100010;
	1576  :   111111111110110000000000010000100000000100100011;
	1577  :   111111111110010100000000010010010000000100011101;
	1578  :   111111111110100100000000010001110000000100011001;
	1579  :   111111111110010000000000010001010000000100010100;
	157A  :   111111111110001000000000010001010000000100001100;
	157B  :   111111111110010000000000010001010000000100001000;
	157C  :   111111111110000100000000010000110000000100001000;
	157D  :   111111111110000000000000001111100000000011111110;
	157E  :   111111111110000100000000001111100000000011111101;
	157F  :   111111111110001100000000010000010000000011111001;
	1580  :   111111111110010100000000001110100000000011110001;
	1581  :   111111111110010000000000001110100000000011110000;
	1582  :   111111111110001100000000001111010000000011100101;
	1583  :   111111111110001100000000001111000000000011100110;
	1584  :   111111111110011100000000001110100000000011011011;
	1585  :   111111111110010000000000001110010000000011011001;
	1586  :   111111111110100000000000001111000000000011011011;
	1587  :   111111111110011100000000001110100000000011011010;
	1588  :   111111111110100000000000001110110000000011010110;
	1589  :   111111111110101000000000001110010000000011010110;
	158A  :   111111111110100000000000001101110000000011011001;
	158B  :   111111111110100100000000001110010000000011011010;
	158C  :   111111111110101000000000001101110000000011010101;
	158D  :   111111111110111000000000001101010000000011100000;
	158E  :   111111111111000000000000001110100000000011100100;
	158F  :   111111111110101000000000001110010000000011100000;
	1590  :   111111111111000000000000001101110000000011100010;
	1591  :   111111111111000100000000001110010000000011101000;
	1592  :   111111111111100000000000001110110000000011101100;
	1593  :   111111111111001000000000001111000000000011101110;
	1594  :   111111111111011000000000001111100000000011110110;
	1595  :   111111111111001000000000001111110000000011110101;
	1596  :   111111111111010000000000001111010000000011110011;
	1597  :   111111111111011100000000010000000000000011110101;
	1598  :   111111111111101000000000010000000000000011111011;
	1599  :   111111111111011100000000010000000000000011111100;
	159A  :   111111111111001100000000010000100000000011111010;
	159B  :   111111111111001000000000010000110000000011111011;
	159C  :   111111111111001100000000010000110000000011111011;
	159D  :   111111111111010000000000010001000000000011111100;
	159E  :   111111111111000000000000010000100000000011110110;
	159F  :   111111111111001000000000010000110000000011111000;
	15A0  :   111111111111001000000000001111100000000011110101;
	15A1  :   111111111110110100000000010000000000000011110111;
	15A2  :   111111111110101000000000010000110000000011110010;
	15A3  :   111111111111000000000000010000110000000011110011;
	15A4  :   111111111111000000000000010001010000000011110001;
	15A5  :   111111111111000000000000010000000000000011101101;
	15A6  :   111111111110110100000000010000010000000011101001;
	15A7  :   111111111111010000000000010000010000000011101100;
	15A8  :   111111111111000100000000010000000000000011101011;
	15A9  :   111111111110111100000000001111110000000011101101;
	15AA  :   111111111111000000000000001111110000000011101001;
	15AB  :   111111111110111000000000001111110000000011100011;
	15AC  :   111111111111000000000000001111100000000011100100;
	15AD  :   111111111110111100000000001110110000000011100001;
	15AE  :   111111111111001000000000010000000000000011100111;
	15AF  :   111111111111000100000000001111000000000011100100;
	15B0  :   111111111111000100000000010000000000000011100101;
	15B1  :   111111111110111100000000001111110000000011101010;
	15B2  :   111111111110111000000000010000000000000011101001;
	15B3  :   111111111111000000000000001111100000000011101100;
	15B4  :   111111111111000100000000010000010000000011110000;
	15B5  :   111111111111001000000000001111110000000011101101;
	15B6  :   111111111110111100000000010000010000000011110010;
	15B7  :   111111111110101000000000010000100000000011110001;
	15B8  :   111111111110110100000000010000010000000011111001;
	15B9  :   111111111111000100000000001111010000000011110001;
	15BA  :   111111111110111000000000010000100000000011110101;
	15BB  :   111111111111000000000000010000000000000011110011;
	15BC  :   111111111110111000000000010000000000000011110101;
	15BD  :   111111111111000000000000010000000000000011110111;
	15BE  :   111111111111000000000000010000000000000011110100;
	15BF  :   111111111110110100000000001111100000000011110010;
	15C0  :   111111111111010000000000010000010000000011101011;
	15C1  :   111111111110111100000000001111010000000011101100;
	15C2  :   111111111110110100000000001111110000000011101101;
	15C3  :   111111111110111000000000001111110000000011110011;
	15C4  :   111111111110110000000000001111110000000011110000;
	15C5  :   111111111111000000000000001111110000000011110001;
	15C6  :   111111111110100100000000010000100000000011110011;
	15C7  :   111111111110110100000000001111110000000011110000;
	15C8  :   111111111110110000000000001111010000000011110001;
	15C9  :   111111111110110100000000001111010000000011110100;
	15CA  :   111111111111000000000000001111000000000011110100;
	15CB  :   111111111110110100000000001110110000000011110001;
	15CC  :   111111111110110000000000001111000000000011110100;
	15CD  :   111111111110101100000000001111110000000011110001;
	15CE  :   111111111111000000000000010000010000000011110000;
	15CF  :   111111111111000100000000001111110000000011100110;
	15D0  :   111111111111000100000000001111000000000011101010;
	15D1  :   111111111111000000000000001111110000000011101000;
	15D2  :   111111111111010000000000001111110000000011101001;
	15D3  :   111111111111001000000000001111000000000011101101;
	15D4  :   111111111111000100000000010000010000000011101101;
	15D5  :   111111111110111100000000010000010000000011110000;
	15D6  :   111111111110110100000000001111110000000011110011;
	15D7  :   111111111111001100000000001111010000000011110001;
	15D8  :   111111111111001100000000010000010000000011110101;
	15D9  :   111111111111000000000000010000000000000011101101;
	15DA  :   111111111111001100000000010000010000000011101010;
	15DB  :   111111111111001000000000010000000000000011101101;
	15DC  :   111111111111001100000000010000000000000011101100;
	15DD  :   111111111111010100000000001111110000000011101001;
	15DE  :   111111111111011000000000001111110000000011101100;
	15DF  :   111111111111011000000000010000010000000011101100;
	15E0  :   111111111111010100000000001110110000000011101001;
	15E1  :   111111111111011000000000001110010000000011101110;
	15E2  :   111111111111010100000000001110100000000011101110;
	15E3  :   111111111111011000000000001111110000000011101100;
	15E4  :   111111111111010000000000001101100000000011110001;
	15E5  :   111111111111011100000000001111000000000011110000;
	15E6  :   111111111111010100000000001110010000000011101111;
	15E7  :   111111111111011000000000001110110000000011101101;
	15E8  :   111111111111000100000000001110110000000011110000;
	15E9  :   111111111111000000000000001111010000000011101011;
	15EA  :   111111111111010000000000010000000000000011100110;
	15EB  :   111111111110110000000000001110100000000011101010;
	15EC  :   111111111111000000000000001111010000000011101101;
	15ED  :   111111111111000000000000001110100000000011110010;
	15EE  :   111111111111000000000000001110110000000011101111;
	15EF  :   111111111110111100000000010000000000000011101011;
	15F0  :   111111111111000000000000001111010000000011110001;
	15F1  :   111111111111010000000000001110100000000011101111;
	15F2  :   111111111111000000000000001110100000000011101100;
	15F3  :   111111111111000100000000001111100000000011101101;
	15F4  :   111111111111000100000000001110110000000011110001;
	15F5  :   111111111111011100000000001111110000000011101101;
	15F6  :   111111111111010100000000001110010000000011101000;
	15F7  :   111111111111010000000000001101110000000011101001;
	15F8  :   111111111111011100000000001111100000000011101111;
	15F9  :   111111111111011100000000001111000000000011101001;
	15FA  :   111111111111100100000000001110110000000011101001;
	15FB  :   111111111111010100000000001110100000000011101010;
	15FC  :   111111111111010000000000001111000000000011101011;
	15FD  :   111111111111010100000000001111000000000011101001;
	15FE  :   111111111111010000000000001110010000000011101010;
	15FF  :   111111111111001100000000001111100000000011110000;
	1600  :   111111111111010000000000001111000000000011101100;
	1601  :   111111111111011000000000001110100000000011101100;
	1602  :   111111111111011100000000010000000000000011110000;
	1603  :   111111111111011100000000001110010000000011101011;
	1604  :   111111111110111100000000010000100000000011101101;
	1605  :   111111111111001100000000001111010000000011101101;
	1606  :   111111111111010100000000001110110000000011101110;
	1607  :   111111111111010000000000001111010000000011101101;
	1608  :   111111111111010000000000001111100000000011101010;
	1609  :   111111111111000100000000001111000000000011110001;
	160A  :   111111111111001000000000001110010000000011101101;
	160B  :   111111111110110100000000001111100000000011110001;
	160C  :   111111111111001100000000010000100000000011101110;
	160D  :   111111111111001100000000001111010000000011101111;
	160E  :   111111111111001000000000001111100000000011110001;
	160F  :   111111111111010100000000010000000000000011101100;
	1610  :   111111111111001000000000001111010000000011101111;
	1611  :   111111111110101100000000001111110000000011101100;
	1612  :   111111111111000100000000001110100000000011101111;
	1613  :   111111111111001000000000001111100000000011110101;
	1614  :   111111111111001100000000001111100000000011110011;
	1615  :   111111111111000000000000001110110000000011101111;
	1616  :   111111111110111000000000001110110000000011110011;
	1617  :   111111111111000100000000001111110000000011110001;
	1618  :   111111111111001100000000001110010000000011101111;
	1619  :   111111111110111100000000001111000000000011101110;
	161A  :   111111111111001100000000001111000000000011101100;
	161B  :   111111111111001000000000010000000000000011101110;
	161C  :   111111111111000100000000001111010000000011101111;
	161D  :   111111111111001100000000001110100000000011110110;
	161E  :   111111111111001000000000001110110000000011101111;
	161F  :   111111111111000000000000001110100000000011110001;
	1620  :   111111111110110100000000001110000000000011110000;
	1621  :   111111111110111000000000001111100000000011110000;
	1622  :   111111111110110100000000001110110000000011110101;
	1623  :   111111111111010000000000001110010000000011110101;
	1624  :   111111111111000100000000001110100000000011110100;
	1625  :   111111111111000100000000001111000000000011110110;
	1626  :   111111111111000000000000001111000000000011110100;
	1627  :   111111111110111100000000001111110000000011110110;
	1628  :   111111111111000000000000001110110000000011110010;
	1629  :   111111111111010000000000001110110000000011101101;
	162A  :   111111111111100100000000001111000000000011110011;
	162B  :   111111111111011000000000001110010000000011101001;
	162C  :   111111111111011100000000001110100000000011110000;
	162D  :   111111111111100000000000001111010000000011101100;
	162E  :   111111111111011000000000001110000000000011101011;
	162F  :   111111111111011000000000001110100000000011110000;
	1630  :   111111111111101000000000001110100000000011101111;
	1631  :   111111111111101000000000001110110000000011110101;
	1632  :   111111111111010000000000001111100000000011110000;
	1633  :   111111111111100100000000001110100000000011101100;
	1634  :   111111111111100000000000001111010000000011101100;
	1635  :   111111111111011100000000001110110000000011100111;
	1636  :   111111111111011000000000001111000000000011101101;
	1637  :   111111111111011000000000001111010000000011101101;
	1638  :   111111111111011000000000001101110000000011101100;
	1639  :   111111111111010000000000001111010000000011101111;
	163A  :   111111111111010000000000001110010000000011100111;
	163B  :   111111111111010100000000001111100000000011101010;
	163C  :   111111111110111000000000001111000000000011101110;
	163D  :   111111111111000100000000001110110000000011101011;
	163E  :   111111111111001100000000001110100000000011101010;
	163F  :   111111111111010000000000001110010000000011101000;
	1640  :   111111111111001000000000001110110000000011101010;
	1641  :   111111111111001000000000001110010000000011110000;
	1642  :   111111111111010000000000001110100000000011110100;
	1643  :   111111111110111100000000001111110000000011101110;
	1644  :   111111111110111100000000001110000000000011110001;
	1645  :   111111111111000000000000001110110000000011111011;
	1646  :   111111111110111000000000001111000000000011111001;
	1647  :   111111111110111100000000001111010000000011111001;
	1648  :   111111111111000100000000001111000000000011111000;
	1649  :   111111111110110100000000001111000000000011111001;
	164A  :   111111111110110100000000001110100000000011110110;
	164B  :   111111111111000000000000001111010000000011110101;
	164C  :   111111111111000100000000001110110000000011110101;
	164D  :   111111111111000000000000001111100000000011110110;
	164E  :   111111111111001000000000001110100000000011111011;
	164F  :   111111111110111000000000001111100000000011110100;
	1650  :   111111111111011000000000001111000000000011110100;
	[1651..1652]  :   111111111111001000000000001111110000000011110000;
	1653  :   111111111111000100000000001111000000000011101111;
	1654  :   111111111110110000000000001110110000000011101011;
	1655  :   111111111111010000000000001111000000000011110101;
	1656  :   111111111111010100000000001110100000000011101101;
	1657  :   111111111111001100000000001110000000000011101101;
	1658  :   111111111111001000000000001111000000000011101100;
	1659  :   111111111111000100000000001110110000000011101011;
	165A  :   111111111111010100000000001110010000000011101111;
	165B  :   111111111111000100000000001110100000000011101100;
	165C  :   111111111111100100000000001101110000000011101001;
	165D  :   111111111111011000000000001110110000000011101011;
	165E  :   111111111111010000000000001111000000000011101000;
	165F  :   111111111111011000000000001111000000000011101001;
	1660  :   111111111111010100000000001110110000000011101010;
	1661  :   111111111111101100000000001110110000000011100110;
	1662  :   111111111111010100000000001110010000000011101011;
	1663  :   111111111111100000000000010000000000000011101001;
	1664  :   111111111111100000000000001111000000000011101110;
	1665  :   111111111111001100000000001101110000000011101010;
	1666  :   111111111111001000000000001110000000000011101101;
	1667  :   111111111111000000000000001110100000000011101000;
	1668  :   111111111111000000000000001111010000000011101101;
	1669  :   111111111110111100000000001110110000000011110000;
	166A  :   111111111111001100000000001110010000000011110000;
	166B  :   111111111111000100000000001111000000000011101111;
	166C  :   111111111110101000000000001111010000000011101101;
	166D  :   111111111110101100000000001110110000000011110001;
	166E  :   111111111110110100000000001110100000000011110000;
	166F  :   111111111110101000000000001110010000000011110011;
	1670  :   111111111110100100000000001111000000000011110011;
	1671  :   111111111111000000000000001110000000000011110000;
	1672  :   111111111111000000000000001110110000000011110111;
	1673  :   111111111110110100000000010000010000000011110110;
	1674  :   111111111111001100000000001110110000000011110100;
	1675  :   111111111111000100000000001110110000000011110000;
	1676  :   111111111111001000000000001110010000000011110000;
	1677  :   111111111111001000000000001111100000000011101111;
	1678  :   111111111111000000000000001110000000000011110000;
	1679  :   111111111110111000000000001111010000000011101011;
	167A  :   111111111111001000000000001110100000000011101111;
	167B  :   111111111111001000000000001111010000000011110101;
	167C  :   111111111110111000000000001110010000000011110011;
	167D  :   111111111111000100000000001110100000000011110011;
	167E  :   111111111111000000000000001101110000000011110100;
	167F  :   111111111111001000000000001111000000000011110010;
	1680  :   111111111111001100000000001101010000000011110001;
	1681  :   111111111111000100000000001110010000000011110010;
	1682  :   111111111111001100000000001101100000000011110000;
	1683  :   111111111110110000000000001110100000000011101110;
	1684  :   111111111110111000000000001111010000000011101101;
	1685  :   111111111110111100000000001111000000000011110001;
	1686  :   111111111111000100000000001101110000000011110011;
	1687  :   111111111110111000000000001111000000000011110000;
	1688  :   111111111111001000000000001110000000000011110000;
	1689  :   111111111111000000000000001110010000000011110011;
	168A  :   111111111111000100000000001110000000000011101010;
	168B  :   111111111111000100000000001110000000000011110010;
	168C  :   111111111111000000000000001101110000000011110101;
	168D  :   111111111111000000000000001110000000000011101101;
	168E  :   111111111111010000000000001110100000000011110000;
	168F  :   111111111111001100000000001110110000000011101010;
	1690  :   111111111111000000000000001110110000000011110000;
	1691  :   111111111111000100000000001110000000000011110010;
	1692  :   111111111111001100000000001110110000000011101111;
	1693  :   111111111111000000000000001110100000000011101011;
	1694  :   111111111111001100000000001111000000000011101110;
	1695  :   111111111111010000000000001110110000000011110100;
	1696  :   111111111111000000000000001110010000000011110000;
	1697  :   111111111111010000000000001110100000000011110010;
	1698  :   111111111111001100000000001111010000000011110101;
	1699  :   111111111111000000000000001110100000000011110010;
	169A  :   111111111111001000000000001110100000000011101110;
	169B  :   111111111111001000000000001110100000000011101111;
	169C  :   111111111111001000000000001111010000000011110001;
	169D  :   111111111111001000000000001111000000000011110010;
	169E  :   111111111111011100000000001110010000000011110000;
	169F  :   111111111111001100000000001110000000000011101110;
	16A0  :   111111111111000000000000001110000000000011100111;
	16A1  :   111111111111000000000000001110110000000011101100;
	16A2  :   111111111111000100000000001110100000000011110011;
	16A3  :   111111111110111100000000001111000000000011101011;
	16A4  :   111111111111000000000000001101100000000011101101;
	16A5  :   111111111111001100000000001111110000000011110011;
	16A6  :   111111111111000000000000001111000000000011101111;
	16A7  :   111111111110111100000000001101110000000011110010;
	16A8  :   111111111110110100000000001110010000000011110001;
	16A9  :   111111111111000000000000001110110000000011101101;
	16AA  :   111111111111000000000000001110000000000011101011;
	16AB  :   111111111110110100000000001110110000000011101111;
	16AC  :   111111111110111000000000001110010000000011101100;
	16AD  :   111111111111001000000000001110010000000011110011;
	16AE  :   111111111110111000000000001111010000000011101100;
	16AF  :   111111111111001000000000001111000000000011110001;
	16B0  :   111111111111000000000000001110010000000011110001;
	16B1  :   111111111110111100000000001110110000000011110000;
	16B2  :   111111111111001000000000001111110000000011110010;
	16B3  :   111111111110111000000000001110100000000011110100;
	16B4  :   111111111110110100000000001110110000000011101110;
	16B5  :   111111111111000100000000001111000000000011110000;
	16B6  :   111111111110111100000000001101100000000011101110;
	16B7  :   111111111110111100000000001110010000000011110010;
	16B8  :   111111111110110100000000001111000000000011101011;
	16B9  :   111111111111001000000000001110010000000011110011;
	16BA  :   111111111110111100000000001110110000000011110001;
	16BB  :   111111111111000100000000001111010000000011101110;
	16BC  :   111111111110110000000000001111010000000011101101;
	16BD  :   111111111110110100000000001111010000000011101111;
	16BE  :   111111111111001100000000001101110000000011110000;
	16BF  :   111111111111000000000000001110000000000011101111;
	16C0  :   111111111110111100000000001110110000000011110101;
	16C1  :   111111111110110100000000001110000000000011110001;
	16C2  :   111111111111001000000000001101100000000011110010;
	16C3  :   111111111110111000000000001111010000000011110010;
	16C4  :   111111111111000000000000001100110000000011110001;
	16C5  :   111111111110111000000000001110100000000011101110;
	16C6  :   111111111111001000000000001110010000000011101100;
	16C7  :   111111111111010100000000001110000000000011101100;
	16C8  :   111111111111001100000000001110010000000011101000;
	16C9  :   111111111111000000000000001110100000000011101111;
	16CA  :   111111111111000100000000001101100000000011101000;
	16CB  :   111111111111010000000000001110000000000011110110;
	16CC  :   111111111111001100000000001101100000000011110000;
	16CD  :   111111111110111000000000001110010000000011101110;
	16CE  :   111111111111000100000000001110010000000011101111;
	16CF  :   111111111111000100000000001110000000000011110101;
	16D0  :   111111111110111100000000001110000000000011110011;
	16D1  :   111111111111000100000000001101110000000011110100;
	16D2  :   111111111110111000000000001110010000000011110001;
	16D3  :   111111111111010000000000001111000000000011101110;
	16D4  :   111111111110110000000000001101100000000011110010;
	16D5  :   111111111111000000000000001110110000000011110000;
	16D6  :   111111111111001000000000001110100000000011110001;
	16D7  :   111111111111000000000000001111000000000011110001;
	16D8  :   111111111111001100000000001110100000000011110001;
	16D9  :   111111111110110100000000001101110000000011110001;
	16DA  :   111111111110111000000000001101110000000011110001;
	16DB  :   111111111111000000000000001101000000000011101110;
	16DC  :   111111111110111100000000001111000000000011101000;
	16DD  :   111111111111000000000000001110110000000011101110;
	16DE  :   111111111111001100000000001110100000000011110000;
	16DF  :   111111111111001100000000001101100000000011101111;
	16E0  :   111111111111010100000000001110100000000011101100;
	16E1  :   111111111111011000000000001111010000000011101111;
	16E2  :   111111111111010000000000001101100000000011110001;
	16E3  :   111111111110111100000000001111000000000011101110;
	16E4  :   111111111111010000000000001110010000000011110010;
	16E5  :   111111111110111000000000001110100000000011101011;
	16E6  :   111111111110111000000000001110100000000011110000;
	16E7  :   111111111110110000000000001110010000000011110011;
	16E8  :   111111111111000000000000001111000000000011101111;
	16E9  :   111111111111000000000000001110100000000011110100;
	16EA  :   111111111111001000000000001101110000000011110001;
	16EB  :   111111111110111000000000001101110000000011110011;
	16EC  :   111111111110101100000000001111010000000011110100;
	16ED  :   111111111111000000000000001110000000000011110111;
	16EE  :   111111111111001000000000001110110000000011110001;
	16EF  :   111111111110111000000000001111010000000011110100;
	16F0  :   111111111111001100000000001111100000000011110001;
	16F1  :   111111111111001100000000001101110000000011110010;
	16F2  :   111111111111001100000000001101110000000011110000;
	16F3  :   111111111111001000000000001111010000000011101110;
	16F4  :   111111111111001000000000001110110000000011110000;
	16F5  :   111111111111001100000000001111100000000011110001;
	16F6  :   111111111111001100000000001110000000000011101011;
	16F7  :   111111111111000100000000001101010000000011101010;
	16F8  :   111111111111000100000000001110010000000011101101;
	16F9  :   111111111110111100000000001110010000000011110000;
	16FA  :   111111111111000000000000001110100000000011101111;
	16FB  :   111111111111000100000000001101110000000011110001;
	16FC  :   111111111111000100000000001101110000000011101100;
	16FD  :   111111111111001000000000001101100000000011101111;
	16FE  :   111111111111001000000000001110110000000011101111;
	16FF  :   111111111111000100000000001101110000000011110001;
	1700  :   111111111111000000000000001101100000000011101101;
	1701  :   111111111111001000000000001101110000000011110011;
	1702  :   111111111111010000000000001110000000000011101110;
	1703  :   111111111111001000000000001101100000000011101111;
	1704  :   111111111111000100000000001110010000000011110000;
	1705  :   111111111111001100000000001110100000000011110001;
	1706  :   111111111111010000000000001110000000000011110001;
	1707  :   111111111111001100000000001110110000000011110101;
	1708  :   111111111110111100000000001101110000000011110101;
	1709  :   111111111110111100000000001110010000000011110001;
	170A  :   111111111111000100000000001110110000000011101110;
	170B  :   111111111111001000000000001111100000000011110001;
	170C  :   111111111110111100000000001111000000000011110010;
	170D  :   111111111110111100000000001110010000000011101110;
	170E  :   111111111111000100000000001101010000000011110100;
	170F  :   111111111111001000000000001110000000000011101110;
	1710  :   111111111110111100000000001100110000000011101100;
	1711  :   111111111110111100000000001101010000000011110010;
	1712  :   111111111110110100000000001101100000000011110011;
	1713  :   111111111110111100000000001101110000000011110011;
	1714  :   111111111111000000000000001110110000000011110101;
	1715  :   111111111110111000000000001110010000000011110010;
	1716  :   111111111110110100000000001110000000000011101000;
	1717  :   111111111110110100000000001110010000000011101110;
	1718  :   111111111111000100000000001111010000000011101111;
	1719  :   111111111110111000000000001110000000000011110000;
	171A  :   111111111111000100000000001110000000000011101001;
	171B  :   111111111111000000000000001110100000000011101110;
	171C  :   111111111111000000000000001110100000000011101101;
	171D  :   111111111110110000000000001110010000000011101011;
	171E  :   111111111110101100000000001101110000000011101000;
	171F  :   111111111110110100000000001110000000000011101111;
	1720  :   111111111110100100000000001110000000000011101100;
	1721  :   111111111110100000000000001101000000000011110010;
	1722  :   111111111110101100000000001101110000000011110010;
	1723  :   111111111110111000000000001111000000000011110110;
	1724  :   111111111110111100000000001101110000000011101011;
	1725  :   111111111110110000000000001110010000000011110011;
	1726  :   111111111111010000000000001110000000000011110011;
	1727  :   111111111111010100000000001100110000000011110001;
	1728  :   111111111111011100000000001101110000000011110010;
	1729  :   111111111111000000000000001101000000000011110100;
	172A  :   111111111110110100000000001110000000000011110010;
	172B  :   111111111111001000000000001110010000000011110101;
	172C  :   111111111111010100000000001101110000000011110010;
	172D  :   111111111111010000000000001101100000000011101111;
	172E  :   111111111111000100000000001110100000000011110011;
	172F  :   111111111111000000000000001111000000000011110010;
	1730  :   111111111111001000000000001111010000000011110110;
	1731  :   111111111110110100000000001110100000000011110010;
	1732  :   111111111110111100000000001111000000000011110001;
	1733  :   111111111110111000000000001111100000000011101111;
	1734  :   111111111111000100000000001110100000000011101111;
	1735  :   111111111110110100000000001110000000000011101101;
	1736  :   111111111110110100000000001110010000000011101111;
	1737  :   111111111110111000000000001111010000000011101110;
	1738  :   111111111110111100000000001110000000000011101111;
	1739  :   111111111110111000000000001110100000000011110000;
	173A  :   111111111110111000000000001101110000000011101011;
	173B  :   111111111110111100000000001110010000000011110011;
	173C  :   111111111110111100000000001101110000000011110011;
	173D  :   111111111111000100000000001101100000000011110001;
	173E  :   111111111111000100000000001111000000000011110001;
	173F  :   111111111111000100000000001110010000000011101101;
	1740  :   111111111111010000000000001101000000000011110000;
	1741  :   111111111111001100000000001101000000000011101010;
	1742  :   111111111111000000000000001110010000000011110000;
	1743  :   111111111111010000000000001110010000000011110001;
	1744  :   111111111111001000000000001110010000000011110000;
	1745  :   111111111111000000000000001110010000000011110011;
	1746  :   111111111111000100000000001110010000000011101111;
	1747  :   111111111110111000000000001110110000000011101111;
	1748  :   111111111110110100000000001110110000000011101111;
	1749  :   111111111111001100000000001110000000000011110001;
	174A  :   111111111110110000000000001110110000000011110000;
	174B  :   111111111111001000000000001110000000000011101101;
	174C  :   111111111111001100000000001110100000000011110100;
	174D  :   111111111110111000000000001101010000000011110011;
	174E  :   111111111111000000000000001110010000000011110110;
	174F  :   111111111111001100000000001110010000000011110110;
	1750  :   111111111111000100000000001111010000000011110000;
	1751  :   111111111111000000000000001101100000000011110001;
	1752  :   111111111111000100000000001110000000000011110000;
	1753  :   111111111110111000000000001101100000000011110000;
	1754  :   111111111110110100000000001110000000000011101111;
	1755  :   111111111111000000000000001101110000000011110011;
	1756  :   111111111111001000000000001111000000000011101111;
	1757  :   111111111111000000000000001101100000000011101101;
	1758  :   111111111111000000000000001110010000000011110000;
	1759  :   111111111111000100000000001111010000000011110001;
	175A  :   111111111110111100000000001110000000000011110011;
	175B  :   111111111111000100000000001110010000000011101110;
	175C  :   111111111111000000000000001110010000000011101101;
	175D  :   111111111110110100000000001110100000000011101110;
	175E  :   111111111110110100000000001101110000000011110001;
	175F  :   111111111110111100000000001101110000000011101111;
	1760  :   111111111111001000000000001110000000000011101101;
	1761  :   111111111111000100000000001101000000000011101100;
	1762  :   111111111110111100000000001110010000000011110011;
	1763  :   111111111111001000000000001101110000000011101101;
	1764  :   111111111111001000000000001110010000000011101111;
	1765  :   111111111110110100000000001110010000000011101110;
	1766  :   111111111110111000000000001111100000000011101110;
	1767  :   111111111111000100000000001101100000000011101101;
	1768  :   111111111111000100000000001101110000000011101100;
	1769  :   111111111110101100000000001101000000000011110010;
	176A  :   111111111110111000000000001111000000000011101110;
	176B  :   111111111110111100000000001110010000000011101110;
	176C  :   111111111111000000000000001110000000000011110010;
	176D  :   111111111111000100000000001110000000000011110100;
	176E  :   111111111110110100000000001101010000000011110100;
	176F  :   111111111110110100000000001101110000000011110000;
	1770  :   111111111110111100000000001110100000000011110000;
	1771  :   111111111111001000000000001111000000000011110100;
	1772  :   111111111111001000000000001111000000000011110101;
	1773  :   111111111110111100000000001111010000000011110011;
	1774  :   111111111111000000000000001110000000000011101101;
	1775  :   111111111111000000000000001110000000000011110100;
	1776  :   111111111110111100000000001111100000000011110001;
	1777  :   111111111111001100000000001101110000000011101110;
	1778  :   111111111111000100000000001101110000000011101011;
	1779  :   111111111110110100000000001101110000000011110001;
	177A  :   111111111111000000000000001110010000000011101110;
	177B  :   111111111111001000000000001110010000000011101110;
	177C  :   111111111111001100000000001101110000000011101111;
	177D  :   111111111111001100000000001101110000000011101100;
	177E  :   111111111110111000000000001111010000000011110000;
	177F  :   111111111111000000000000001101110000000011101110;
	1780  :   111111111110110000000000001110000000000011110101;
	1781  :   111111111110101000000000001110010000000011101111;
	1782  :   111111111110110000000000001101110000000011110000;
	1783  :   111111111111001100000000001101000000000011110000;
	1784  :   111111111111001000000000001101110000000011110110;
	1785  :   111111111111001100000000001101110000000011110101;
	1786  :   111111111110110100000000001110110000000011110010;
	1787  :   111111111110111100000000001110110000000011110111;
	1788  :   111111111110110100000000001110110000000011110000;
	1789  :   111111111111001000000000001110010000000011110011;
	178A  :   111111111111000100000000001110100000000011101111;
	178B  :   111111111111010000000000001101110000000011110000;
	178C  :   111111111110110100000000001110100000000011101111;
	178D  :   111111111110111000000000001110100000000011110010;
	178E  :   111111111110111100000000001111010000000011101111;
	178F  :   111111111110111100000000001110000000000011110001;
	1790  :   111111111111000000000000001110110000000011101111;
	1791  :   111111111110111100000000001110000000000011101101;
	1792  :   111111111111001000000000001110000000000011110000;
	1793  :   111111111110110100000000001111010000000011101111;
	1794  :   111111111110110000000000001110000000000011110011;
	1795  :   111111111111000100000000001110010000000011110010;
	1796  :   111111111110111000000000001101010000000011101101;
	1797  :   111111111111001000000000001110000000000011101010;
	1798  :   111111111111000000000000001111010000000011110000;
	1799  :   111111111111001000000000001100110000000011101111;
	179A  :   111111111111010100000000001101110000000011110000;
	179B  :   111111111111001100000000001110000000000011101011;
	179C  :   111111111111001100000000001101100000000011101111;
	179D  :   111111111111001100000000001110000000000011101110;
	179E  :   111111111110110100000000001110000000000011101110;
	179F  :   111111111111001000000000001101110000000011101111;
	17A0  :   111111111111000000000000001110100000000011110000;
	17A1  :   111111111110111100000000001110100000000011110001;
	17A2  :   111111111111000000000000001110110000000011110010;
	17A3  :   111111111110111000000000001110010000000011101011;
	17A4  :   111111111110011100000000001110010000000011110000;
	17A5  :   111111111111000000000000001110100000000011110001;
	17A6  :   111111111110110100000000001110010000000011101110;
	17A7  :   111111111110110000000000001110000000000011110011;
	17A8  :   111111111111000000000000001110010000000011101101;
	17A9  :   111111111110111000000000001110100000000011110011;
	17AA  :   111111111110111100000000001110010000000011101110;
	17AB  :   111111111111000000000000001110010000000011110100;
	17AC  :   111111111111000100000000001101110000000011110010;
	17AD  :   111111111110101100000000001110010000000011101110;
	17AE  :   111111111110111000000000001110000000000011110001;
	17AF  :   111111111110110100000000001110000000000011110100;
	17B0  :   111111111111000000000000001101110000000011110011;
	17B1  :   111111111111000100000000001110100000000011101100;
	17B2  :   111111111111000000000000001101110000000011110101;
	17B3  :   111111111111000000000000001110100000000011101111;
	17B4  :   111111111111010000000000001101110000000011101111;
	17B5  :   111111111110110000000000001110100000000011101111;
	17B6  :   111111111110111000000000001110110000000011110001;
	17B7  :   111111111110111100000000001111010000000011101111;
	17B8  :   111111111111000000000000001110000000000011101101;
	17B9  :   111111111110110100000000001110110000000011101110;
	17BA  :   111111111111000000000000001110110000000011110000;
	17BB  :   111111111111001000000000001110010000000011110000;
	17BC  :   111111111111011000000000001100110000000011101100;
	17BD  :   111111111111001100000000001110000000000011101110;
	17BE  :   111111111111001100000000001110100000000011101101;
	17BF  :   111111111111000000000000001110110000000011101110;
	17C0  :   111111111111010000000000001111000000000011110000;
	17C1  :   111111111111010100000000001110000000000011101111;
	17C2  :   111111111110111100000000001110010000000011101101;
	17C3  :   111111111111010000000000001101110000000011110010;
	17C4  :   111111111111001000000000001101100000000011101110;
	17C5  :   111111111111001100000000001101010000000011110101;
	17C6  :   111111111110111100000000001101010000000011110100;
	17C7  :   111111111111000100000000001101010000000011110011;
	17C8  :   111111111111000100000000001110010000000011110011;
	17C9  :   111111111110111100000000001110010000000011110111;
	17CA  :   111111111111000100000000001110000000000011110111;
	17CB  :   111111111111001100000000001110010000000011101111;
	17CC  :   111111111110111000000000001110000000000011101110;
	17CD  :   111111111111001100000000001110010000000011110010;
	17CE  :   111111111110111100000000001101100000000011110000;
	17CF  :   111111111110111000000000001110110000000011101111;
	17D0  :   111111111110110100000000001111000000000011110000;
	17D1  :   111111111111000000000000001110010000000011110010;
	17D2  :   111111111111010100000000001110010000000011110001;
	17D3  :   111111111110111000000000001101100000000011110100;
	17D4  :   111111111110110100000000001111010000000011110011;
	17D5  :   111111111111001100000000001111010000000011101100;
	17D6  :   111111111111000100000000001110010000000011110001;
	17D7  :   111111111110101100000000001111000000000011110000;
	17D8  :   111111111111000100000000001110100000000011101001;
	17D9  :   111111111110111000000000001110000000000011101010;
	17DA  :   111111111111010100000000001101110000000011101001;
	17DB  :   111111111111001100000000001110000000000011101101;
	17DC  :   111111111111001100000000001110000000000011101100;
	17DD  :   111111111111001000000000001101110000000011101001;
	17DE  :   111111111111010000000000001110000000000011101101;
	17DF  :   111111111111000000000000001110010000000011101111;
	17E0  :   111111111111000100000000001101110000000011101110;
	17E1  :   111111111111000100000000001110100000000011101011;
	17E2  :   111111111111000100000000001101110000000011110000;
	17E3  :   111111111110110100000000001111000000000011101101;
	17E4  :   111111111110111100000000001110100000000011101111;
	17E5  :   111111111111000000000000001110010000000011110000;
	17E6  :   111111111110111100000000001101000000000011101100;
	17E7  :   111111111110111100000000001110110000000011110100;
	17E8  :   111111111110111100000000001111000000000011110110;
	17E9  :   111111111111010100000000001110100000000011110010;
	17EA  :   111111111110111100000000001110010000000011110000;
	17EB  :   111111111110111000000000001110100000000011110001;
	17EC  :   111111111111001000000000001110000000000011101111;
	17ED  :   111111111111000100000000001101100000000011110010;
	17EE  :   111111111111000000000000001101100000000011110001;
	17EF  :   111111111111001000000000001110000000000011110000;
	17F0  :   111111111111001000000000001101110000000011110101;
	17F1  :   111111111111010000000000001110000000000011110010;
	17F2  :   111111111110110100000000001101110000000011110000;
	17F3  :   111111111111001100000000001110100000000011101011;
	17F4  :   111111111110111100000000001110010000000011101101;
	17F5  :   111111111111001100000000001101110000000011101110;
	17F6  :   111111111111000000000000001101110000000011110010;
	17F7  :   111111111110110100000000001110000000000011101111;
	17F8  :   111111111111001000000000001111100000000011110001;
	17F9  :   111111111111000100000000001110100000000011101101;
	17FA  :   111111111111000000000000001110000000000011110100;
	17FB  :   111111111111001100000000001110010000000011101101;
	17FC  :   111111111111000100000000001110010000000011110100;
	17FD  :   111111111110111000000000001111000000000011101011;
	17FE  :   111111111111001000000000001110010000000011101111;
	17FF  :   111111111111000100000000001110010000000011110001;
	1800  :   111111111110100000000000010000010000000011100101;
	1801  :   111111111110011100000000001110110000000011101100;
	1802  :   111111111110100100000000001111100000000011101100;
	1803  :   111111111110100000000000001111110000000011110000;
	1804  :   111111111110011100000000001111010000000011110011;
	1805  :   111111111110011100000000001111010000000011101001;
	1806  :   111111111110101000000000001111110000000011100101;
	1807  :   111111111110100100000000010000110000000011101101;
	1808  :   111111111110101000000000010000100000000011101001;
	1809  :   111111111110010000000000010001000000000011100111;
	180A  :   111111111110110100000000010000100000000011110001;
	180B  :   111111111110100000000000010000010000000011101111;
	180C  :   111111111110010000000000010000100000000011110000;
	180D  :   111111111110010000000000001111110000000011101101;
	180E  :   111111111110101000000000001111110000000011101001;
	180F  :   111111111110100100000000010000010000000011110000;
	1810  :   111111111110110100000000001111010000000011101010;
	1811  :   111111111110001100000000001111110000000011101100;
	1812  :   111111111110100000000000010000000000000011101101;
	1813  :   111111111110110100000000010000100000000011110001;
	1814  :   111111111110110100000000001111110000000011101111;
	1815  :   111111111110110100000000010000010000000011110010;
	1816  :   111111111110110100000000001111110000000011101111;
	1817  :   111111111110110000000000010000000000000011101010;
	1818  :   111111111110100100000000010000000000000011110011;
	1819  :   111111111111010100000000010000000000000011101110;
	181A  :   111111111111001000000000001111110000000011110001;
	181B  :   111111111110111000000000001111000000000011101110;
	181C  :   111111111110101100000000010000000000000011101001;
	181D  :   111111111110111100000000001111110000000011101111;
	181E  :   111111111110111100000000001111000000000011101100;
	181F  :   111111111110111100000000001111000000000011110001;
	1820  :   111111111110110100000000001111100000000011101011;
	1821  :   111111111110111000000000010000010000000011101110;
	1822  :   111111111111000000000000001111110000000011110010;
	1823  :   111111111110110000000000001111010000000011110000;
	1824  :   111111111110110100000000001110110000000011110010;
	1825  :   111111111110110000000000001111110000000011101111;
	1826  :   111111111110101000000000010000000000000011101110;
	1827  :   111111111110101000000000001111100000000011101111;
	1828  :   111111111110101000000000001111010000000011110000;
	1829  :   111111111110100100000000001111000000000011110100;
	182A  :   111111111110010100000000010001000000000011110001;
	182B  :   111111111110010100000000001111100000000011110101;
	182C  :   111111111110010100000000010000000000000011110110;
	182D  :   111111111110001100000000001111110000000011111000;
	182E  :   111111111110001000000000001111110000000011110110;
	182F  :   111111111101111000000000001111110000000011111100;
	1830  :   111111111101111100000000010000110000000011111011;
	1831  :   111111111110010000000000001111110000000011110100;
	1832  :   111111111110010100000000001111110000000011110110;
	1833  :   111111111110010100000000010000000000000011110001;
	1834  :   111111111110110100000000010000110000000011101111;
	1835  :   111111111110101100000000010000000000000011110010;
	1836  :   111111111110101000000000010000000000000011110001;
	1837  :   111111111110110000000000010000000000000011110001;
	1838  :   111111111110101100000000001111100000000011101011;
	1839  :   111111111110111000000000001111010000000011101100;
	183A  :   111111111110111000000000010000000000000011101101;
	183B  :   111111111110111100000000010000010000000011101101;
	183C  :   111111111111000000000000001111110000000011101101;
	183D  :   111111111110111000000000001110100000000011101110;
	183E  :   111111111110111100000000001111000000000011101011;
	183F  :   111111111110111000000000001111010000000011101100;
	1840  :   111111111111000000000000010000010000000011101000;
	1841  :   111111111110110100000000001111000000000011101001;
	1842  :   111111111110101100000000010000010000000011101011;
	1843  :   111111111110111000000000010000000000000011101011;
	1844  :   111111111110101000000000001111010000000011101000;
	1845  :   111111111110101100000000001111100000000011101010;
	1846  :   111111111110111000000000010000110000000011110000;
	1847  :   111111111110100000000000001111010000000011101100;
	1848  :   111111111110101000000000001111010000000011101101;
	1849  :   111111111110111000000000001111110000000011101010;
	184A  :   111111111110100000000000010000000000000011101011;
	184B  :   111111111110110000000000001111110000000011101010;
	184C  :   111111111110100000000000010000010000000011101010;
	184D  :   111111111110101100000000001111010000000011101100;
	184E  :   111111111110011100000000010000000000000011101110;
	184F  :   111111111110100000000000010000000000000011101101;
	1850  :   111111111110101100000000001111010000000011110100;
	1851  :   111111111110011100000000010000000000000011110000;
	1852  :   111111111110100100000000010001000000000011101111;
	1853  :   111111111110101000000000010000010000000011110001;
	1854  :   111111111110100000000000001111100000000011101010;
	1855  :   111111111110100100000000001111100000000011110000;
	1856  :   111111111110110100000000001111100000000011110001;
	1857  :   111111111110110000000000001110110000000011110000;
	1858  :   111111111110110100000000001111100000000011101010;
	1859  :   111111111111000000000000001101110000000011101000;
	185A  :   111111111110111000000000001111100000000011101100;
	185B  :   111111111110111100000000001111100000000011110011;
	185C  :   111111111110101000000000010000000000000011101111;
	185D  :   111111111110111000000000001111010000000011101100;
	185E  :   111111111110100100000000001111100000000011110011;
	185F  :   111111111110100100000000010000000000000011101110;
	1860  :   111111111110111000000000001111110000000011110101;
	1861  :   111111111110101100000000001111010000000011110000;
	1862  :   111111111110101000000000001111110000000011110100;
	1863  :   111111111110110000000000001111110000000011110100;
	1864  :   111111111110110000000000001110110000000011110001;
	1865  :   111111111110101100000000001111100000000011110001;
	1866  :   111111111110110100000000001111010000000011101101;
	1867  :   111111111110100000000000001111100000000011101100;
	1868  :   111111111110110100000000010000000000000011101100;
	1869  :   111111111110101100000000001111000000000011101111;
	186A  :   111111111110100100000000001110000000000011101010;
	186B  :   111111111110011100000000001110010000000011110000;
	186C  :   111111111110101000000000001111010000000011101110;
	186D  :   111111111110100100000000001111000000000011101111;
	186E  :   111111111110101100000000001110100000000011101111;
	186F  :   111111111110110100000000001111110000000011110000;
	1870  :   111111111110110100000000001111010000000011110011;
	1871  :   111111111110100100000000001110100000000011110010;
	1872  :   111111111110110100000000001110100000000011110100;
	1873  :   111111111110100000000000001111010000000011110010;
	1874  :   111111111110101000000000001111010000000011110110;
	1875  :   111111111110010100000000001111100000000011110010;
	1876  :   111111111110101000000000010000000000000011110000;
	1877  :   111111111110101100000000010000000000000011110010;
	1878  :   111111111110011000000000001111000000000011110101;
	1879  :   111111111110100100000000001111000000000011110010;
	187A  :   111111111110100000000000001111010000000011110000;
	187B  :   111111111110110000000000001111100000000011110101;
	187C  :   111111111110110000000000001111110000000011110010;
	187D  :   111111111110101100000000001111100000000011101110;
	187E  :   111111111110101100000000001111110000000011110110;
	187F  :   111111111110101000000000001111000000000011101011;
	1880  :   111111111110011000000000001111010000000011110001;
	1881  :   111111111110011100000000010000010000000011101111;
	1882  :   111111111110110000000000010000010000000011101111;
	1883  :   111111111110110000000000010000100000000011110000;
	1884  :   111111111110100000000000010000110000000011101001;
	1885  :   111111111110100000000000001111110000000011101101;
	1886  :   111111111110011000000000001111010000000011110011;
	1887  :   111111111110100000000000010000110000000011101001;
	1888  :   111111111110010000000000001111000000000011101011;
	1889  :   111111111110110000000000001110110000000011110001;
	188A  :   111111111110101100000000010000010000000011101101;
	188B  :   111111111110110000000000010000000000000011101101;
	188C  :   111111111110110000000000001111110000000011101011;
	188D  :   111111111110101100000000001111010000000011101000;
	188E  :   111111111110110100000000001111000000000011101101;
	188F  :   111111111110111100000000001110100000000011101001;
	1890  :   111111111110111000000000001110010000000011100111;
	1891  :   111111111110101000000000001111110000000011101001;
	1892  :   111111111110111000000000010000010000000011101010;
	1893  :   111111111110101000000000010000100000000011101101;
	1894  :   111111111110101100000000010000010000000011110110;
	1895  :   111111111110110100000000001111100000000011101111;
	1896  :   111111111110111000000000010000010000000011110000;
	1897  :   111111111110110100000000001111110000000011101010;
	1898  :   111111111110100000000000010000010000000011110000;
	1899  :   111111111110100100000000001111110000000011101011;
	189A  :   111111111111000000000000001111100000000011110001;
	189B  :   111111111110110000000000001111010000000011110001;
	189C  :   111111111110101100000000001111010000000011110001;
	189D  :   111111111110100000000000001111010000000011101111;
	189E  :   111111111110011000000000001111000000000011110010;
	189F  :   111111111110101100000000010000010000000011110011;
	18A0  :   111111111110100100000000010000000000000011101110;
	18A1  :   111111111110011100000000010000000000000011101100;
	18A2  :   111111111110100100000000001111110000000011101111;
	18A3  :   111111111110011100000000010000010000000011101111;
	18A4  :   111111111110011100000000001111110000000011101100;
	18A5  :   111111111110101000000000001111110000000011110101;
	18A6  :   111111111110101100000000001111000000000011101100;
	18A7  :   111111111110011100000000010000000000000011110000;
	18A8  :   111111111110110100000000001111110000000011110100;
	18A9  :   111111111110101000000000001111100000000011101100;
	18AA  :   111111111110100100000000001110100000000011110000;
	18AB  :   111111111110101100000000001111000000000011101011;
	18AC  :   111111111110100100000000001111000000000011101100;
	18AD  :   111111111110100000000000001111100000000011101111;
	18AE  :   111111111110100000000000001110110000000011110000;
	18AF  :   111111111110011000000000001111000000000011101110;
	18B0  :   111111111110110100000000001111100000000011101100;
	18B1  :   111111111110110000000000010000010000000011101111;
	18B2  :   111111111110100000000000010000000000000011101110;
	18B3  :   111111111110011000000000001110110000000011110000;
	18B4  :   111111111110100100000000001111010000000011110000;
	18B5  :   111111111110100100000000010000100000000011110100;
	18B6  :   111111111110110100000000010000010000000011111000;
	18B7  :   111111111110100100000000001111010000000011111010;
	18B8  :   111111111110110000000000001111100000000011111010;
	18B9  :   111111111110100000000000010000000000000011111011;
	18BA  :   111111111110101100000000010000100000000100000010;
	18BB  :   111111111110100100000000010000110000000100000010;
	18BC  :   111111111110100000000000010001000000000100000001;
	18BD  :   111111111110100000000000010000010000000011111011;
	18BE  :   111111111110110000000000010000010000000011111100;
	18BF  :   111111111110101000000000001111100000000011110011;
	18C0  :   111111111111001000000000001111110000000011100111;
	18C1  :   111111111111101000000000010000100000000011011111;
	18C2  :   111111111111111100000000001111110000000011010111;
	18C3  :   000000000000011100000000001111000000000011001110;
	18C4  :   000000000000100100000000001111000000000011000101;
	18C5  :   000000000001000100000000001101100000000011000001;
	18C6  :   000000000000111100000000001011110000000011000000;
	18C7  :   000000000000111100000000001011110000000011001001;
	18C8  :   000000000001000000000000001001010000000010111100;
	18C9  :   000000000000110100000000001000110000000010110111;
	18CA  :   000000000000011100000000001001000000000010110110;
	18CB  :   000000000000101100000000000110110000000010101111;
	18CC  :   000000000001000100000000010011101111111011101110;
	18CD  :   111111110111010000000000110011001111111101100100;
	18CE  :   111111111100010000000000101101111111111101110111;
	18CF  :   000000000010101100000000010110010000000000001011;
	18D0  :   000000000101100100000000000101000000000101000100;
	18D1  :   000000000101010011111111110101110000000100010100;
	18D2  :   000000000001111111111111110101010000000101000011;
	18D3  :   111111111111010011111111111111010000000100011100;
	18D4  :   111111111011101100000000000110010000000100110001;
	18D5  :   111111111001010100000000001010000000000100101001;
	18D6  :   111111110111101100000000001011010000000100001011;
	18D7  :   111111110110101000000000010001010000000100001100;
	18D8  :   111111110111001100000000011000010000000100010100;
	18D9  :   111111111000011100000000100010010000000100110110;
	18DA  :   111111111001101100000000100111100000000100111110;
	18DB  :   111111111010100100000000101011110000000101100011;
	18DC  :   111111111011011000000000101100110000000101111100;
	18DD  :   111111111100010100000000101000100000000110011110;
	18DE  :   111111111101010000000000100110100000000110100100;
	18DF  :   111111111110010100000000100100110000000110110001;
	18E0  :   111111111111101100000000100011000000000110110010;
	18E1  :   111111111111110000000000100000100000000110101111;
	18E2  :   000000000000000000000000100000000000000110100010;
	18E3  :   000000000000001000000000100000000000000110010100;
	18E4  :   111111111111100000000000011111100000000110001110;
	18E5  :   111111111110101000000000100000010000000101111001;
	18E6  :   111111111101101100000000100001000000000101100011;
	18E7  :   111111111101001100000000011110010000000101001100;
	18E8  :   111111111101001000000000011110000000000100111000;
	18E9  :   111111111101011100000000011101000000000100100010;
	18EA  :   111111111101110100000000011011000000000100010000;
	18EB  :   111111111110001100000000011011000000000011111101;
	18EC  :   111111111111010000000000011001000000000011110101;
	18ED  :   111111111111110000000000011001110000000011100111;
	18EE  :   000000000000000100000000010111100000000011011001;
	18EF  :   000000000000110000000000010110110000000011000110;
	18F0  :   000000000001000100000000010110000000000010111001;
	18F1  :   000000000001101000000000010101000000000010101010;
	18F2  :   000000000001111000000000010100100000000010010000;
	18F3  :   000000000001111000000000010011000000000010001100;
	18F4  :   000000000001111000000000010001110000000001111101;
	18F5  :   000000000011010000000000010100000000000001101101;
	18F6  :   000000000011110000000000010000010000000001101110;
	18F7  :   000000000011100100000000001100000000000001101111;
	18F8  :   000000000011010000000000001010100000000001110101;
	18F9  :   000000000011010000000000000101110000000010000101;
	18FA  :   000000000010111000000000000100110000000010001100;
	18FB  :   000000000011010000000000000101110000000010010111;
	18FC  :   000000000011010100000000000100100000000010100000;
	18FD  :   000000000011000000000000000011000000000010101110;
	18FE  :   000000000010111100000000000011000000000010110101;
	18FF  :   000000000010110000000000000100110000000011000001;
	1900  :   000000000010101000000000000101010000000011010010;
	1901  :   000000000001111100000000000110100000000011010011;
	1902  :   000000000001011000000000000111000000000011011101;
	1903  :   000000000000111100000000001000010000000011101101;
	1904  :   000000000000100000000000001001110000000011101101;
	1905  :   000000000000001000000000001010000000000011111000;
	1906  :   111111111111110000000000001010100000000011111100;
	1907  :   111111111111001000000000001100000000000100000100;
	1908  :   111111111110111000000000001101100000000100011000;
	1909  :   111111111110101000000000001101010000000100011010;
	190A  :   111111111110010100000000001111110000000100011100;
	190B  :   111111111110001000000000001111110000000100010001;
	190C  :   111111111101110100000000010001000000000100001110;
	190D  :   111111111110000000000000010001010000000100000011;
	190E  :   111111111110000100000000010010000000000011111001;
	190F  :   111111111101111000000000010000100000000011110000;
	1910  :   111111111101110000000000010010100000000011100110;
	1911  :   111111111101101100000000010010010000000011011101;
	1912  :   111111111101110000000000010001010000000011011101;
	1913  :   111111111101110000000000010010000000000011011010;
	1914  :   111111111101101100000000010010110000000011011000;
	1915  :   111111111101100000000000010001110000000011010100;
	1916  :   111111111101010100000000010010010000000011001101;
	1917  :   111111111101011100000000010010000000000011001100;
	1918  :   111111111101011000000000010001000000000011000100;
	1919  :   111111111111010000000000001111100000000000001001;
	191A  :   111111111010010000000000011100101111111111100101;
	191B  :   111111111100001000000000010001110000000000000111;
	191C  :   000000000000000000000000000111100000000001011100;
	191D  :   000000000001011100000000000011000000000001111111;
	191E  :   000000000001000000000000000001110000000011000100;
	191F  :   111111111111100000000000000001110000000011101011;
	1920  :   111111111110011000000000000010010000000100000100;
	1921  :   111111111110000000000000000011010000000100010001;
	1922  :   111111111110000000000000000101110000000100001110;
	1923  :   111111111101011000000000001000010000000100001000;
	1924  :   111111111100011000000000010001000000000100000110;
	1925  :   111111111011111100000000011001010000000100010011;
	1926  :   111111111011111100000000100000100000000100101001;
	1927  :   111111111100001000000000100101110000000101000100;
	1928  :   111111111100010100000000101001110000000101010011;
	1929  :   111111111100101000000000101010110000000101101100;
	192A  :   111111111101000100000000101010010000000101111100;
	192B  :   111111111101101000000000101000110000000110000100;
	192C  :   111111111110110100000000100100010000000110000110;
	192D  :   111111111111000000000000100001110000000110000101;
	192E  :   111111111110101100000000100000010000000101111111;
	192F  :   111111111110100000000000011110000000000101111011;
	1930  :   111111111110010100000000011100100000000101110001;
	1931  :   111111111110001000000000011011110000000101100000;
	1932  :   111111111101101000000000011001010000000101001111;
	1933  :   111111111101010000000000011001010000000101000001;
	1934  :   111111111101101000000000010111010000000100110100;
	1935  :   111111111101101000000000010111010000000100101100;
	1936  :   111111111101111100000000010101110000000100100001;
	1937  :   111111111110011000000000010110100000000100001111;
	1938  :   111111111110101000000000010100000000000100000100;
	1939  :   111111111111001100000000010101010000000011111010;
	193A  :   111111111111010000000000010011110000000011101000;
	193B  :   111111111111110100000000010011110000000011010100;
	193C  :   111111111111111000000000010010100000000011000100;
	193D  :   000000000000010000000000010001000000000010110000;
	193E  :   000000000001000000000000010001100000000010011110;
	193F  :   000000000010001100000000001111110000000010010100;
	1940  :   000000000010000100000000001100010000000010010100;
	1941  :   000000000010001100000000001001100000000010011001;
	1942  :   000000000010000000000000000110100000000010011011;
	1943  :   000000000001101000000000000110010000000010011100;
	1944  :   000000000001010000000000000010100000000010100001;
	1945  :   000000000000111100000000000010010000000010100001;
	1946  :   000000000000010000000000000001100000000010100011;
	1947  :   000000000000010000000000000010000000000010101101;
	1948  :   000000000000000100000000000010010000000010111001;
	1949  :   111111111111111000000000000100100000000010111111;
	194A  :   000000000000001100000000000101100000000011000100;
	194B  :   111111111111111100000000001000010000000010111110;
	194C  :   111111111111111100000000001001000000000011000101;
	194D  :   000000000000001100000000001011110000000011001011;
	194E  :   111111111111111000000000001101010000000011001110;
	194F  :   111111111111010100000000001111000000000011010100;
	1950  :   111111111111011000000000001111000000000011010111;
	1951  :   111111111110111000000000010000110000000011010111;
	1952  :   111111111110100000000000010001100000000011100001;
	1953  :   111111111110010100000000010011100000000011100111;
	1954  :   111111111110010000000000010010010000000011101000;
	1955  :   111111111110001000000000010010010000000011101111;
	1956  :   111111111110000100000000010010010000000011110010;
	1957  :   111111111101111000000000010010000000000011110111;
	1958  :   111111111110010000000000010011000000000011111110;
	1959  :   111111111110000100000000010010100000000011111110;
	195A  :   111111111110000000000000010011000000000011111110;
	195B  :   111111111110000100000000010011000000000100000000;
	195C  :   111111111110000000000000010011110000000011111111;
	195D  :   111111111110001100000000010100110000000100000000;
	195E  :   111111111101110100000000010100000000000100000101;
	195F  :   111111111101111100000000010011010000000100000101;
	1960  :   111111111110000100000000010010110000000100001001;
	1961  :   111111111101111100000000010100000000000100000100;
	1962  :   111111111101111100000000010011110000000011111110;
	1963  :   111111111110011100000000010010000000000011111110;
	1964  :   111111111110011000000000010001110000000011111111;
	1965  :   111111111110001000000000010001010000000011111111;
	1966  :   111111111110001100000000010001010000000011111001;
	1967  :   111111111110000000000000010000110000000011110110;
	1968  :   111111111110001000000000010001000000000011110100;
	1969  :   111111111110001100000000010000010000000011110100;
	[196A..196B]  :   111111111110000100000000010000000000000011110010;
	196C  :   111111111110001100000000001111010000000011110110;
	196D  :   111111111101111100000000001111000000000011110110;
	196E  :   111111111110001000000000001110100000000011110000;
	196F  :   111111111101111100000000001111000000000011101100;
	1970  :   111111111110001100000000001101110000000011110001;
	1971  :   111111111110000000000000001111000000000011101100;
	1972  :   111111111110100000000000001110100000000011101110;
	1973  :   111111111110101000000000001111000000000011101000;
	1974  :   111111111110110000000000001111100000000011100000;
	1975  :   111111111110100000000000001111000000000011100101;
	1976  :   111111111111000100000000001110010000000011011111;
	1977  :   111111111111001000000000010000100000000011100011;
	1978  :   111111111111001000000000010000010000000011100001;
	1979  :   111111111110111000000000001110110000000011011111;
	197A  :   111111111111001000000000001110110000000011100000;
	197B  :   111111111111001000000000001111100000000011101011;
	197C  :   111111111110110000000000001111010000000011101000;
	197D  :   111111111110111100000000001111010000000011100101;
	197E  :   111111111110110100000000010000000000000011101011;
	197F  :   111111111110100000000000001111100000000011101101;
	1980  :   111111111110110100000000001111000000000011110000;
	1981  :   111111111110101000000000010000010000000011110000;
	1982  :   111111111110110000000000010000010000000011101111;
	1983  :   111111111110011100000000010001100000000011101101;
	1984  :   111111111110100000000000010000010000000011110100;
	1985  :   111111111110010100000000010001010000000011110011;
	1986  :   111111111110110100000000010000000000000011110011;
	1987  :   111111111110001000000000010001110000000011110100;
	1988  :   111111111110100100000000010001110000000011101110;
	1989  :   111111111110100000000000010010000000000011110010;
	198A  :   111111111110101000000000010010000000000011111011;
	198B  :   111111111110010100000000010001100000000011110111;
	198C  :   111111111110100100000000010010010000000011110111;
	198D  :   111111111110011100000000010001110000000011111000;
	198E  :   111111111110011100000000010001100000000011110100;
	198F  :   111111111110011100000000010000110000000011110010;
	1990  :   111111111110100000000000010010000000000011110110;
	1991  :   111111111110010100000000010000110000000011110100;
	1992  :   111111111110011000000000010001110000000011110000;
	1993  :   111111111110101100000000010001010000000011110100;
	1994  :   111111111110011100000000010001000000000011101001;
	1995  :   111111111110100100000000010001100000000011101000;
	1996  :   111111111110011100000000010000100000000011101011;
	1997  :   111111111110110000000000010000100000000011101100;
	1998  :   111111111110111000000000001111100000000011101000;
	1999  :   111111111111000100000000010000010000000011100010;
	199A  :   111111111111011000000000001111110000000011100010;
	199B  :   111111111111001100000000010000000000000011100000;
	199C  :   111111111111001100000000001111110000000011011111;
	199D  :   111111111111101000000000001110110000000011100010;
	199E  :   111111111111100000000000001111010000000011011111;
	199F  :   111111111111110100000000001111100000000011100001;
	19A0  :   111111111111100100000000001111010000000011100001;
	19A1  :   111111111111010100000000010000000000000011100001;
	19A2  :   111111111111100000000000001111110000000011100010;
	19A3  :   111111111111011000000000010000100000000011100101;
	19A4  :   111111111111011000000000001111110000000011100110;
	19A5  :   111111111111010000000000001111100000000011101000;
	19A6  :   111111111111000000000000010001000000000011101101;
	19A7  :   111111111111000000000000010001110000000011101011;
	19A8  :   111111111110101100000000010001000000000011101011;
	19A9  :   111111111110101000000000010001110000000011110010;
	19AA  :   111111111110011100000000010000110000000011110000;
	19AB  :   111111111110010000000000010000110000000011110001;
	19AC  :   111111111110100000000000010001000000000011110001;
	19AD  :   111111111110001100000000010010000000000011110001;
	19AE  :   111111111110010100000000010010100000000011110001;
	19AF  :   111111111110011100000000010001110000000011110010;
	19B0  :   111111111110001100000000010001000000000011110001;
	19B1  :   111111111110011000000000010001110000000011110011;
	19B2  :   111111111110011000000000010010100000000011110010;
	19B3  :   111111111110010000000000010010000000000011110100;
	19B4  :   111111111110010100000000010001010000000011110001;
	19B5  :   111111111110011000000000010001110000000011110101;
	19B6  :   111111111110100000000000010001110000000011101110;
	19B7  :   111111111110011100000000010001010000000011110010;
	19B8  :   111111111110100100000000010001010000000011110110;
	19B9  :   111111111110100100000000010001000000000011110100;
	19BA  :   111111111110101000000000010000110000000011110101;
	19BB  :   111111111111000000000000010001110000000011101111;
	19BC  :   111111111110100000000000010000100000000011110011;
	19BD  :   111111111110101100000000010001010000000011110001;
	19BE  :   111111111110100100000000010001010000000011110011;
	19BF  :   111111111110101100000000010000110000000011110010;
	19C0  :   111111111110110100000000010001010000000011101110;
	19C1  :   111111111111000000000000010001000000000011101101;
	19C2  :   111111111110111100000000010001010000000011101000;
	19C3  :   111111111110111100000000001111100000000011100110;
	19C4  :   111111111110101000000000010000110000000011101011;
	19C5  :   111111111111001000000000010001000000000011101010;
	19C6  :   111111111111001000000000001111100000000011100101;
	19C7  :   111111111111001000000000010000000000000011101011;
	19C8  :   111111111111000100000000010000010000000011100010;
	19C9  :   111111111111001000000000001111000000000011100011;
	19CA  :   111111111111010000000000010001000000000011100100;
	19CB  :   111111111111001000000000010000100000000011100111;
	19CC  :   111111111110111100000000001111100000000011101000;
	19CD  :   111111111110111100000000010001000000000011100111;
	19CE  :   111111111111000000000000010000100000000011100111;
	19CF  :   111111111111000000000000010000110000000011101010;
	19D0  :   111111111111001100000000010000010000000011101101;
	19D1  :   111111111111001100000000010001010000000011100011;
	19D2  :   111111111111000000000000010000110000000011100110;
	19D3  :   111111111111000000000000010001000000000011101010;
	19D4  :   111111111110111100000000010001100000000011100110;
	19D5  :   111111111110110100000000010000100000000011100111;
	19D6  :   111111111111000000000000010001100000000011101000;
	19D7  :   111111111110110100000000010000110000000011101100;
	19D8  :   111111111111000000000000010000010000000011101111;
	19D9  :   111111111110101100000000010001010000000011100111;
	19DA  :   111111111110110000000000010001010000000011101100;
	19DB  :   111111111110110100000000010001100000000011101001;
	19DC  :   111111111111000000000000010001010000000011101100;
	19DD  :   111111111111000000000000010001000000000011101100;
	19DE  :   111111111111000000000000010001000000000011101111;
	19DF  :   111111111111000000000000010001110000000011101100;
	19E0  :   111111111111000100000000010001010000000011101000;
	19E1  :   111111111111000100000000010001000000000011101001;
	19E2  :   111111111111000000000000010000110000000011100110;
	19E3  :   111111111111000000000000010001010000000011101101;
	19E4  :   111111111110111000000000010000110000000011101001;
	19E5  :   111111111111000000000000010000100000000011101010;
	19E6  :   111111111110111000000000010000110000000011101101;
	19E7  :   111111111111010000000000010000110000000011110010;
	19E8  :   111111111111001100000000010001010000000011110000;
	19E9  :   111111111110111100000000010000110000000011101111;
	19EA  :   111111111111000100000000010001100000000011101101;
	19EB  :   111111111111000000000000010000110000000011110000;
	19EC  :   111111111111001100000000010001000000000011101101;
	19ED  :   111111111111000000000000010001000000000011101111;
	19EE  :   111111111111001000000000010001000000000011110010;
	19EF  :   111111111111001100000000010000110000000011101101;
	19F0  :   111111111111000100000000010001000000000011101111;
	19F1  :   111111111111000000000000010000100000000011101111;
	19F2  :   111111111111000100000000010001010000000011101110;
	19F3  :   111111111111000100000000010001010000000011101111;
	19F4  :   111111111111001000000000010000110000000011110001;
	19F5  :   111111111111011000000000010000110000000011101101;
	19F6  :   111111111111010000000000010001010000000011110100;
	19F7  :   111111111111001100000000010000110000000011110000;
	19F8  :   111111111111011000000000010001010000000011101111;
	19F9  :   111111111110111100000000010000100000000011101100;
	19FA  :   111111111111001100000000010001110000000011101101;
	19FB  :   111111111111001000000000010000100000000011101011;
	19FC  :   111111111111011000000000010000010000000011101110;
	19FD  :   111111111111010000000000010001010000000011101011;
	19FE  :   111111111111010100000000010000100000000011101000;
	19FF  :   111111111111011100000000010000100000000011101001;
	1A00  :   111111111111010100000000010000000000000011100101;
	1A01  :   111111111111000000000000010000000000000011101000;
	1A02  :   111111111111000100000000010000100000000011100010;
	1A03  :   111111111111011000000000010000010000000011100001;
	1A04  :   111111111110111100000000001111110000000011100010;
	1A05  :   111111111111010000000000010000000000000011100001;
	1A06  :   111111111111011000000000010001000000000011100101;
	1A07  :   111111111111100000000000010001000000000011100010;
	1A08  :   111111111111011000000000001111100000000011101000;
	1A09  :   111111111111010100000000010000110000000011100101;
	1A0A  :   111111111111011000000000010001000000000011101001;
	1A0B  :   111111111111001100000000010001000000000011100101;
	1A0C  :   111111111111001000000000010001010000000011100111;
	1A0D  :   111111111111010000000000010000110000000011100111;
	1A0E  :   111111111110111100000000010000110000000011100111;
	1A0F  :   111111111111010000000000010001100000000011100111;
	1A10  :   111111111111001100000000010010000000000011101010;
	1A11  :   111111111111010100000000010010010000000011101011;
	1A12  :   111111111111011100000000010000100000000011101101;
	1A13  :   111111111111010000000000001111110000000011110001;
	1A14  :   111111111111000100000000010000000000000011101110;
	1A15  :   111111111111001000000000010000010000000011110111;
	1A16  :   111111111111010100000000001111010000000011110010;
	1A17  :   111111111111010100000000001111110000000011110101;
	1A18  :   111111111110111000000000010000010000000011110010;
	1A19  :   111111111111001100000000010001000000000011110100;
	1A1A  :   111111111111000000000000010000010000000011110011;
	1A1B  :   111111111111001000000000010000010000000011110010;
	1A1C  :   111111111111010100000000010000000000000011101101;
	1A1D  :   111111111111101000000000010000000000000011110010;
	1A1E  :   111111111111011100000000010000110000000011110100;
	1A1F  :   111111111111101000000000001111110000000011110110;
	1A20  :   111111111111011000000000001111010000000011110011;
	1A21  :   111111111111011100000000001111010000000011110000;
	1A22  :   111111111111100000000000001111000000000011110001;
	1A23  :   111111111111101000000000001111010000000011101110;
	1A24  :   111111111111101000000000010000100000000011101110;
	1A25  :   111111111111110000000000010000100000000011101110;
	1A26  :   111111111111101100000000010000000000000011101011;
	1A27  :   111111111111101100000000001111010000000011101100;
	1A28  :   111111111111110000000000001111110000000011101010;
	1A29  :   111111111111101100000000001111110000000011101100;
	1A2A  :   111111111111100100000000001111000000000011101000;
	1A2B  :   111111111111100000000000001111110000000011100101;
	1A2C  :   111111111111101000000000001111000000000011100111;
	1A2D  :   111111111111011100000000001111100000000011101000;
	1A2E  :   111111111111011100000000001111100000000011101010;
	1A2F  :   111111111111011000000000010000000000000011101011;
	1A30  :   111111111111011000000000010000000000000011101101;
	1A31  :   111111111111100000000000001111110000000011101100;
	1A32  :   111111111111011100000000010000000000000011101100;
	1A33  :   111111111111010100000000001110110000000011101111;
	1A34  :   111111111111010000000000001111000000000011110001;
	1A35  :   111111111111001000000000010000000000000011110010;
	1A36  :   111111111111011000000000001111110000000011101111;
	1A37  :   111111111111011000000000010000000000000011101110;
	1A38  :   111111111111001000000000010000010000000011101100;
	1A39  :   111111111111000100000000010000000000000011101111;
	1A3A  :   111111111111001000000000010000000000000011110001;
	1A3B  :   111111111111000100000000001111010000000011110010;
	1A3C  :   111111111111000100000000001111110000000011101100;
	1A3D  :   111111111111000000000000001111010000000011110000;
	1A3E  :   111111111111001000000000001111000000000011101111;
	1A3F  :   111111111111000100000000001110100000000011110001;
	1A40  :   111111111110111000000000001110110000000011110000;
	1A41  :   111111111111001000000000001111110000000011101110;
	1A42  :   111111111111000000000000010000000000000011110100;
	1A43  :   111111111111000000000000010000010000000011110111;
	1A44  :   111111111111010000000000010000100000000011110110;
	1A45  :   111111111111001100000000010000010000000011110011;
	1A46  :   111111111111010000000000001111000000000011101111;
	1A47  :   111111111111001000000000001111110000000011101011;
	1A48  :   111111111111001100000000001111110000000011101100;
	1A49  :   111111111111010100000000001111000000000011110010;
	1A4A  :   111111111111001100000000001111100000000011101101;
	1A4B  :   111111111111001000000000001111100000000011110011;
	1A4C  :   111111111111011100000000001111100000000011110010;
	1A4D  :   111111111111100000000000001111100000000011110011;
	1A4E  :   111111111111010100000000001111010000000011101010;
	1A4F  :   111111111111011100000000001110110000000011110001;
	1A50  :   111111111111001100000000001111100000000011101001;
	1A51  :   111111111111010100000000001111000000000011110001;
	1A52  :   111111111111010000000000001111000000000011110001;
	1A53  :   111111111111100100000000001111100000000011101101;
	1A54  :   111111111111011000000000001111000000000011101010;
	1A55  :   111111111111010000000000001111100000000011110001;
	1A56  :   111111111111011000000000001110110000000011101011;
	1A57  :   111111111111010100000000001111110000000011101011;
	1A58  :   111111111111010000000000001111000000000011101111;
	1A59  :   111111111111001000000000001111010000000011110001;
	1A5A  :   111111111111001100000000001111100000000011101101;
	1A5B  :   111111111111010000000000001111100000000011101011;
	1A5C  :   111111111111001000000000001110110000000011101011;
	1A5D  :   111111111111010000000000001111010000000011101111;
	1A5E  :   111111111111001100000000001110110000000011101111;
	1A5F  :   111111111111001100000000001110110000000011101100;
	1A60  :   111111111111010000000000010000000000000011101100;
	1A61  :   111111111111001000000000001111010000000011101010;
	1A62  :   111111111111001100000000001110110000000011101111;
	1A63  :   111111111111000000000000001110110000000011101101;
	1A64  :   111111111110111100000000001110010000000011101011;
	1A65  :   111111111111000000000000001101100000000011110001;
	1A66  :   111111111111000000000000001110110000000011110011;
	1A67  :   111111111110111100000000001110000000000011101011;
	1A68  :   111111111111000100000000001111000000000011110010;
	1A69  :   111111111111001100000000001111010000000011110010;
	1A6A  :   111111111111000000000000001111000000000011110001;
	1A6B  :   111111111111000000000000001111100000000011101111;
	1A6C  :   111111111111000000000000001111100000000011110010;
	1A6D  :   111111111111000100000000010000000000000011101111;
	1A6E  :   111111111111001000000000001111100000000011110000;
	1A6F  :   111111111111000100000000001111000000000011110100;
	1A70  :   111111111111010100000000001110110000000011110010;
	1A71  :   111111111111010000000000001111010000000011110010;
	1A72  :   111111111111010000000000001111000000000011110001;
	1A73  :   111111111111001000000000001111010000000011101100;
	1A74  :   111111111111001100000000001110100000000011101111;
	1A75  :   111111111111011000000000001111000000000011101100;
	1A76  :   111111111111100000000000001110110000000011110001;
	1A77  :   111111111111001100000000001110110000000011101101;
	1A78  :   111111111111010100000000001111000000000011110001;
	1A79  :   111111111111010000000000001110110000000011101011;
	1A7A  :   111111111111011000000000001110010000000011101111;
	1A7B  :   111111111111010000000000001110110000000011101100;
	1A7C  :   111111111111000100000000001111100000000011101011;
	1A7D  :   111111111111000100000000010000010000000011101100;
	1A7E  :   111111111111001100000000001111010000000011110001;
	1A7F  :   111111111111011000000000001111010000000011101111;
	1A80  :   111111111111011100000000001110000000000011110001;
	1A81  :   111111111111001000000000001111110000000011110000;
	1A82  :   111111111111010000000000001111010000000011101110;
	1A83  :   111111111111000100000000001110100000000011110001;
	1A84  :   111111111111001000000000001111010000000011101101;
	1A85  :   111111111111001000000000001111010000000011101100;
	1A86  :   111111111111000100000000001111110000000011110101;
	1A87  :   111111111111010000000000001111010000000011110000;
	1A88  :   111111111111011000000000001111000000000011110000;
	1A89  :   111111111111000000000000010000010000000011110010;
	1A8A  :   111111111110111100000000001110100000000011110011;
	1A8B  :   111111111111010100000000001111110000000011101111;
	1A8C  :   111111111111010100000000001110100000000011110100;
	1A8D  :   111111111111010000000000001111010000000011101110;
	1A8E  :   111111111111001100000000001111100000000011110010;
	1A8F  :   111111111111001000000000001111000000000011110101;
	1A90  :   111111111111000000000000001110100000000011101011;
	1A91  :   111111111111000000000000001110110000000011101110;
	1A92  :   111111111111000000000000001110100000000011101010;
	1A93  :   111111111111000000000000001111000000000011101110;
	1A94  :   111111111110110100000000001111010000000011110001;
	1A95  :   111111111111001100000000001110110000000011110001;
	1A96  :   111111111111010100000000001111000000000011110001;
	1A97  :   111111111110110100000000001110110000000011101101;
	1A98  :   111111111111001000000000001110110000000011101110;
	1A99  :   111111111111010000000000001111000000000011110010;
	1A9A  :   111111111111010000000000001111010000000011110000;
	1A9B  :   111111111111011100000000001110100000000011110010;
	1A9C  :   111111111111010000000000001111000000000011110001;
	1A9D  :   111111111111001000000000001111110000000011101101;
	1A9E  :   111111111111000100000000001111000000000011110010;
	1A9F  :   111111111111010000000000010000010000000011110011;
	1AA0  :   111111111111011000000000001111110000000011110010;
	1AA1  :   111111111111010000000000010000010000000011101101;
	1AA2  :   111111111111101000000000001111000000000011101101;
	1AA3  :   111111111111100100000000001110110000000011101100;
	1AA4  :   111111111111010100000000001111100000000011101001;
	1AA5  :   111111111111001100000000001110010000000011101100;
	1AA6  :   111111111111011100000000001110110000000011101110;
	1AA7  :   111111111111001100000000001111010000000011101100;
	1AA8  :   111111111111001000000000010000000000000011101110;
	1AA9  :   111111111111000100000000010000010000000011110001;
	1AAA  :   111111111111000000000000001111100000000011110001;
	1AAB  :   111111111111010000000000001111110000000011110010;
	1AAC  :   111111111110111100000000001111010000000011101110;
	1AAD  :   111111111111000000000000001111100000000011110001;
	1AAE  :   111111111111001000000000001111110000000011110000;
	1AAF  :   111111111111000100000000001110000000000011101101;
	1AB0  :   111111111111000000000000001111010000000011110001;
	1AB1  :   111111111111001000000000001110110000000011101111;
	1AB2  :   111111111110111100000000001111010000000011101100;
	1AB3  :   111111111111000100000000001111000000000011101110;
	1AB4  :   111111111111010100000000001111110000000011101011;
	1AB5  :   111111111111011100000000001111110000000011100110;
	1AB6  :   111111111111000100000000001110100000000011101000;
	1AB7  :   111111111111000100000000001111010000000011101001;
	1AB8  :   111111111111000100000000001110000000000011101110;
	1AB9  :   111111111111001000000000001111110000000011101111;
	1ABA  :   111111111111000000000000001110000000000011101010;
	1ABB  :   111111111111001100000000001110110000000011101110;
	1ABC  :   111111111111001000000000001111110000000011101101;
	1ABD  :   111111111110111000000000001111100000000011101101;
	1ABE  :   111111111110111100000000001111100000000011110000;
	1ABF  :   111111111111000000000000001111010000000011110000;
	1AC0  :   111111111111001000000000001111010000000011110110;
	1AC1  :   111111111111001000000000001110110000000011110010;
	[1AC2..1AC3]  :   111111111110111100000000001111000000000011110011;
	1AC4  :   111111111111000000000000010000010000000011110100;
	1AC5  :   111111111111000100000000001111000000000011110001;
	1AC6  :   111111111111000000000000001110110000000011110011;
	1AC7  :   111111111111001000000000001111000000000011110101;
	1AC8  :   111111111111000100000000001111100000000011110000;
	1AC9  :   111111111111001000000000001111000000000011110010;
	1ACA  :   111111111111001100000000001111010000000011110000;
	1ACB  :   111111111111000100000000001111100000000011110010;
	1ACC  :   111111111111001100000000001111110000000011110100;
	1ACD  :   111111111111000100000000001111010000000011110010;
	1ACE  :   111111111110111100000000001111110000000011101101;
	1ACF  :   111111111111000100000000001111110000000011110100;
	1AD0  :   111111111111001000000000001110110000000011110001;
	1AD1  :   111111111111010000000000001111110000000011101100;
	1AD2  :   111111111111010100000000001111000000000011110000;
	1AD3  :   111111111111001000000000001111110000000011101100;
	1AD4  :   111111111111001100000000001110010000000011101010;
	1AD5  :   111111111111010100000000001111100000000011110000;
	1AD6  :   111111111111011100000000001111000000000011101110;
	1AD7  :   111111111111001100000000001111000000000011110000;
	1AD8  :   111111111111010100000000001111000000000011101101;
	1AD9  :   111111111111001000000000001111010000000011101110;
	1ADA  :   111111111111010000000000001110100000000011101111;
	1ADB  :   111111111111010100000000001111010000000011101111;
	1ADC  :   111111111111001000000000001110110000000011110000;
	1ADD  :   111111111111001100000000001111000000000011110010;
	1ADE  :   111111111111000100000000001111000000000011101001;
	1ADF  :   111111111111000000000000001111000000000011101010;
	1AE0  :   111111111111001000000000001110110000000011110011;
	1AE1  :   111111111111010100000000001111000000000011101111;
	1AE2  :   111111111111000000000000001110110000000011101100;
	1AE3  :   111111111111001000000000001111100000000011110001;
	1AE4  :   111111111111000000000000001110100000000011110000;
	1AE5  :   111111111111010100000000001111010000000011110001;
	1AE6  :   111111111111010100000000001111000000000011101101;
	1AE7  :   111111111111001000000000001111100000000011101001;
	1AE8  :   111111111111001000000000001111110000000011101101;
	1AE9  :   111111111111000100000000001111100000000011101100;
	1AEA  :   111111111111001000000000010000010000000011110000;
	1AEB  :   111111111111000000000000001110110000000011110010;
	1AEC  :   111111111111011100000000001110100000000011110100;
	1AED  :   111111111111011100000000001111000000000011110011;
	1AEE  :   111111111111100000000000001111000000000011110000;
	1AEF  :   111111111111000100000000010000010000000011110011;
	1AF0  :   111111111111001000000000001111100000000011110000;
	1AF1  :   111111111111001000000000001111000000000011110101;
	1AF2  :   111111111111010100000000001111010000000011101011;
	1AF3  :   111111111110111000000000001111110000000011101101;
	1AF4  :   111111111111000100000000001111010000000011101101;
	1AF5  :   111111111111001100000000001110110000000011101011;
	1AF6  :   111111111111001100000000001111110000000011110011;
	1AF7  :   111111111111011100000000001111100000000011110101;
	1AF8  :   111111111111100100000000001111000000000011110000;
	1AF9  :   111111111111000000000000001110100000000011110000;
	[1AFA..1AFB]  :   111111111111000100000000001111100000000011101010;
	1AFC  :   111111111111010100000000001111000000000011101111;
	1AFD  :   111111111111001100000000001111010000000011110000;
	1AFE  :   111111111111010000000000001110110000000011110010;
	1AFF  :   111111111111011000000000001111000000000011101111;
	1B00  :   111111111111010100000000001110010000000011110000;
	1B01  :   111111111111001100000000001111010000000011101101;
	1B02  :   111111111111001100000000001111010000000011101110;
	1B03  :   111111111111010000000000001110110000000011101110;
	1B04  :   111111111111001000000000001110100000000011101010;
	1B05  :   111111111110111100000000001111000000000011101101;
	1B06  :   111111111111011000000000001111010000000011110010;
	1B07  :   111111111111001000000000001111000000000011101011;
	1B08  :   111111111111011000000000001111000000000011110101;
	1B09  :   111111111111001100000000001111010000000011110001;
	1B0A  :   111111111111000100000000001110110000000011101110;
	1B0B  :   111111111111001000000000001111010000000011110000;
	1B0C  :   111111111111000100000000001110100000000011110001;
	1B0D  :   111111111111001000000000010000010000000011101111;
	1B0E  :   111111111111001000000000001111110000000011110011;
	1B0F  :   111111111111001100000000001111000000000011101011;
	1B10  :   111111111111001100000000001111110000000011101111;
	1B11  :   111111111111000100000000001110110000000011101110;
	1B12  :   111111111110110000000000010000000000000011101110;
	1B13  :   111111111111010100000000001111100000000011101101;
	1B14  :   111111111111001000000000001111100000000011101001;
	1B15  :   111111111111010100000000001111010000000011101101;
	1B16  :   111111111111010000000000001111110000000011101000;
	1B17  :   111111111111011000000000010000000000000011110000;
	1B18  :   111111111111010000000000010000000000000011101110;
	1B19  :   111111111111000100000000001111000000000011110001;
	1B1A  :   111111111111000100000000001111010000000011101011;
	1B1B  :   111111111111010000000000001111010000000011110000;
	1B1C  :   111111111110111100000000001111010000000011101110;
	1B1D  :   111111111111000000000000001111010000000011101100;
	1B1E  :   111111111111001000000000001111100000000011101011;
	1B1F  :   111111111111000000000000001111100000000011101011;
	1B20  :   111111111111000000000000001111000000000011110100;
	1B21  :   111111111111000000000000001110110000000011110000;
	1B22  :   111111111111000000000000001111010000000011101111;
	1B23  :   111111111111000000000000001111000000000011101011;
	1B24  :   111111111111001000000000001111100000000011101111;
	1B25  :   111111111111101000000000001111100000000011101011;
	1B26  :   111111111111011100000000001111100000000011101100;
	1B27  :   111111111111001100000000010000010000000011101100;
	1B28  :   111111111111000000000000010000000000000011101110;
	1B29  :   111111111111001000000000010000000000000011101100;
	1B2A  :   111111111111010100000000001111010000000011110001;
	1B2B  :   111111111111010000000000001111100000000011110001;
	1B2C  :   111111111111000100000000001111100000000011110010;
	1B2D  :   111111111111011100000000001111100000000011111000;
	1B2E  :   111111111111010100000000001111010000000011110000;
	1B2F  :   111111111111010100000000001111000000000011110001;
	1B30  :   111111111111010000000000001111000000000011101111;
	1B31  :   111111111111000100000000010000000000000011101100;
	1B32  :   111111111111011000000000001111010000000011110100;
	1B33  :   111111111111001000000000001111100000000011110011;
	1B34  :   111111111110111100000000001111100000000011110110;
	1B35  :   111111111111010000000000001111110000000011110101;
	1B36  :   111111111111011100000000010000000000000011101110;
	1B37  :   111111111111000000000000001111010000000011101110;
	1B38  :   111111111111000000000000010000000000000011110000;
	1B39  :   111111111111011000000000001110010000000011110010;
	1B3A  :   111111111111000100000000001111110000000011101111;
	1B3B  :   111111111111000100000000001111010000000011110000;
	1B3C  :   111111111111000100000000001110110000000011101110;
	1B3D  :   111111111111001000000000001111100000000011101101;
	1B3E  :   111111111111001100000000001111000000000011101111;
	1B3F  :   111111111111001000000000001111010000000011110000;
	1B40  :   111111111111100000000000001111010000000011101100;
	1B41  :   111111111111011000000000001111100000000011101101;
	1B42  :   111111111111011000000000001111010000000011101001;
	1B43  :   111111111111100100000000001111100000000011101111;
	1B44  :   111111111110111100000000001111110000000011110001;
	1B45  :   111111111111000000000000010000010000000011110001;
	1B46  :   111111111111000100000000010000000000000011101111;
	1B47  :   111111111111001000000000001111100000000011101011;
	1B48  :   111111111111000000000000001111110000000011110010;
	1B49  :   111111111111001100000000001111110000000011110010;
	1B4A  :   111111111111011000000000001111010000000011101110;
	1B4B  :   111111111111001100000000001111100000000011110010;
	1B4C  :   111111111111000000000000001111000000000011101110;
	1B4D  :   111111111111011000000000010000000000000011110101;
	1B4E  :   111111111111000100000000001111110000000011110010;
	1B4F  :   111111111111011000000000001111010000000011101110;
	1B50  :   111111111111001000000000001111010000000011110000;
	1B51  :   111111111111000100000000001111110000000011110000;
	1B52  :   111111111111010000000000010000000000000011101111;
	1B53  :   111111111111001100000000001111100000000011101010;
	1B54  :   111111111111000000000000001111100000000011101000;
	1B55  :   111111111111011100000000010000110000000011110001;
	1B56  :   111111111111001000000000001110000000000011101011;
	1B57  :   111111111111001100000000001111010000000011101101;
	1B58  :   111111111111001000000000010000000000000011101100;
	1B59  :   111111111111000100000000010000100000000011101001;
	1B5A  :   111111111111010100000000010000010000000011101100;
	1B5B  :   111111111111000100000000001111010000000011101000;
	1B5C  :   111111111110111100000000010000000000000011101100;
	1B5D  :   111111111111010000000000001111100000000011101101;
	1B5E  :   111111111111001000000000001111110000000011101011;
	1B5F  :   111111111111010100000000001111100000000011101011;
	1B60  :   111111111111001100000000001111100000000011101000;
	1B61  :   111111111110111000000000001111100000000011110000;
	1B62  :   111111111111001000000000001111110000000011101011;
	1B63  :   111111111111000100000000001111010000000011101110;
	1B64  :   111111111110111000000000001110110000000011101110;
	1B65  :   111111111110110100000000001110110000000011110001;
	1B66  :   111111111111000100000000001111110000000011101111;
	1B67  :   111111111111010100000000001110010000000011101110;
	1B68  :   111111111111010100000000001111110000000011101110;
	1B69  :   111111111111001000000000001111100000000011110010;
	1B6A  :   111111111111001100000000001111100000000011110100;
	1B6B  :   111111111111011100000000001111010000000011110010;
	1B6C  :   111111111111011000000000001111100000000011101101;
	1B6D  :   111111111111010100000000001111000000000011110010;
	1B6E  :   111111111111001100000000010000000000000011101101;
	1B6F  :   111111111111010000000000001111100000000011101101;
	1B70  :   111111111111010000000000001111110000000011101110;
	1B71  :   111111111111010100000000001111100000000011110001;
	1B72  :   111111111111011000000000001111100000000011101011;
	1B73  :   111111111111000000000000010000000000000011101110;
	1B74  :   111111111111001100000000010000010000000011110011;
	1B75  :   111111111111001100000000010000000000000011101011;
	1B76  :   111111111110111000000000001111010000000011101110;
	1B77  :   111111111111011000000000001111010000000011110010;
	1B78  :   111111111111000100000000001111100000000011101011;
	1B79  :   111111111111011000000000010000000000000011101101;
	1B7A  :   111111111111000100000000001111010000000011101000;
	1B7B  :   111111111111001100000000010000000000000011101101;
	1B7C  :   111111111111000100000000001111110000000011101100;
	1B7D  :   111111111111000000000000001111000000000011101100;
	1B7E  :   111111111111001000000000001110110000000011110000;
	1B7F  :   111111111111001000000000001111100000000011101110;
	1B80  :   111111111111000000000000001111000000000011101111;
	1B81  :   111111111110111000000000001111010000000011101101;
	1B82  :   111111111111000100000000001111100000000011110000;
	1B83  :   111111111111000100000000001111110000000011101110;
	1B84  :   111111111111000100000000001111100000000011101111;
	1B85  :   111111111111001100000000001111010000000011110110;
	1B86  :   111111111111001100000000010000000000000011110001;
	1B87  :   111111111111001000000000010000110000000011110100;
	1B88  :   111111111110111000000000001110110000000011110001;
	1B89  :   111111111111001100000000010000010000000011110101;
	1B8A  :   111111111111001000000000010000000000000011101111;
	1B8B  :   111111111111100000000000001111100000000011111001;
	1B8C  :   111111111111001000000000001111110000000011110101;
	1B8D  :   111111111111001000000000001111100000000011111001;
	1B8E  :   111111111111001000000000010000000000000011110111;
	1B8F  :   111111111111010000000000001111100000000011110101;
	1B90  :   111111111111000100000000001111110000000011101011;
	1B91  :   111111111111011100000000001111100000000011110001;
	1B92  :   111111111111010000000000001111100000000011101110;
	1B93  :   111111111111011000000000001111100000000011110001;
	1B94  :   111111111111001100000000001111100000000011101001;
	1B95  :   111111111111000000000000001111100000000011101100;
	1B96  :   111111111111011000000000001110100000000011101101;
	1B97  :   111111111111001100000000010000000000000011110000;
	1B98  :   111111111111100000000000001111100000000011101110;
	1B99  :   111111111111010000000000001111100000000011101100;
	1B9A  :   111111111111001100000000001111000000000011101110;
	1B9B  :   111111111111000100000000010000010000000011101110;
	1B9C  :   111111111111000100000000001111010000000011101011;
	1B9D  :   111111111110111100000000001111000000000011101101;
	1B9E  :   111111111111000100000000001111000000000011101100;
	1B9F  :   111111111111010100000000001110110000000011110000;
	1BA0  :   111111111111000000000000010000010000000011110000;
	1BA1  :   111111111111001000000000001111110000000011101010;
	1BA2  :   111111111111000000000000001111010000000011110010;
	1BA3  :   111111111110110100000000001111010000000011110010;
	1BA4  :   111111111110111100000000010000000000000011110000;
	1BA5  :   111111111111000000000000001111100000000011110000;
	1BA6  :   111111111111000000000000001111110000000011110000;
	1BA7  :   111111111111001000000000010000010000000011110001;
	1BA8  :   111111111111001100000000001111100000000011110000;
	1BA9  :   111111111111010100000000001111110000000011110000;
	1BAA  :   111111111111001000000000001110110000000011101100;
	1BAB  :   111111111111001000000000001111000000000011101111;
	1BAC  :   111111111111000000000000001111000000000011101100;
	1BAD  :   111111111111000100000000001111110000000011110000;
	1BAE  :   111111111111001100000000001110110000000011101101;
	1BAF  :   111111111110111000000000001111100000000011110000;
	1BB0  :   111111111111001000000000001111000000000011110010;
	1BB1  :   111111111111000100000000001111000000000011101110;
	1BB2  :   111111111110111000000000001111000000000011101110;
	1BB3  :   111111111111000000000000001111100000000011101011;
	1BB4  :   111111111110111100000000010000000000000011101100;
	1BB5  :   111111111111001100000000010000000000000011101110;
	1BB6  :   111111111111001100000000001111000000000011101101;
	1BB7  :   111111111111001000000000001111100000000011110001;
	1BB8  :   111111111111000100000000010000010000000011101110;
	1BB9  :   111111111111000100000000001111000000000011101100;
	1BBA  :   111111111110110100000000001111100000000011101111;
	1BBB  :   111111111111001000000000010000010000000011110000;
	1BBC  :   111111111110111100000000001110110000000011101111;
	1BBD  :   111111111111000000000000001111010000000011110001;
	1BBE  :   111111111111001100000000001111110000000011101001;
	1BBF  :   111111111111000100000000010000000000000011101110;
	1BC0  :   111111111110111000000000001111000000000011101101;
	1BC1  :   111111111111001000000000001111100000000011101110;
	1BC2  :   111111111111001100000000001111100000000011110010;
	1BC3  :   111111111111011000000000010000000000000011101101;
	1BC4  :   111111111111000100000000001111100000000011110001;
	1BC5  :   111111111111000100000000001110110000000011101111;
	1BC6  :   111111111111010000000000001111110000000011101101;
	1BC7  :   111111111111001000000000001111010000000011110000;
	1BC8  :   111111111111010000000000001111110000000011101110;
	1BC9  :   111111111111001100000000001111010000000011101110;
	1BCA  :   111111111110111000000000010000110000000011101011;
	1BCB  :   111111111111010000000000001111110000000011110110;
	1BCC  :   111111111111000100000000001111110000000011110001;
	1BCD  :   111111111111000100000000001111000000000011110101;
	1BCE  :   111111111111010100000000001110110000000011110000;
	1BCF  :   111111111111000100000000001111010000000011101111;
	1BD0  :   111111111110111100000000001111010000000011110011;
	1BD1  :   111111111111010000000000001111110000000011110011;
	1BD2  :   111111111111000100000000001111110000000011101110;
	1BD3  :   111111111110111000000000001111110000000011110000;
	1BD4  :   111111111111001000000000001111110000000011110101;
	1BD5  :   111111111111010000000000010000010000000011101111;
	1BD6  :   111111111111011100000000001111010000000011110001;
	1BD7  :   111111111111001000000000010000000000000011110001;
	1BD8  :   111111111111011100000000001111100000000011110000;
	1BD9  :   111111111111000000000000001110110000000011101110;
	1BDA  :   111111111111010100000000001111100000000011101101;
	1BDB  :   111111111111010100000000001111100000000011110010;
	1BDC  :   111111111111011000000000001111010000000011101111;
	1BDD  :   111111111111001100000000010000000000000011101110;
	1BDE  :   111111111111000000000000001111110000000011110000;
	1BDF  :   111111111111001100000000010000000000000011101111;
	1BE0  :   111111111111010000000000001111000000000011101001;
	1BE1  :   111111111111011000000000001111000000000011101110;
	1BE2  :   111111111111010000000000001111010000000011101101;
	1BE3  :   111111111110110000000000010000010000000011101011;
	1BE4  :   111111111110111100000000001111100000000011101011;
	1BE5  :   111111111111001000000000010000000000000011110000;
	1BE6  :   111111111110110100000000001111100000000011101111;
	1BE7  :   111111111110111000000000001111000000000011110010;
	1BE8  :   111111111111001000000000001111100000000011101111;
	1BE9  :   111111111111000100000000010000000000000011101101;
	1BEA  :   111111111111001000000000001111010000000011101101;
	1BEB  :   111111111111000000000000001111110000000011110011;
	1BEC  :   111111111111011000000000001111110000000011110000;
	1BED  :   111111111111000100000000010000000000000011101111;
	1BEE  :   111111111111000000000000010000110000000011110011;
	1BEF  :   111111111111001000000000001111100000000011101111;
	1BF0  :   111111111111010000000000010000010000000011101111;
	1BF1  :   111111111111010100000000010000110000000011101010;
	1BF2  :   111111111111010000000000001111010000000011101110;
	1BF3  :   111111111111001000000000001111000000000011101110;
	1BF4  :   111111111111001100000000001111110000000011101101;
	1BF5  :   111111111111010100000000001111010000000011101111;
	1BF6  :   111111111111100000000000001111000000000011101010;
	1BF7  :   111111111111001100000000001111010000000011101111;
	1BF8  :   111111111110111000000000001111000000000011101101;
	1BF9  :   111111111111010000000000001111110000000011101111;
	1BFA  :   111111111111011000000000001111010000000011101101;
	1BFB  :   111111111111001100000000001110100000000011110010;
	1BFC  :   111111111111010100000000010000010000000011110011;
	1BFD  :   111111111111001000000000001111000000000011110001;
	1BFE  :   111111111111001100000000001110100000000011110001;
	1BFF  :   111111111111010000000000001110010000000011110001;
	1C00  :   111111111111010000000000001111110000000011101110;
	1C01  :   111111111111010000000000001111110000000011101001;
	1C02  :   111111111111100000000000001111100000000011101100;
	1C03  :   111111111111010100000000001111010000000011101011;
	1C04  :   111111111111011100000000001111000000000011101100;
	1C05  :   111111111111010100000000001110100000000011110000;
	1C06  :   111111111111001000000000001111100000000011101010;
	1C07  :   111111111111010100000000001111110000000011101100;
	1C08  :   111111111111101000000000001111000000000011101011;
	1C09  :   111111111111011100000000001111000000000011101011;
	1C0A  :   111111111111011000000000001111010000000011101100;
	1C0B  :   111111111111001000000000001111000000000011110000;
	1C0C  :   111111111111010100000000001111010000000011110010;
	1C0D  :   111111111111100000000000001111100000000011110011;
	1C0E  :   111111111111010100000000001111110000000011110011;
	1C0F  :   111111111111001100000000001111010000000011110011;
	1C10  :   111111111111010100000000001111010000000011110010;
	1C11  :   111111111111011100000000001111100000000011101101;
	1C12  :   111111111111011100000000001111000000000011110011;
	1C13  :   111111111111101000000000001111100000000011110011;
	1C14  :   111111111111101100000000001111010000000011111001;
	1C15  :   111111111111100000000000001111110000000011110000;
	1C16  :   111111111111010100000000001111000000000011110001;
	1C17  :   111111111111011000000000001110110000000011110100;
	1C18  :   111111111111100100000000001110110000000011101101;
	1C19  :   111111111111100100000000001111100000000011101110;
	1C1A  :   111111111111100100000000001111100000000011110100;
	1C1B  :   111111111111101000000000001111010000000011101101;
	1C1C  :   111111111111011100000000001111010000000011101100;
	1C1D  :   111111111111110000000000010000000000000011101100;
	1C1E  :   111111111111011100000000001111010000000011110011;
	1C1F  :   111111111111101000000000010000000000000011101001;
	1C20  :   111111111111101000000000001111000000000011101101;
	1C21  :   111111111111011100000000001111000000000011101110;
	1C22  :   111111111111101000000000010000000000000011101110;
	1C23  :   111111111111100000000000001111110000000011101101;
	1C24  :   111111111111100000000000001110110000000011101010;
	1C25  :   111111111111101000000000001111110000000011101001;
	1C26  :   111111111111100000000000001111110000000011101010;
	1C27  :   111111111111100100000000001111100000000011101101;
	1C28  :   111111111111011000000000001111100000000011101110;
	1C29  :   111111111111100000000000001111110000000011100111;
	1C2A  :   111111111111110100000000001110110000000011101001;
	1C2B  :   111111111111011100000000001111110000000011101100;
	1C2C  :   111111111111100100000000010001000000000011101111;
	1C2D  :   111111111111011000000000001111100000000011101100;
	1C2E  :   111111111111101100000000001111100000000011110010;
	1C2F  :   111111111111011000000000001111000000000011110010;
	1C30  :   111111111111100000000000001111100000000011110001;
	1C31  :   111111111111101000000000010000100000000011110011;
	1C32  :   111111111111010000000000010000000000000011110100;
	1C33  :   111111111111001000000000001111110000000011110100;
	1C34  :   111111111111001100000000001111100000000011101101;
	1C35  :   111111111111010000000000001111100000000011110110;
	1C36  :   111111111111100000000000001111100000000011110011;
	1C37  :   111111111111001100000000001111100000000011110110;
	1C38  :   111111111111011100000000010000000000000011110100;
	1C39  :   111111111111100100000000010000010000000011110100;
	1C3A  :   111111111111101100000000010000100000000011110100;
	1C3B  :   111111111111100100000000010000010000000011110011;
	1C3C  :   111111111111100000000000010000000000000011110111;
	1C3D  :   111111111111011000000000010000010000000011110100;
	1C3E  :   111111111111100000000000010000000000000011110110;
	1C3F  :   111111111111100000000000001111000000000011110101;
	1C40  :   111111111111011100000000001111000000000011110110;
	1C41  :   111111111111101000000000001111010000000011110001;
	1C42  :   111111111111101000000000001111000000000011101100;
	1C43  :   111111111111001100000000001110110000000011101111;
	1C44  :   111111111111100000000000001111010000000011101001;
	1C45  :   111111111111011100000000001111010000000011101010;
	1C46  :   111111111111010100000000001111010000000011100010;
	1C47  :   111111111111011000000000001111000000000011100101;
	1C48  :   111111111111011000000000010000000000000011100101;
	1C49  :   111111111111011100000000010000010000000011100111;
	1C4A  :   111111111111100100000000010001100000000011100111;
	1C4B  :   111111111111010100000000010000100000000011100100;
	1C4C  :   111111111111010100000000010000110000000011101011;
	1C4D  :   111111111111011100000000010001000000000011110010;
	1C4E  :   111111111111010100000000010000010000000011101101;
	1C4F  :   111111111111010100000000010000010000000011101100;
	1C50  :   111111111111010100000000010000010000000011101011;
	1C51  :   111111111111001000000000001111100000000011101010;
	1C52  :   111111111111010000000000010000000000000011101001;
	1C53  :   111111111110110100000000010000010000000011101010;
	1C54  :   111111111111010100000000010001000000000011101010;
	1C55  :   111111111111000100000000010001100000000011110001;
	1C56  :   111111111111000000000000010000110000000011101010;
	1C57  :   111111111111010000000000010000100000000011101000;
	1C58  :   111111111111000100000000010000010000000011101011;
	1C59  :   111111111110111100000000010001010000000011100101;
	1C5A  :   111111111111000100000000010001000000000011101000;
	1C5B  :   111111111111000000000000010000100000000011100101;
	1C5C  :   111111111110101100000000010001010000000011101001;
	1C5D  :   111111111110111000000000010001010000000011100111;
	1C5E  :   111111111110111100000000010001110000000011101100;
	1C5F  :   111111111110110100000000010001010000000011101001;
	1C60  :   111111111110111000000000010000110000000011100101;
	1C61  :   111111111110111000000000010001100000000011101001;
	1C62  :   111111111110110000000000010001000000000011100101;
	1C63  :   111111111110111100000000010001000000000011100010;
	1C64  :   111111111111001000000000010010000000000011100101;
	1C65  :   111111111110111000000000010000110000000011101001;
	1C66  :   111111111110110100000000010001000000000011100111;
	1C67  :   111111111111000100000000010010010000000011100101;
	1C68  :   111111111111001000000000010010010000000011101110;
	1C69  :   111111111111000100000000010010010000000011101000;
	1C6A  :   111111111110111000000000010010100000000011101011;
	1C6B  :   111111111111001100000000010001000000000011101001;
	1C6C  :   111111111110110000000000010010000000000011101100;
	1C6D  :   111111111111000000000000010001110000000011101100;
	1C6E  :   111111111110110000000000010001010000000011101101;
	1C6F  :   111111111110111000000000010010100000000011110000;
	1C70  :   111111111110111000000000010001100000000011101111;
	1C71  :   111111111110111100000000010010000000000011101011;
	1C72  :   111111111110101100000000010010010000000011101011;
	1C73  :   111111111110111100000000010001110000000011101110;
	1C74  :   111111111111000000000000010010000000000011101111;
	1C75  :   111111111110111100000000010001100000000011101011;
	1C76  :   111111111110110100000000010001010000000011101111;
	1C77  :   111111111110111000000000010001000000000011101011;
	1C78  :   111111111111001000000000010000100000000011101110;
	1C79  :   111111111110111000000000010001010000000011110100;
	1C7A  :   111111111111000000000000010001110000000011101111;
	1C7B  :   111111111111000000000000010001100000000011101000;
	1C7C  :   111111111110111100000000010001100000000011110001;
	1C7D  :   111111111111000000000000010000010000000011110011;
	1C7E  :   111111111110110100000000010000110000000011110011;
	1C7F  :   111111111110110100000000010000110000000011111001;
	1C80  :   111111111110101100000000010001010000000011111000;
	1C81  :   111111111110111000000000010000110000000011110101;
	1C82  :   111111111110110000000000010001000000000011111001;
	1C83  :   111111111110101000000000010001010000000011110010;
	1C84  :   111111111110101000000000010001110000000011111000;
	1C85  :   111111111110101100000000010000100000000011111000;
	1C86  :   111111111110110100000000010000110000000011110100;
	1C87  :   111111111111000000000000010001000000000011110101;
	1C88  :   111111111110100000000000010001010000000011110100;
	1C89  :   111111111110101000000000010001000000000011101111;
	1C8A  :   111111111110110000000000010000110000000011101101;
	1C8B  :   111111111110111100000000010001000000000011110010;
	1C8C  :   111111111111000000000000010000110000000011110000;
	1C8D  :   111111111110101100000000010000110000000011101011;
	1C8E  :   111111111110101100000000010010010000000011101010;
	1C8F  :   111111111110111000000000010000010000000011101111;
	1C90  :   111111111110110100000000010001010000000011100110;
	1C91  :   111111111111000100000000010010000000000011101011;
	1C92  :   111111111111000000000000010000110000000011101111;
	1C93  :   111111111110111100000000010001100000000011110000;
	1C94  :   111111111110111000000000010001000000000011100111;
	1C95  :   111111111110110000000000010001100000000011100111;
	1C96  :   111111111110100000000000010010010000000011100110;
	1C97  :   111111111110110100000000010000110000000011100101;
	1C98  :   111111111110101000000000010001010000000011101010;
	1C99  :   111111111110111000000000010001100000000011101001;
	1C9A  :   111111111110101100000000010000110000000011101011;
	1C9B  :   111111111110101100000000010001100000000011101000;
	1C9C  :   111111111110101000000000010001000000000011101000;
	1C9D  :   111111111110100000000000010001100000000011100101;
	1C9E  :   111111111110100000000000010001100000000011101000;
	1C9F  :   111111111110100000000000010001000000000011101001;
	1CA0  :   111111111110100100000000010001100000000011100111;
	1CA1  :   111111111110100000000000010001000000000011100101;
	1CA2  :   111111111110111000000000010001110000000011100111;
	1CA3  :   111111111110110000000000010001110000000011101011;
	1CA4  :   111111111110110000000000010001010000000011101011;
	1CA5  :   111111111110101000000000010000100000000011101010;
	1CA6  :   111111111110110000000000010001100000000011101101;
	1CA7  :   111111111111001000000000010010010000000011110000;
	1CA8  :   111111111111000100000000010010000000000011101001;
	1CA9  :   111111111111001100000000010010010000000011101111;
	1CAA  :   111111111111000000000000010001100000000011101011;
	1CAB  :   111111111110111100000000010001010000000011101010;
	1CAC  :   111111111110110000000000010000110000000011101011;
	1CAD  :   111111111111000000000000010001000000000011101100;
	1CAE  :   111111111110110100000000010001000000000011101010;
	1CAF  :   111111111111000000000000010001000000000011110001;
	1CB0  :   111111111110100100000000010001100000000011110000;
	1CB1  :   111111111110111100000000010010010000000011101101;
	1CB2  :   111111111110111000000000010000100000000011101111;
	1CB3  :   111111111110110000000000010001110000000011101011;
	1CB4  :   111111111110110100000000010010010000000011101111;
	1CB5  :   111111111110101100000000010001110000000011101101;
	1CB6  :   111111111110100000000000010001010000000011101011;
	1CB7  :   111111111110101000000000010001000000000011101011;
	1CB8  :   111111111110110000000000010001100000000011101011;
	1CB9  :   111111111110101000000000010000100000000011101111;
	1CBA  :   111111111110110100000000010000110000000011101111;
	1CBB  :   111111111111000000000000010001000000000011101101;
	1CBC  :   111111111110110000000000010000010000000011101011;
	1CBD  :   111111111110101100000000010001000000000011101100;
	1CBE  :   111111111110100000000000010001000000000011110001;
	1CBF  :   111111111110110100000000010000110000000011101100;
	1CC0  :   111111111111000100000000010001100000000011101111;
	1CC1  :   111111111111000100000000010000000000000011101011;
	1CC2  :   111111111111000100000000010001000000000011101101;
	1CC3  :   111111111111000100000000010001110000000011110000;
	1CC4  :   111111111111010000000000010000010000000011101110;
	1CC5  :   111111111111101000000000010000100000000011110001;
	1CC6  :   111111111111101100000000010000000000000011110010;
	1CC7  :   111111111111010100000000010000010000000011110101;
	1CC8  :   111111111111011000000000010000000000000011111010;
	1CC9  :   111111111111100000000000010000000000000011111101;
	1CCA  :   111111111111001000000000010000010000000011111100;
	1CCB  :   111111111111010100000000010000110000000011111111;
	1CCC  :   111111111111011100000000010000000000000100000010;
	1CCD  :   111111111111100000000000010000010000000011111110;
	1CCE  :   111111111111011100000000010000000000000011111100;
	1CCF  :   111111111111101000000000010000100000000011110110;
	1CD0  :   111111111111101100000000001111000000000011101110;
	1CD1  :   111111111111101100000000001111110000000011101110;
	1CD2  :   111111111111101100000000001111100000000011100100;
	1CD3  :   111111111111011000000000001111010000000011011011;
	1CD4  :   111111111111011100000000001110100000000011010101;
	1CD5  :   111111111111001000000000001111010000000011010100;
	1CD6  :   111111111111001100000000001110010000000011010111;
	1CD7  :   111111111111011000000000010000000000000011001101;
	1CD8  :   111111111111001000000000001110100000000011001000;
	1CD9  :   111111111111001100000000010000000000000011000110;
	1CDA  :   111111111111011100000000001111010000000011000001;
	1CDB  :   111111111111000100000000010000010000000010111100;
	1CDC  :   111111111111000100000000010001000000000011000000;
	1CDD  :   111111111110110100000000001111100000000011000101;
	1CDE  :   111111111110110000000000010000100000000011000110;
	1CDF  :   111111111110111000000000010000000000000011000101;
	1CE0  :   111111111110101100000000001111110000000011000100;
	1CE1  :   111111111110110100000000001111110000000011001011;
	1CE2  :   111111111111001100000000001000000000000011001100;
	1CE3  :   111111111100110100000000010010011111111011100101;
	1CE4  :   111111110111111000000000100001101111111110100010;
	1CE5  :   111111111011101100000000010011100000000001010010;
	1CE6  :   000000000000100000000000001001000000000011000111;
	1CE7  :   000000000000110100000000000110100000000011111110;
	1CE8  :   000000000000111000000000000010000000000100001110;
	1CE9  :   111111111111010000000000000011000000000101000111;
	1CEA  :   111111111101111100000000000101010000000101000110;
	1CEB  :   111111111101010100000000001011100000000101011110;
	1CEC  :   111111111100100100000000010100010000000101001110;
	1CED  :   111111111100100000000000011010000000000101011001;
	1CEE  :   111111111100010100000000011100010000000101010111;
	1CEF  :   111111111100001000000000011110100000000101011100;
	1CF0  :   111111111100000000000000011110110000000101100100;
	1CF1  :   111111111100100100000000011110000000000101111111;
	1CF2  :   111111111100111100000000011100100000000110010110;
	1CF3  :   111111111101001000000000011100100000000110101110;
	1CF4  :   111111111100101100000000011011110000000110110110;
	1CF5  :   111111111100011100000000011100100000000111000000;
	1CF6  :   111111111100010100000000011011100000000110111011;
	1CF7  :   111111111100010000000000011011100000000110110001;
	1CF8  :   111111111100010100000000011011010000000110100100;
	1CF9  :   111111111100100100000000011011100000000110001010;
	1CFA  :   111111111100101100000000011100010000000101111011;
	1CFB  :   111111111100111000000000011100010000000101100101;
	1CFC  :   111111111100101000000000011110000000000101000101;
	1CFD  :   111111111100100100000000011111000000000100100101;
	1CFE  :   111111111101011000000000011101110000000011110111;
	1CFF  :   111111111110001100000000011011110000000011100101;
	1D00  :   111111111110010100000000011000110000000011010000;
	1D01  :   111111111110011100000000010101110000000010111110;
	1D02  :   111111111110111100000000010010010000000010110010;
	1D03  :   111111111111001100000000010000010000000010100110;
	1D04  :   000000000000001000000000001100110000000010011010;
	1D05  :   000000000000110000000000001010100000000010000011;
	1D06  :   000000000001110100000000001010000000000001110111;
	1D07  :   000000000010101100000000001010100000000001101110;
	1D08  :   000000000011001000000000000111110000000001101101;
	1D09  :   000000000011010000000000000101010000000001100110;
	1D0A  :   000000000011001100000000000101010000000001100101;
	1D0B  :   000000000010111100000000000011110000000001011101;
	1D0C  :   000000000010111100000000000101000000000001011011;
	1D0D  :   000000000010111100000000000011110000000001011011;
	1D0E  :   000000000010111100000000000100100000000001100011;
	1D0F  :   000000000010101100000000000100010000000001110010;
	1D10  :   000000000010100000000000000110000000000010000100;
	1D11  :   000000000010000100000000001000010000000010010001;
	1D12  :   000000000010000000000000001010110000000010110101;
	1D13  :   000000000010001100000000001100110000000011000100;
	1D14  :   000000000001101100000000001111100000000011010110;
	1D15  :   000000000001010100000000010000110000000011100101;
	1D16  :   000000000000101100000000010010110000000011111100;
	1D17  :   000000000000011100000000010010010000000100001100;
	1D18  :   111111111111111000000000010100110000000100010000;
	1D19  :   111111111111011100000000010101010000000100010100;
	1D1A  :   111111111111000100000000010110000000000100011000;
	1D1B  :   111111111110110000000000010101010000000100001110;
	1D1C  :   111111111110111100000000010100110000000100000111;
	1D1D  :   111111111110110000000000010011110000000100000100;
	1D1E  :   111111111110101100000000010100000000000011111110;
	1D1F  :   111111111110011000000000010100110000000100000011;
	1D20  :   111111111110001000000000010100000000000011111111;
	1D21  :   111111111101111000000000010101000000000011111110;
	1D22  :   111111111110100000000000010110000000000011111100;
	1D23  :   111111111110010000000000010101110000000011101101;
	1D24  :   111111111110011100000000010111000000000011100101;
	1D25  :   111111111110101100000000010101100000000011010100;
	1D26  :   111111111110011000000000010101010000000011001000;
	1D27  :   111111111111010100000000010010010000000010011001;
	1D28  :   111111111110100000000000011011011111111100010111;
	1D29  :   111111111010100100000000100011101111111111010011;
	1D2A  :   111111111111101100000000010010110000000000100101;
	1D2B  :   000000000010001000000000000111100000000001100111;
	1D2C  :   000000000001010000000000000100000000000010111010;
	1D2D  :   111111111110111100000000000100100000000011101110;
	1D2E  :   111111111101010000000000000100100000000100001011;
	1D2F  :   111111111100111100000000000111010000000100001010;
	1D30  :   111111111101001100000000001101000000000100011001;
	1D31  :   111111111101110100000000010010000000000100011110;
	1D32  :   111111111110000000000000010101100000000100101011;
	1D33  :   111111111101101100000000011011010000000100110100;
	1D34  :   111111111101001000000000011111100000000101001110;
	1D35  :   111111111100011000000000100101100000000101101100;
	1D36  :   111111111100011100000000101011110000000110000011;
	1D37  :   111111111100010000000000110000010000000110010010;
	1D38  :   111111111100011100000000110001000000000110100000;
	1D39  :   111111111100111000000000101111000000000110011101;
	1D3A  :   111111111101110000000000101100000000000110100000;
	1D3B  :   111111111110011000000000101000110000000110011001;
	1D3C  :   111111111110011000000000100110010000000110010100;
	1D3D  :   111111111110001100000000100011010000000110000111;
	1D3E  :   111111111101111000000000100011000000000101110000;
	1D3F  :   111111111101111000000000100001010000000101011010;
	1D40  :   111111111101110000000000011111110000000100111001;
	1D41  :   111111111110000100000000011101100000000100011110;
	1D42  :   111111111110001000000000011101110000000100000011;
	1D43  :   111111111110100100000000011100010000000011011101;
	1D44  :   111111111110101100000000011001110000000011000101;
	1D45  :   111111111111011000000000010110010000000010110011;
	1D46  :   111111111111111100000000010100010000000010100111;
	1D47  :   000000000000100000000000010000100000000010011011;
	1D48  :   000000000001011000000000001101000000000010011001;
	1D49  :   000000000001110100000000001010010000000010010111;
	1D4A  :   000000000010100000000000001001100000000010011010;
	1D4B  :   000000000011000000000000000111010000000010001011;
	1D4C  :   000000000011000100000000000111010000000010001000;
	1D4D  :   000000000011011000000000000110110000000001111010;
	1D4E  :   000000000011100000000000000111100000000001110101;
	1D4F  :   000000000011011100000000000111110000000001101101;
	1D50  :   000000000011001100000000000111000000000001110001;
	1D51  :   000000000011001000000000001001010000000001110110;
	1D52  :   000000000010110000000000001000100000000001111100;
	1D53  :   000000000010111100000000001001000000000010001001;
	1D54  :   000000000010010000000000001010010000000010010010;
	1D55  :   000000000001100000000000001100100000000010011100;
	1D56  :   000000000001100100000000001101000000000010100001;
	1D57  :   000000000001011000000000001110010000000010101110;
	1D58  :   000000000000110000000000001110100000000010110111;
	1D59  :   000000000000100000000000010001000000000011000111;
	1D5A  :   000000000000110000000000010010000000000011011000;
	1D5B  :   000000000000010000000000010010110000000011011110;
	1D5C  :   000000000000000100000000010101010000000011110000;
	1D5D  :   111111111111100000000000010101010000000011110100;
	1D5E  :   111111111110111000000000010110110000000100000001;
	1D5F  :   111111111110001100000000011000010000000100000111;
	1D60  :   111111111101101000000000011001100000000100010001;
	1D61  :   111111111101100100000000011010110000000100010100;
	1D62  :   111111111101010000000000011010100000000100011010;
	1D63  :   111111111101001000000000011011010000000100011110;
	1D64  :   111111111100111100000000011010110000000100011110;
	1D65  :   111111111101011000000000011011110000000100100101;
	1D66  :   111111111101101000000000011010100000000100100010;
	1D67  :   111111111110001100000000011010110000000100011111;
	1D68  :   111111111110100000000000011010000000000100100001;
	1D69  :   111111111110100100000000010111110000000100010110;
	1D6A  :   111111111110110000000000010111010000000100010110;
	1D6B  :   111111111111001000000000010110010000000100010010;
	1D6C  :   111111111111000000000000010101110000000100001001;
	1D6D  :   111111111110110000000000010100000000000100000100;
	1D6E  :   111111111110111100000000010100000000000011111101;
	1D6F  :   111111111111001100000000010011110000000011110110;
	1D70  :   111111111111000000000000010011010000000011101101;
	1D71  :   111111111110111000000000010011010000000011100111;
	1D72  :   111111111111001000000000010011000000000011100110;
	1D73  :   111111111111001100000000010010010000000011011110;
	1D74  :   111111111111000000000000010011110000000011011111;
	1D75  :   111111111110101000000000010010010000000011011110;
	1D76  :   111111111110100000000000010010010000000011011111;
	1D77  :   111111111110010100000000010001110000000011100000;
	1D78  :   111111111110001100000000010010000000000011011110;
	1D79  :   111111111110000100000000010000110000000011011101;
	1D7A  :   111111111110001000000000010010000000000011011011;
	1D7B  :   111111111110011000000000010011000000000011011100;
	1D7C  :   111111111111000000000000010010010000000011011010;
	1D7D  :   111111111110110100000000010010100000000011011100;
	1D7E  :   111111111110110000000000010010010000000011011010;
	1D7F  :   111111111111001000000000010010010000000011011011;
	1D80  :   111111111111010000000000010010010000000011011011;
	1D81  :   111111111111000100000000010010100000000011011110;
	1D82  :   111111111111101000000000010011100000000011011111;
	1D83  :   111111111111100000000000010011110000000011011110;
	1D84  :   111111111111110100000000010010100000000011100001;
	1D85  :   111111111111101100000000010100010000000011100111;
	1D86  :   111111111111110100000000010001010000000011100010;
	1D87  :   111111111111111100000000010010100000000011101010;
	1D88  :   111111111111101000000000010100000000000011101110;
	1D89  :   000000000000000000000000010011000000000011101001;
	1D8A  :   111111111111111100000000010011000000000011101101;
	1D8B  :   111111111111111100000000010011100000000011101101;
	1D8C  :   111111111111111000000000010011110000000011110011;
	1D8D  :   111111111111111000000000010100110000000011110000;
	1D8E  :   000000000000000100000000010100010000000011110001;
	1D8F  :   000000000000000000000000010101000000000011101110;
	1D90  :   000000000000000000000000010100110000000011110100;
	1D91  :   111111111111111000000000010101100000000011110001;
	1D92  :   111111111111111000000000010101010000000011110111;
	[1D93..1D94]  :   111111111111111100000000010101000000000011110000;
	1D95  :   111111111111111100000000010101100000000011101010;
	1D96  :   111111111111110000000000010100000000000011101111;
	1D97  :   111111111111111000000000010011100000000011110000;
	1D98  :   111111111111100100000000010011100000000011101101;
	1D99  :   111111111111101000000000010100000000000011101110;
	1D9A  :   111111111111101100000000010100000000000011101100;
	1D9B  :   111111111111011000000000010011100000000011101011;
	1D9C  :   111111111111101000000000010100010000000011101000;
	1D9D  :   111111111111010000000000010011010000000011100100;
	1D9E  :   111111111111010100000000010011010000000011100110;
	1D9F  :   111111111111001100000000010100000000000011100101;
	1DA0  :   111111111111010000000000010011000000000011100110;
	1DA1  :   111111111111001100000000010011010000000011101011;
	1DA2  :   111111111111000100000000010011000000000011101001;
	1DA3  :   111111111111000000000000010100010000000011100110;
	1DA4  :   111111111111000100000000010011100000000011101001;
	1DA5  :   111111111111000100000000010100100000000011100100;
	1DA6  :   111111111111000100000000010011110000000011101011;
	1DA7  :   111111111111001000000000010011110000000011101100;
	1DA8  :   111111111111001000000000010011100000000011110000;
	1DA9  :   111111111111000000000000010100010000000011101100;
	1DAA  :   111111111111010000000000010011100000000011101001;
	1DAB  :   111111111111001000000000010011010000000011101101;
	1DAC  :   111111111111001100000000010101010000000011101100;
	1DAD  :   111111111111001100000000010100100000000011101001;
	1DAE  :   111111111111011000000000010100110000000011101100;
	1DAF  :   111111111111011100000000010100100000000011101101;
	1DB0  :   111111111111100100000000010100010000000011101011;
	1DB1  :   111111111111100100000000010100100000000011101000;
	1DB2  :   111111111111100000000000010011100000000011101011;
	1DB3  :   111111111111011100000000010101010000000011101100;
	1DB4  :   111111111111001100000000010011100000000011101100;
	1DB5  :   111111111111010100000000010010110000000011101010;
	1DB6  :   111111111111100000000000010011010000000011100101;
	1DB7  :   111111111111100000000000010100000000000011101011;
	1DB8  :   111111111111011100000000010100010000000011101010;
	1DB9  :   111111111111100000000000010011100000000011100111;
	1DBA  :   111111111111001100000000010011010000000011100010;
	1DBB  :   111111111111011000000000010011010000000011100111;
	1DBC  :   111111111111010000000000010011100000000011100101;
	1DBD  :   111111111111010100000000010010110000000011100011;
	1DBE  :   111111111111001000000000010011110000000011011111;
	1DBF  :   111111111111011000000000010011100000000011100001;
	1DC0  :   111111111111100100000000010100000000000011100100;
	1DC1  :   111111111111011000000000010100010000000011100011;
	1DC2  :   111111111111110000000000010011100000000011100010;
	1DC3  :   111111111111101000000000010011110000000011100001;
	1DC4  :   111111111111110000000000010100110000000011100101;
	1DC5  :   111111111111100000000000010011110000000011011111;
	1DC6  :   111111111111011000000000010100100000000011011011;
	1DC7  :   111111111111101100000000010011110000000011100001;
	1DC8  :   111111111111101000000000010101000000000011100000;
	1DC9  :   111111111111110000000000010011000000000011100100;
	1DCA  :   111111111111100100000000010011100000000011100001;
	1DCB  :   111111111111011100000000010100000000000011100110;
	1DCC  :   111111111111011000000000010011110000000011100010;
	1DCD  :   111111111111101100000000010100110000000011100111;
	1DCE  :   111111111111010100000000010100010000000011101000;
	1DCF  :   111111111111101000000000010100010000000011100110;
	1DD0  :   111111111111101000000000010011110000000011101110;
	1DD1  :   111111111111101100000000010011100000000011101010;
	1DD2  :   111111111111011100000000010100000000000011101101;
	1DD3  :   111111111111011100000000010100000000000011101011;
	1DD4  :   111111111111100000000000010100010000000011101101;
	1DD5  :   111111111111010100000000010100110000000011101101;
	1DD6  :   111111111111101000000000010011110000000011101110;
	1DD7  :   111111111111100100000000010011100000000011101111;
	1DD8  :   111111111111011000000000010011100000000011110000;
	1DD9  :   111111111111011100000000010100000000000011110001;
	1DDA  :   111111111111010000000000010011100000000011101101;
	1DDB  :   111111111111001000000000010011000000000011110011;
	1DDC  :   111111111111001000000000010011010000000011110010;
	1DDD  :   111111111111001000000000010011110000000011101110;
	1DDE  :   111111111111010000000000010010100000000011101110;
	1DDF  :   111111111111010000000000010011100000000011101111;
	1DE0  :   111111111111011000000000010010110000000011101000;
	1DE1  :   111111111111001000000000010010010000000011101011;
	1DE2  :   111111111111001100000000010010100000000011101011;
	1DE3  :   111111111111011000000000010011110000000011101101;
	1DE4  :   111111111111011000000000010010010000000011101010;
	1DE5  :   111111111111100000000000010011010000000011101100;
	1DE6  :   111111111111011100000000010010100000000011101001;
	1DE7  :   111111111111100000000000010011010000000011101011;
	1DE8  :   111111111111101100000000010011100000000011100111;
	1DE9  :   111111111111011000000000010100000000000011100100;
	1DEA  :   111111111111011100000000010100100000000011101000;
	1DEB  :   111111111111100100000000010011010000000011100110;
	1DEC  :   111111111111110100000000010011000000000011100100;
	1DED  :   111111111111100100000000010011010000000011101010;
	1DEE  :   111111111111101000000000010010110000000011101010;
	1DEF  :   111111111111100000000000010011010000000011100111;
	1DF0  :   111111111111100100000000010011100000000011101000;
	1DF1  :   111111111111100100000000010100010000000011101100;
	1DF2  :   111111111111101100000000010010110000000011100110;
	1DF3  :   111111111111100100000000010011100000000011101001;
	1DF4  :   111111111111100100000000010011100000000011101101;
	1DF5  :   111111111111011000000000010011010000000011101111;
	1DF6  :   111111111111001100000000010010110000000011101010;
	1DF7  :   111111111111010100000000010011000000000011101001;
	1DF8  :   111111111111011100000000010010110000000011101010;
	1DF9  :   111111111111011100000000010010100000000011101001;
	1DFA  :   111111111111010000000000010100000000000011101000;
	1DFB  :   111111111111110000000000010100000000000011101000;
	1DFC  :   111111111111100100000000010011010000000011100110;
	1DFD  :   111111111111101100000000010011100000000011100011;
	1DFE  :   111111111111011000000000010100110000000011101011;
	1DFF  :   111111111111100000000000010100010000000011100110;
	1E00  :   111111111111101100000000010011100000000011100001;
	1E01  :   111111111111010000000000010100000000000011100010;
	1E02  :   111111111111101000000000010011110000000011101000;
	1E03  :   111111111111011100000000010100000000000011100010;
	1E04  :   111111111111110000000000010100000000000011101100;
	1E05  :   111111111111101100000000010010110000000011101000;
	1E06  :   111111111111100000000000010010100000000011101100;
	1E07  :   111111111111100100000000010011010000000011101010;
	1E08  :   111111111111100100000000010011110000000011101000;
	1E09  :   111111111111100000000000010011000000000011101111;
	1E0A  :   111111111111100000000000010010010000000011101101;
	1E0B  :   111111111111011000000000010011100000000011110010;
	1E0C  :   111111111111011000000000010011010000000011101100;
	1E0D  :   111111111111000100000000010100000000000011101001;
	1E0E  :   111111111111001000000000010010100000000011101101;
	1E0F  :   111111111111010100000000010011110000000011110001;
	1E10  :   111111111111011100000000010011110000000011110001;
	1E11  :   111111111111000000000000010100110000000011101111;
	1E12  :   111111111111001100000000010011110000000011101110;
	1E13  :   111111111111000000000000010100110000000011101010;
	1E14  :   111111111111011100000000010011000000000011110000;
	1E15  :   111111111111001000000000010011100000000011101110;
	1E16  :   111111111111010000000000010100100000000011101111;
	1E17  :   111111111111010100000000010011010000000011101101;
	1E18  :   111111111111010000000000010011010000000011101110;
	1E19  :   111111111111010100000000010011110000000011101111;
	1E1A  :   111111111111100000000000010011000000000011111010;
	1E1B  :   111111111111100000000000010100000000000011101101;
	1E1C  :   111111111111001100000000010010100000000011101101;
	1E1D  :   111111111111100000000000010011010000000011101111;
	1E1E  :   111111111111011100000000010100010000000011110001;
	1E1F  :   111111111111100000000000010011010000000011101110;
	1E20  :   111111111111011000000000010011110000000011101110;
	1E21  :   111111111111100100000000010100000000000011101101;
	1E22  :   111111111111100100000000010011000000000011101010;
	1E23  :   111111111111100100000000010010010000000011100111;
	1E24  :   111111111111100000000000010011100000000011100101;
	1E25  :   111111111111100100000000010011010000000011100100;
	1E26  :   111111111111011000000000010100100000000011101000;
	1E27  :   111111111111011100000000010011100000000011100111;
	1E28  :   111111111111001100000000010011110000000011100011;
	1E29  :   111111111111100000000000010011100000000011011110;
	1E2A  :   111111111111001100000000010100000000000011100001;
	1E2B  :   111111111111011100000000010010000000000011100101;
	1E2C  :   111111111111011100000000010010100000000011100010;
	1E2D  :   111111111111011100000000010011100000000011100111;
	1E2E  :   111111111111011000000000010010000000000011100000;
	1E2F  :   111111111111010000000000010011010000000011100110;
	1E30  :   111111111111010000000000010010010000000011100011;
	1E31  :   111111111111010100000000010011000000000011100001;
	1E32  :   111111111111011100000000010010110000000011100101;
	1E33  :   111111111111011000000000010010100000000011100011;
	1E34  :   111111111111110000000000010100000000000011100111;
	1E35  :   111111111111011100000000010011010000000011100111;
	1E36  :   111111111111100100000000010010100000000011101010;
	1E37  :   111111111111011100000000010010100000000011100111;
	1E38  :   111111111111100100000000010011010000000011101010;
	1E39  :   111111111111101000000000010011110000000011110000;
	1E3A  :   111111111111011000000000010100110000000011101101;
	1E3B  :   111111111111010000000000010011000000000011101011;
	1E3C  :   111111111111011000000000010011100000000011101101;
	1E3D  :   111111111111100000000000010011100000000011101100;
	1E3E  :   111111111111100000000000010011110000000011101011;
	1E3F  :   111111111111011000000000010100010000000011101010;
	1E40  :   111111111111001100000000010100010000000011101011;
	1E41  :   111111111111100000000000010100010000000011101010;
	1E42  :   111111111111010000000000010011010000000011101111;
	1E43  :   111111111111010100000000010011010000000011110100;
	1E44  :   111111111111100100000000010010000000000011101011;
	1E45  :   111111111111100000000000010011100000000011101111;
	1E46  :   111111111111010100000000010010100000000011101001;
	1E47  :   111111111111101100000000010011100000000011100101;
	1E48  :   111111111111100000000000010010110000000011110000;
	1E49  :   111111111111100100000000010011100000000011101010;
	1E4A  :   111111111111101100000000010011010000000011100101;
	1E4B  :   111111111111100100000000010011000000000011100110;
	1E4C  :   111111111111010100000000010011000000000011101011;
	1E4D  :   111111111111101100000000010010110000000011101100;
	1E4E  :   111111111111001000000000010011010000000011101000;
	1E4F  :   111111111111101000000000010011110000000011101101;
	1E50  :   111111111111100000000000010010110000000011100111;
	1E51  :   111111111111100100000000010011110000000011101101;
	1E52  :   111111111111010100000000010100010000000011101010;
	1E53  :   111111111111101000000000010011000000000011100111;
	1E54  :   111111111111100100000000010010110000000011101101;
	1E55  :   111111111111011100000000010100000000000011100110;
	1E56  :   111111111111011100000000010100000000000011101000;
	1E57  :   111111111111011100000000010011100000000011101011;
	1E58  :   111111111111100100000000010010110000000011101000;
	1E59  :   111111111111101000000000010010100000000011100110;
	1E5A  :   111111111111100100000000010011100000000011100110;
	1E5B  :   111111111111101100000000010011100000000011101000;
	1E5C  :   111111111111011100000000010011110000000011101011;
	1E5D  :   111111111111001000000000010011110000000011100110;
	1E5E  :   111111111111100000000000010011000000000011100111;
	1E5F  :   111111111111100100000000010100010000000011100110;
	1E60  :   111111111111110000000000010011010000000011101011;
	1E61  :   111111111111001100000000010011100000000011101010;
	1E62  :   111111111111011100000000010011100000000011101010;
	1E63  :   111111111111011100000000010011000000000011101111;
	1E64  :   111111111111001000000000010011100000000011101001;
	1E65  :   111111111111011000000000010011010000000011101111;
	1E66  :   111111111111100000000000010011110000000011101100;
	1E67  :   111111111111001000000000010011000000000011101000;
	1E68  :   111111111111100100000000010011000000000011110000;
	1E69  :   111111111111011100000000010011000000000011101100;
	1E6A  :   111111111111100100000000010010010000000011101111;
	1E6B  :   111111111111011000000000010010010000000011110000;
	1E6C  :   111111111111101100000000010011010000000011110100;
	1E6D  :   111111111111101000000000010010100000000011110000;
	1E6E  :   111111111111011100000000010010010000000011101000;
	1E6F  :   111111111111011000000000010010110000000011101011;
	1E70  :   111111111111101000000000010011010000000011100110;
	1E71  :   111111111111010100000000010011110000000011101001;
	1E72  :   111111111111011100000000010011110000000011100010;
	1E73  :   111111111111011000000000010011110000000011101001;
	1E74  :   111111111111001000000000010011110000000011100111;
	1E75  :   111111111111001000000000010010100000000011100111;
	1E76  :   111111111111010100000000010010110000000011100110;
	1E77  :   111111111111010100000000010011000000000011101011;
	1E78  :   111111111111101100000000010010110000000011101000;
	1E79  :   111111111111011000000000010010110000000011100010;
	1E7A  :   111111111111001100000000010011010000000011100110;
	1E7B  :   111111111111100100000000010011000000000011100110;
	1E7C  :   111111111111001000000000010011000000000011100100;
	1E7D  :   111111111111011100000000010010000000000011100110;
	1E7E  :   111111111111011100000000010011000000000011100100;
	1E7F  :   111111111111001100000000010011110000000011100100;
	1E80  :   111111111111010100000000010011110000000011100011;
	1E81  :   111111111111100000000000010011010000000011100111;
	1E82  :   111111111111100000000000010011110000000011101001;
	1E83  :   111111111111100100000000010011110000000011100111;
	1E84  :   111111111111001100000000010011100000000011100100;
	1E85  :   111111111111011000000000010011010000000011101011;
	1E86  :   111111111111010100000000010010110000000011100111;
	1E87  :   111111111111011000000000010011000000000011100111;
	1E88  :   111111111111010100000000010011110000000011101001;
	1E89  :   111111111111010100000000010011000000000011101000;
	1E8A  :   111111111111010100000000010010110000000011100111;
	1E8B  :   111111111111011000000000010011010000000011101101;
	1E8C  :   111111111111101100000000010011000000000011101001;
	1E8D  :   111111111111011000000000010011100000000011101011;
	1E8E  :   111111111111010100000000010011110000000011101100;
	1E8F  :   111111111111011000000000010011110000000011101001;
	1E90  :   111111111111001100000000010100000000000011101111;
	1E91  :   111111111111010100000000010100000000000011101011;
	1E92  :   111111111111001000000000010011110000000011101111;
	1E93  :   111111111111001100000000010011010000000011101010;
	1E94  :   111111111111011100000000010011110000000011110000;
	1E95  :   111111111111001100000000010101000000000011110010;
	1E96  :   111111111111010100000000010011100000000011101100;
	1E97  :   111111111111100000000000010011000000000011101101;
	1E98  :   111111111111001000000000010100010000000011101111;
	1E99  :   111111111111011100000000010011100000000011101011;
	1E9A  :   111111111111010100000000010011010000000011101000;
	1E9B  :   111111111111011100000000010100000000000011101100;
	1E9C  :   111111111111100000000000010011000000000011100110;
	1E9D  :   111111111111101000000000010011110000000011100101;
	1E9E  :   111111111111100000000000010011100000000011101011;
	1E9F  :   111111111111011000000000010011110000000011101100;
	1EA0  :   111111111111101000000000010011000000000011101001;
	1EA1  :   111111111111011100000000010100000000000011101010;
	1EA2  :   111111111111011100000000010011110000000011100110;
	1EA3  :   111111111111010000000000010011110000000011100110;
	1EA4  :   111111111111011000000000010010010000000011100100;
	1EA5  :   111111111111100000000000010010110000000011100101;
	1EA6  :   111111111111101000000000010011100000000011101010;
	1EA7  :   111111111111011000000000010011100000000011101001;
	1EA8  :   111111111111110000000000010011000000000011101001;
	1EA9  :   111111111111100000000000010100010000000011100111;
	1EAA  :   111111111111011100000000010100000000000011101001;
	1EAB  :   111111111111101000000000010011100000000011101011;
	1EAC  :   111111111111010000000000010011000000000011101010;
	1EAD  :   111111111111010100000000010100000000000011100110;
	1EAE  :   111111111111001000000000010011100000000011101000;
	1EAF  :   111111111111100100000000010010100000000011101101;
	1EB0  :   111111111111011000000000010011000000000011101110;
	1EB1  :   111111111111010000000000010010110000000011101101;
	1EB2  :   111111111111001100000000010100010000000011100110;
	1EB3  :   111111111111010000000000010010000000000011101001;
	1EB4  :   111111111111011100000000010011010000000011100101;
	1EB5  :   111111111111011100000000010011110000000011101001;
	1EB6  :   111111111111011100000000010011100000000011100111;
	1EB7  :   111111111111010100000000010010110000000011101000;
	1EB8  :   111111111111100000000000010011010000000011101110;
	1EB9  :   111111111111100100000000010011010000000011101001;
	1EBA  :   111111111111010000000000010100110000000011101011;
	1EBB  :   111111111111011100000000010011110000000011101110;
	1EBC  :   111111111111100000000000010010100000000011101000;
	1EBD  :   111111111111100100000000010011000000000011101010;
	1EBE  :   111111111111011100000000010011100000000011101101;
	1EBF  :   111111111111011000000000010011110000000011101010;
	1EC0  :   111111111111010000000000010011100000000011101100;
	1EC1  :   111111111111100100000000010011000000000011110000;
	1EC2  :   111111111111010000000000010011110000000011101011;
	1EC3  :   111111111111100000000000010011000000000011100111;
	1EC4  :   111111111111010000000000010100010000000011101011;
	1EC5  :   111111111111010000000000010011000000000011101001;
	1EC6  :   111111111111010000000000010010110000000011101000;
	1EC7  :   111111111111100100000000010011010000000011100110;
	1EC8  :   111111111111011100000000010010110000000011100110;
	1EC9  :   111111111111010100000000010011010000000011100101;
	1ECA  :   111111111111001000000000010010110000000011100011;
	1ECB  :   111111111111011000000000010011000000000011101001;
	1ECC  :   111111111111110000000000010010100000000011100100;
	1ECD  :   111111111111001000000000010011100000000011101010;
	1ECE  :   111111111111001000000000010011110000000011101010;
	1ECF  :   111111111111011000000000010011100000000011101001;
	1ED0  :   111111111111011100000000010010110000000011101001;
	1ED1  :   111111111111011000000000010011000000000011101100;
	1ED2  :   111111111111001100000000010011010000000011101100;
	1ED3  :   111111111111010000000000010011000000000011100111;
	1ED4  :   111111111111001100000000010010010000000011101010;
	1ED5  :   111111111111010000000000010011100000000011101001;
	1ED6  :   111111111111010000000000010010110000000011100111;
	1ED7  :   111111111111001100000000010011000000000011101011;
	1ED8  :   111111111111010100000000010011100000000011101010;
	1ED9  :   111111111111010100000000010011000000000011100111;
	1EDA  :   111111111111100100000000010011110000000011101100;
	1EDB  :   111111111111010000000000010011110000000011101001;
	1EDC  :   111111111111010000000000010011010000000011100111;
	1EDD  :   111111111111010000000000010011100000000011101010;
	1EDE  :   111111111111001100000000010011100000000011101000;
	1EDF  :   111111111111010100000000010011100000000011101011;
	1EE0  :   111111111111001000000000010011110000000011101110;
	1EE1  :   111111111111000100000000010010110000000011101110;
	1EE2  :   111111111111010000000000010100010000000011101110;
	1EE3  :   111111111111011100000000010011000000000011101010;
	1EE4  :   111111111111010000000000010100100000000011101010;
	1EE5  :   111111111111010100000000010011100000000011101110;
	1EE6  :   111111111111001100000000010011010000000011101100;
	1EE7  :   111111111111011000000000010011000000000011101101;
	1EE8  :   111111111110111100000000010010100000000011101000;
	1EE9  :   111111111111011000000000010010110000000011101101;
	1EEA  :   111111111111011100000000010010110000000011110000;
	1EEB  :   111111111111010000000000010100010000000011101001;
	1EEC  :   111111111111011000000000010100100000000011101101;
	1EED  :   111111111111010100000000010010100000000011101100;
	1EEE  :   111111111111010000000000010010110000000011101010;
	1EEF  :   111111111111011100000000010011010000000011101010;
	1EF0  :   111111111111001100000000010011100000000011100110;
	1EF1  :   111111111111010100000000010011000000000011100011;
	1EF2  :   111111111111101100000000010011010000000011101011;
	1EF3  :   111111111111101100000000010011000000000011101100;
	1EF4  :   111111111111010100000000010011110000000011101001;
	1EF5  :   111111111111011000000000010011100000000011101011;
	1EF6  :   111111111111100000000000010011000000000011100111;
	1EF7  :   111111111111100000000000010011110000000011100101;
	1EF8  :   111111111111100100000000010100000000000011101110;
	1EF9  :   111111111111100100000000010011100000000011101011;
	1EFA  :   111111111111001100000000010011000000000011101010;
	1EFB  :   111111111111010100000000010100000000000011101100;
	1EFC  :   111111111111010100000000010010010000000011101100;
	1EFD  :   111111111111100000000000010011000000000011101000;
	1EFE  :   111111111111010000000000010011000000000011100101;
	1EFF  :   111111111111011000000000010011010000000011100011;
	1F00  :   111111111111101000000000010100010000000011101001;
	1F01  :   111111111111010000000000010010110000000011101010;
	1F02  :   111111111111011000000000010010110000000011100111;
	1F03  :   111111111111010100000000010011010000000011100110;
	1F04  :   111111111111100000000000010010100000000011101001;
	1F05  :   111111111111100000000000010011010000000011101100;
	1F06  :   111111111111010100000000010011110000000011101000;
	1F07  :   111111111111011100000000010011000000000011100110;
	1F08  :   111111111111001100000000010011000000000011101001;
	1F09  :   111111111111011000000000010010100000000011101111;
	1F0A  :   111111111111110100000000010011000000000011100110;
	1F0B  :   111111111111011100000000010011010000000011100110;
	1F0C  :   111111111111100100000000010011110000000011101011;
	1F0D  :   111111111111011100000000010010100000000011101100;
	1F0E  :   111111111111000100000000010011110000000011101100;
	1F0F  :   111111111111001000000000010011010000000011101001;
	1F10  :   111111111111001100000000010011110000000011101011;
	1F11  :   111111111111010100000000010011010000000011101101;
	1F12  :   111111111111001100000000010100000000000011101011;
	1F13  :   111111111111011100000000010010100000000011101111;
	1F14  :   111111111111100100000000010011100000000011100111;
	1F15  :   111111111111011000000000010011110000000011101000;
	1F16  :   111111111111100000000000010100100000000011101001;
	1F17  :   111111111111010100000000010011000000000011101111;
	1F18  :   111111111111100100000000010100000000000011100111;
	1F19  :   111111111111011000000000010100010000000011101000;
	1F1A  :   111111111111101000000000010011010000000011101010;
	1F1B  :   111111111111100100000000010011000000000011100111;
	1F1C  :   111111111111011000000000010011000000000011100100;
	1F1D  :   111111111111001000000000010011110000000011100110;
	1F1E  :   111111111111011000000000010011010000000011100111;
	1F1F  :   111111111111100000000000010011000000000011101000;
	1F20  :   111111111111001100000000010011010000000011101010;
	1F21  :   111111111111011100000000010011000000000011101001;
	1F22  :   111111111111011100000000010011110000000011101000;
	1F23  :   111111111111010000000000010011010000000011101011;
	1F24  :   111111111111001000000000010010110000000011100110;
	1F25  :   111111111111100000000000010011100000000011100111;
	1F26  :   111111111111101000000000010011110000000011100111;
	1F27  :   111111111111010000000000010011010000000011101010;
	1F28  :   111111111111010100000000010100110000000011101010;
	1F29  :   111111111111100100000000010011100000000011100110;
	1F2A  :   111111111111100100000000010010110000000011101001;
	[1F2B..1F2C]  :   111111111111011000000000010011100000000011101011;
	1F2D  :   111111111111100100000000010010110000000011101011;
	1F2E  :   111111111111100100000000010011000000000011110000;
	1F2F  :   111111111111010100000000010011110000000011101011;
	1F30  :   111111111111100100000000010011100000000011101010;
	1F31  :   111111111111010100000000010011100000000011101000;
	1F32  :   111111111111010000000000010011110000000011101010;
	1F33  :   111111111111001000000000010011100000000011101010;
	1F34  :   111111111111010100000000010011100000000011100010;
	1F35  :   111111111111010100000000010100000000000011100101;
	1F36  :   111111111111001100000000010100000000000011101000;
	1F37  :   111111111111000000000000010010110000000011100110;
	1F38  :   111111111111000100000000010011010000000011101001;
	1F39  :   111111111111011000000000010011000000000011101101;
	1F3A  :   111111111111010000000000010010110000000011101001;
	1F3B  :   111111111111011000000000010100000000000011101011;
	1F3C  :   111111111111010100000000010011100000000011101011;
	1F3D  :   111111111111010000000000010100000000000011101010;
	1F3E  :   111111111111010100000000010011000000000011101001;
	1F3F  :   111111111111001000000000010011100000000011101001;
	1F40  :   111111111111100000000000010010100000000011101001;
	1F41  :   111111111111011000000000010010110000000011100101;
	1F42  :   111111111111100000000000010010100000000011101011;
	1F43  :   111111111111011100000000010011000000000011101011;
	1F44  :   111111111111011000000000010010010000000011101001;
	1F45  :   111111111111100100000000010011010000000011101010;
	1F46  :   111111111111011100000000010100000000000011100111;
	1F47  :   111111111111001000000000010011100000000011100111;
	1F48  :   111111111110110100000000010011010000000011101001;
	1F49  :   111111111111010100000000010011000000000011101010;
	1F4A  :   111111111111011000000000010010010000000011101100;
	1F4B  :   111111111111010100000000010100010000000011101011;
	1F4C  :   111111111111010100000000010011010000000011100101;
	1F4D  :   111111111111010000000000010010100000000011101011;
	1F4E  :   111111111111011000000000010011110000000011101011;
	1F4F  :   111111111111001000000000010011010000000011101101;
	1F50  :   111111111111001100000000010010110000000011100110;
	1F51  :   111111111111011100000000010100000000000011110000;
	1F52  :   111111111111011100000000010010110000000011101011;
	1F53  :   111111111111001000000000010011100000000011101110;
	1F54  :   111111111111010000000000010011110000000011101100;
	1F55  :   111111111111010100000000010010100000000011101001;
	1F56  :   111111111111001100000000010011100000000011101011;
	1F57  :   111111111111010000000000010011010000000011101010;
	1F58  :   111111111111001100000000010011100000000011100110;
	1F59  :   111111111111001100000000010011000000000011101011;
	1F5A  :   111111111111100100000000010011100000000011101101;
	1F5B  :   111111111111010100000000010011100000000011101000;
	1F5C  :   111111111111011000000000010011100000000011101000;
	1F5D  :   111111111111010100000000010010100000000011101001;
	1F5E  :   111111111111100000000000010011010000000011101001;
	1F5F  :   111111111111011100000000010010110000000011101001;
	1F60  :   111111111111010000000000010011010000000011101011;
	1F61  :   111111111111100000000000010011110000000011101001;
	1F62  :   111111111111010100000000010010010000000011101100;
	1F63  :   111111111111011100000000010011100000000011101101;
	1F64  :   111111111111010000000000010011110000000011101000;
	1F65  :   111111111111011000000000010011110000000011100101;
	1F66  :   111111111111001000000000010011100000000011101000;
	1F67  :   111111111111011100000000010011010000000011101001;
	1F68  :   111111111111100100000000010010010000000011100111;
	1F69  :   111111111111101000000000010011010000000011101010;
	1F6A  :   111111111111100100000000010011100000000011101100;
	1F6B  :   111111111111101000000000010011110000000011110010;
	1F6C  :   111111111111100100000000010001110000000011110010;
	1F6D  :   111111111111011100000000010011010000000011101110;
	1F6E  :   111111111111001000000000010011010000000011101011;
	1F6F  :   111111111111011000000000010011010000000011101000;
	1F70  :   111111111111001100000000010011100000000011100011;
	1F71  :   111111111111100000000000010011100000000011100111;
	1F72  :   111111111111011000000000010011110000000011101001;
	1F73  :   111111111111010100000000010010110000000011101010;
	1F74  :   111111111111001100000000010010100000000011101001;
	1F75  :   111111111111011000000000010001110000000011101001;
	1F76  :   111111111111001100000000010010000000000011100101;
	1F77  :   111111111111001000000000010011000000000011101001;
	1F78  :   111111111111100000000000010011010000000011101100;
	1F79  :   111111111111010100000000010011100000000011100101;
	1F7A  :   111111111111001100000000010100010000000011101001;
	1F7B  :   111111111111010000000000010011100000000011101110;
	1F7C  :   111111111111001100000000010100010000000011101010;
	1F7D  :   111111111111010100000000010011110000000011100111;
	1F7E  :   111111111111010000000000010011110000000011101000;
	1F7F  :   111111111111010100000000010011010000000011101000;
	1F80  :   111111111111001100000000010100000000000011101101;
	1F81  :   111111111111001100000000010011100000000011100110;
	1F82  :   111111111111001100000000010010110000000011101011;
	1F83  :   111111111111100100000000010010100000000011101110;
	1F84  :   111111111111010100000000010011110000000011101010;
	1F85  :   111111111111011100000000010010110000000011101111;
	1F86  :   111111111111001000000000010010110000000011101110;
	1F87  :   111111111111010000000000010010110000000011101111;
	1F88  :   111111111111010000000000010011000000000011101100;
	1F89  :   111111111111010100000000010100100000000011110010;
	1F8A  :   111111111111001100000000010011100000000011101000;
	1F8B  :   111111111111010000000000010011000000000011110000;
	1F8C  :   111111111111001100000000010010110000000011101100;
	1F8D  :   111111111111101100000000010011000000000011110000;
	1F8E  :   111111111111010000000000010011000000000011100011;
	1F8F  :   111111111111001100000000010011000000000011100111;
	1F90  :   111111111111101000000000010100000000000011101100;
	1F91  :   111111111111010100000000010010010000000011110001;
	1F92  :   111111111111001100000000010011000000000011100111;
	1F93  :   111111111111001100000000010011100000000011100110;
	1F94  :   111111111111011000000000010011010000000011101110;
	1F95  :   111111111111011100000000010011000000000011101000;
	1F96  :   111111111111011000000000010011010000000011101000;
	1F97  :   111111111111001100000000010100000000000011101010;
	[1F98..1F99]  :   111111111111011000000000010011000000000011100110;
	1F9A  :   111111111111000100000000010100010000000011100110;
	1F9B  :   111111111111001000000000010100100000000011101011;
	1F9C  :   111111111111010000000000010011000000000011101110;
	1F9D  :   111111111111001000000000010011100000000011101001;
	1F9E  :   111111111111001100000000010100010000000011100100;
	1F9F  :   111111111111001000000000010011010000000011100100;
	1FA0  :   111111111111001000000000010100000000000011101010;
	1FA1  :   111111111111001000000000010011010000000011100110;
	1FA2  :   111111111111001100000000010010100000000011101000;
	1FA3  :   111111111111001100000000010011100000000011101101;
	1FA4  :   111111111111000000000000010011010000000011100111;
	1FA5  :   111111111111011100000000010100000000000011100101;
	1FA6  :   111111111111010000000000010011010000000011101100;
	1FA7  :   111111111111001100000000010100000000000011101000;
	1FA8  :   111111111111010100000000010100000000000011100111;
	1FA9  :   111111111111011100000000010100000000000011100111;
	1FAA  :   111111111111101000000000010011000000000011101100;
	1FAB  :   111111111111001100000000010100010000000011101001;
	1FAC  :   111111111111000100000000010011100000000011101001;
	1FAD  :   111111111111100000000000010010010000000011101010;
	1FAE  :   111111111111100000000000010010110000000011101010;
	1FAF  :   111111111111100000000000010010100000000011101000;
	1FB0  :   111111111111011000000000010010100000000011101100;
	[1FB1..1FB2]  :   111111111111100000000000010011000000000011101011;
	1FB3  :   111111111110111100000000010011010000000011101011;
	1FB4  :   111111111111000100000000010011000000000011100100;
	1FB5  :   111111111111010000000000010011110000000011100100;
	1FB6  :   111111111111010100000000010100000000000011100011;
	1FB7  :   111111111111100000000000010011110000000011100110;
	1FB8  :   111111111111011000000000010011100000000011100110;
	1FB9  :   111111111111100100000000010010010000000011101000;
	1FBA  :   111111111111011100000000010010100000000011101001;
	1FBB  :   111111111111101000000000010100000000000011101000;
	1FBC  :   111111111111000100000000010011010000000011101001;
	1FBD  :   111111111111100000000000010010100000000011101111;
	1FBE  :   111111111111010000000000010011110000000011101100;
	1FBF  :   111111111111011100000000010010110000000011100111;
	1FC0  :   111111111111100000000000010010100000000011101111;
	1FC1  :   111111111111100000000000010011100000000011101101;
	1FC2  :   111111111111100000000000010011100000000011101100;
	1FC3  :   111111111111010100000000010011000000000011101010;
	1FC4  :   111111111111100100000000010010110000000011101101;
	1FC5  :   111111111111101000000000010011000000000011101100;
	1FC6  :   111111111111001100000000010011010000000011101111;
	1FC7  :   111111111111100000000000010011010000000011101010;
	1FC8  :   111111111111100000000000010100000000000011101101;
	1FC9  :   111111111111100000000000010011000000000011101101;
	1FCA  :   111111111111010100000000010100000000000011101000;
	1FCB  :   111111111111011000000000010011110000000011101000;
	1FCC  :   111111111111011000000000010011000000000011101010;
	1FCD  :   111111111111011000000000010011010000000011101010;
	1FCE  :   111111111111001100000000010011110000000011101110;
	1FCF  :   111111111111010100000000010010110000000011101000;
	1FD0  :   111111111111010100000000010011000000000011101001;
	1FD1  :   111111111111011100000000010011100000000011101100;
	1FD2  :   111111111111010000000000010011010000000011101010;
	1FD3  :   111111111111010100000000010101000000000011101001;
	1FD4  :   111111111111100000000000010011000000000011101001;
	1FD5  :   111111111111100000000000010011000000000011101010;
	1FD6  :   111111111111010000000000010011100000000011100110;
	1FD7  :   111111111111110100000000010010100000000011101011;
	1FD8  :   111111111111011000000000010010100000000011100010;
	1FD9  :   111111111111011000000000010011110000000011101001;
	1FDA  :   111111111111011000000000010100000000000011101011;
	1FDB  :   111111111111010100000000010011000000000011101010;
	1FDC  :   111111111111011100000000010010110000000011101000;
	1FDD  :   111111111111011100000000010011100000000011101100;
	1FDE  :   111111111111100000000000010100000000000011101011;
	1FDF  :   111111111111011000000000010011110000000011101100;
	1FE0  :   111111111111000100000000010011100000000011101100;
	1FE1  :   111111111111100000000000010011100000000011101001;
	1FE2  :   111111111111001100000000010011100000000011101011;
	1FE3  :   111111111111011100000000010011110000000011101010;
	1FE4  :   111111111111100000000000010011010000000011101010;
	1FE5  :   111111111111001100000000010101010000000011101100;
	1FE6  :   111111111111001100000000010100010000000011101101;
	1FE7  :   111111111111011000000000010011000000000011101011;
	1FE8  :   111111111111100000000000010100000000000011101110;
	1FE9  :   111111111111100000000000010100000000000011101101;
	1FEA  :   111111111111010100000000010011010000000011101101;
	1FEB  :   111111111111010100000000010010010000000011100111;
	1FEC  :   111111111111011100000000010010100000000011101100;
	1FED  :   111111111111010000000000010100100000000011101111;
	1FEE  :   111111111111001100000000010010100000000011101010;
	1FEF  :   111111111111010000000000010011010000000011100111;
	1FF0  :   111111111111010100000000010010110000000011100111;
	1FF1  :   111111111111000100000000010100000000000011100101;
	1FF2  :   111111111111010000000000010010110000000011100110;
	1FF3  :   111111111111000100000000010011010000000011101100;
	1FF4  :   111111111111001000000000010011100000000011100110;
	1FF5  :   111111111111000000000000010011110000000011101001;
	1FF6  :   111111111111010000000000010011010000000011101000;
	1FF7  :   111111111111001000000000010011100000000011100101;
	1FF8  :   111111111111011000000000010011110000000011101000;
	1FF9  :   111111111111010000000000010100000000000011100111;
	1FFA  :   111111111111100100000000010010110000000011100111;
	1FFB  :   111111111111010100000000010011010000000011101001;
	1FFC  :   111111111111010000000000010011010000000011100101;
	1FFD  :   111111111111100000000000010011110000000011100111;
	1FFE  :   111111111111001100000000010011110000000011101101;
	1FFF  :   111111111111011000000000010010110000000011101110;
	2000  :   111111111110110100000000010011100000000011110010;
	2001  :   111111111111011000000000010010000000000011110000;
	2002  :   111111111111010000000000010011100000000011101100;
	2003  :   111111111111011000000000010011010000000011110000;
	2004  :   111111111111001000000000010010100000000011101010;
	2005  :   111111111111010000000000010010100000000011101001;
	2006  :   111111111111001100000000010011010000000011101010;
	2007  :   111111111111011000000000010010010000000011100101;
	2008  :   111111111111011000000000010010000000000011100110;
	2009  :   111111111111011000000000010010110000000011100010;
	200A  :   111111111111101000000000010011000000000011100000;
	200B  :   111111111111011000000000010001000000000011011001;
	200C  :   111111111111011000000000010010010000000011010111;
	200D  :   111111111111101100000000010011100000000011010111;
	200E  :   111111111111101000000000010010010000000011010111;
	200F  :   111111111111101000000000010001110000000011011000;
	2010  :   111111111111111000000000010001100000000011010101;
	2011  :   000000000000000000000000010001110000000011010100;
	2012  :   000000000000000000000000010001100000000011011001;
	2013  :   111111111111111100000000010001010000000011011000;
	2014  :   111111111111111000000000010001000000000011010111;
	2015  :   000000000000000000000000010001110000000011011100;
	2016  :   000000000000000000000000010010110000000011011101;
	2017  :   111111111111110100000000010010100000000011100101;
	2018  :   111111111111011100000000010001010000000011101001;
	2019  :   111111111111001000000000010001110000000011101010;
	201A  :   111111111111000100000000010010100000000011101110;
	201B  :   111111111110111100000000010100010000000011110001;
	201C  :   111111111110110100000000010011110000000011110111;
	201D  :   111111111110101000000000010100010000000011111011;
	201E  :   111111111110111100000000010011100000000100000010;
	201F  :   111111111110100000000000010011110000000011111100;
	2020  :   111111111110100000000000010011100000000011111101;
	2021  :   111111111110011000000000010100010000000100000001;
	2022  :   111111111110000100000000010100000000000011111111;
	2023  :   111111111110011100000000010011010000000100000011;
	2024  :   111111111110011000000000010001110000000100000010;
	2025  :   111111111110011000000000010010110000000011111111;
	2026  :   111111111110111000000000010001100000000011111011;
	2027  :   111111111110100100000000010001100000000011110110;
	2028  :   111111111110100100000000010001000000000011110111;
	2029  :   111111111111000100000000010000110000000011110111;
	202A  :   111111111111001100000000010001010000000011110100;
	202B  :   111111111111011000000000010001000000000011110100;
	202C  :   111111111111011000000000010000110000000011101100;
	202D  :   111111111111011100000000010000110000000011101100;
	202E  :   111111111111011100000000010010000000000011101001;
	202F  :   111111111111011000000000010000110000000011100101;
	2030  :   111111111111001100000000010001100000000011101101;
	2031  :   111111111111011000000000010001100000000011101101;
	2032  :   111111111111001100000000010000110000000011101010;
	2033  :   111111111111000100000000010001100000000011101000;
	2034  :   111111111110111100000000010010010000000011101001;
	2035  :   111111111111001100000000010010000000000011101001;
	2036  :   111111111111000000000000010010110000000011101001;
	2037  :   111111111111001000000000010001100000000011100111;
	2038  :   111111111110111000000000010010100000000011100100;
	2039  :   111111111110111100000000010001110000000011100001;
	203A  :   111111111110111000000000010001000000000011100001;
	203B  :   111111111110111100000000010010110000000011100011;
	203C  :   111111111110111000000000010010000000000011100111;
	203D  :   111111111111000100000000010010010000000011100001;
	203E  :   111111111111001100000000010001100000000011101001;
	203F  :   111111111110111000000000010010000000000011101011;
	2040  :   111111111110111000000000010010010000000011101010;
	2041  :   111111111110101100000000010010010000000011101101;
	2042  :   111111111110101000000000010010110000000011101110;
	2043  :   111111111110111000000000010010010000000011110010;
	2044  :   111111111110110100000000010001100000000011110011;
	2045  :   111111111110101000000000010001100000000011110101;
	2046  :   111111111110100100000000010010000000000011110000;
	2047  :   111111111110111000000000010010000000000011101100;
	2048  :   111111111110110100000000010010010000000011110101;
	2049  :   111111111110101100000000010010000000000011110001;
	204A  :   111111111110110000000000010001110000000011101111;
	204B  :   111111111111000100000000010001110000000011110100;
	204C  :   111111111111001000000000010010000000000011110101;
	204D  :   111111111111001100000000010000110000000011101111;
	204E  :   111111111111010000000000010001100000000011101011;
	204F  :   111111111111010000000000010010100000000011110010;
	2050  :   111111111111010100000000010001110000000011110010;
	2051  :   111111111111010100000000010001010000000011101011;
	2052  :   111111111111011100000000010001100000000011101110;
	2053  :   111111111111010000000000010001110000000011101110;
	2054  :   111111111111001000000000010001110000000011101011;
	2055  :   111111111111001100000000010001100000000011101011;
	2056  :   111111111111010000000000010001110000000011101001;
	2057  :   111111111111010100000000010001010000000011101011;
	2058  :   111111111111001100000000010010010000000011101000;
	2059  :   111111111111001000000000010010010000000011101000;
	205A  :   111111111111000100000000010001110000000011101010;
	205B  :   111111111111001000000000010001100000000011100110;
	205C  :   111111111111010000000000010001100000000011100001;
	205D  :   111111111111001100000000010010000000000011100110;
	205E  :   111111111111000000000000010001110000000011100111;
	205F  :   111111111111001100000000010010010000000011100110;
	2060  :   111111111111001100000000010011000000000011101000;
	2061  :   111111111111011100000000010010000000000011101100;
	2062  :   111111111111001000000000010011010000000011100110;
	2063  :   111111111111000000000000010010010000000011101010;
	2064  :   111111111110111000000000010010000000000011101010;
	2065  :   111111111111000000000000010001010000000011101011;
	2066  :   111111111110111100000000010010000000000011101110;
	2067  :   111111111111000100000000010011000000000011110000;
	2068  :   111111111110101100000000010100000000000011110100;
	2069  :   111111111110011100000000010100000000000011110001;
	206A  :   111111111110100100000000010011110000000011111000;
	206B  :   111111111110100100000000010100000000000011110011;
	206C  :   111111111110100000000000010011010000000011110101;
	206D  :   111111111110101000000000010011000000000011110100;
	206E  :   111111111110101000000000010010110000000011110010;
	206F  :   111111111110011000000000010010100000000011101011;
	2070  :   111111111110100000000000010011000000000011101101;
	2071  :   111111111110110100000000010010110000000011100110;
	2072  :   111111111111001000000000010011010000000011110010;
	2073  :   111111111110111100000000010010000000000011101010;
	2074  :   111111111111001000000000010010000000000011100100;
	2075  :   111111111110111000000000010011100000000011100001;
	2076  :   111111111111010000000000010010100000000011100100;
	2077  :   111111111111010000000000010010010000000011100001;
	2078  :   111111111111001100000000010001110000000011100001;
	2079  :   111111111111001100000000010010010000000011100001;
	207A  :   111111111111010100000000010010110000000011100100;
	207B  :   111111111111000000000000010010100000000011011110;
	207C  :   111111111111001100000000010010010000000011100010;
	207D  :   111111111111001100000000010010100000000011100101;
	207E  :   111111111111011000000000010010000000000011100010;
	207F  :   111111111111011000000000010011010000000011100010;
	2080  :   111111111111001100000000010011000000000011101011;
	2081  :   111111111111010000000000010011000000000011100110;
	2082  :   111111111111010000000000010010100000000011101001;
	2083  :   111111111111000100000000010010110000000011100100;
	2084  :   111111111110110100000000010011010000000011101001;
	2085  :   111111111110101100000000010010010000000011101001;
	2086  :   111111111110111000000000010010100000000011101000;
	2087  :   111111111110110000000000010011100000000011101101;
	2088  :   111111111110111100000000010011000000000011101110;
	2089  :   111111111110110000000000010011110000000011101100;
	208A  :   111111111110110000000000010100000000000011101011;
	208B  :   111111111110101000000000010100010000000011101001;
	208C  :   111111111111000000000000010100010000000011101011;
	208D  :   111111111111001100000000010100010000000011101110;
	208E  :   111111111110111000000000010011110000000011101111;
	208F  :   111111111110110000000000010100010000000011110100;
	2090  :   111111111110100000000000010011010000000011110000;
	2091  :   111111111111000000000000010011100000000011101111;
	2092  :   111111111110101100000000010100010000000011110010;
	2093  :   111111111110100000000000010100000000000011101001;
	2094  :   111111111110101000000000010010110000000011101100;
	2095  :   111111111110011100000000010010100000000011101100;
	2096  :   111111111110110100000000010011110000000011101100;
	2097  :   111111111110111100000000010100000000000011101011;
	2098  :   111111111111000000000000010100100000000011101001;
	2099  :   111111111111000000000000010011100000000011100100;
	209A  :   111111111111000000000000010011100000000011101010;
	209B  :   111111111110110100000000010100000000000011101011;
	209C  :   111111111111010000000000010011100000000011100110;
	209D  :   111111111111001100000000010010010000000011101100;
	209E  :   111111111110111100000000010010110000000011101101;
	209F  :   111111111111000100000000010010000000000011101110;
	20A0  :   111111111110111100000000010010010000000011101010;
	20A1  :   111111111110111000000000010001010000000011101001;
	20A2  :   111111111111000100000000010001100000000011101101;
	20A3  :   111111111111000000000000010010110000000011101101;
	20A4  :   111111111110111100000000010010000000000011101010;
	20A5  :   111111111111001000000000010011010000000011101010;
	20A6  :   111111111111000000000000010010000000000011101111;
	20A7  :   111111111110111000000000010001100000000011101110;
	20A8  :   111111111110110000000000010001000000000011101010;
	20A9  :   111111111110110000000000010010000000000011101001;
	20AA  :   111111111110110000000000010001100000000011101011;
	20AB  :   111111111111000100000000010010100000000011110000;
	20AC  :   111111111111000100000000010011010000000011101011;
	20AD  :   111111111111010000000000010001010000000011101111;
	20AE  :   111111111111000100000000010010010000000011101000;
	20AF  :   111111111111100000000000010010100000000011101010;
	20B0  :   111111111111010100000000010010010000000011100111;
	20B1  :   111111111111010000000000010010010000000011100101;
	20B2  :   111111111111101100000000010010000000000011101011;
	20B3  :   111111111111101000000000010010000000000011101001;
	20B4  :   111111111111110100000000010010100000000011101001;
	20B5  :   111111111111101100000000010001010000000011101000;
	20B6  :   111111111111110000000000010010010000000011101000;
	20B7  :   111111111111110000000000010001010000000011101110;
	20B8  :   111111111111100100000000010001110000000011101110;
	20B9  :   111111111111111000000000010000110000000011110100;
	20BA  :   111111111111110000000000010010010000000011110000;
	20BB  :   111111111111111000000000010001000000000011110010;
	20BC  :   111111111111110100000000010001100000000011111111;
	20BD  :   111111111111101100000000010010000000000011111100;
	20BE  :   111111111111100100000000010010000000000011111101;
	20BF  :   111111111111011100000000010010110000000100000000;
	20C0  :   111111111111101000000000010010110000000011111110;
	20C1  :   111111111111110000000000010011100000000011111100;
	20C2  :   111111111111100100000000010011010000000011110111;
	20C3  :   111111111111101100000000010011100000000011110000;
	20C4  :   111111111111100000000000010010100000000011101010;
	20C5  :   000000000000001100000000010010000000000011100111;
	20C6  :   000000000000011100000000010001000000000011100111;
	20C7  :   000000000000011100000000001111010000000011100100;
	20C8  :   000000000000011100000000001111000000000011100101;
	20C9  :   000000000000011100000000001110100000000011100011;
	20CA  :   000000000000011000000000001101110000000011100010;
	20CB  :   000000000000001000000000001101100000000011100110;
	20CC  :   000000000000001000000000001110110000000011011100;
	20CD  :   111111111111101100000000001111110000000011100011;
	20CE  :   111111111111011100000000010001010000000011100110;
	20CF  :   111111111111010000000000010001100000000011101000;
	20D0  :   111111111110100000000000010010110000000011101111;
	20D1  :   111111111110011000000000010100010000000011110000;
	20D2  :   000000000000000100000000010000000000000001110001;
	20D3  :   111111111010010000000000110101101111111100110000;
	20D4  :   111111111001010000000000110101010000000000100011;
	20D5  :   111111111110000100000000101000010000000001010111;
	20D6  :   000000000000111100000000011010010000000001111000;
	20D7  :   000000000001011000000000001101000000000011101100;
	20D8  :   000000000000001000000000000000110000000011111000;
	20D9  :   111111111110000111111111111001010000000100011110;
	20DA  :   111111111100111011111111111100100000000100000011;
	20DB  :   111111111100111100000000000000000000000100010000;
	20DC  :   111111111101100000000000000101100000000011111100;
	20DD  :   111111111101110000000000001000100000000011111111;
	20DE  :   111111111101101100000000001110110000000011110001;
	20DF  :   111111111101000000000000010100010000000100000001;
	20E0  :   111111111100111100000000011010100000000100010111;
	20E1  :   111111111100100000000000011110110000000100111110;
	20E2  :   111111111100101100000000100000000000000101100001;
	20E3  :   111111111100011000000000100011000000000101110100;
	20E4  :   111111111100100100000000100101010000000110001000;
	20E5  :   111111111100100000000000101011000000000110001011;
	20E6  :   111111111100010100000000101101010000000110011110;
	20E7  :   111111111100001100000000101110010000000110001110;
	20E8  :   111111111100110000000000101101110000000110001001;
	20E9  :   111111111101000100000000101011110000000101110110;
	20EA  :   111111111101010100000000101010110000000101101100;
	20EB  :   111111111101000000000000101000110000000101011101;
	20EC  :   111111111101000000000000100101010000000101001100;
	20ED  :   111111111101000100000000100011110000000100110111;
	20EE  :   111111111101010100000000100010010000000100011010;
	20EF  :   111111111110010100000000100000110000000011101110;
	20F0  :   111111111111000000000000100000010000000011000010;
	20F1  :   111111111111110000000000100000000000000010100010;
	20F2  :   000000000000011000000000011010010000000010010001;
	20F3  :   000000000001010100000000010110010000000010000111;
	20F4  :   000000000001111000000000001111100000000010001000;
	20F5  :   000000000010101100000000001100000000000010000110;
	20F6  :   000000000010110100000000001000110000000010001000;
	20F7  :   000000000011010100000000000101010000000010000001;
	20F8  :   000000000011100000000000000011010000000001110101;
	20F9  :   000000000011100100000000000010000000000001111011;
	20FA  :   000000000011100100000000000001100000000001110111;
	20FB  :   000000000011110000000000000001000000000001111110;
	20FC  :   000000000011100100000000000000100000000001111011;
	20FD  :   000000000100010000000000000001000000000001111101;
	20FE  :   000000000011111000000000000101010000000010011000;
	20FF  :   000000000011101100000000000110110000000010101100;
	2100  :   000000000011010000000000000101000000000010111001;
	2101  :   000000000010110000000000000111000000000011000100;
	2102  :   000000000010011000000000001001100000000011011011;
	2103  :   000000000001111000000000001101100000000011110010;
	2104  :   000000000001000100000000001111010000000100001001;
	2105  :   000000000000100100000000010000010000000100011001;
	2106  :   000000000000000100000000010010000000000100100100;
	2107  :   111111111111011100000000010011010000000100101010;
	2108  :   111111111110111000000000010100010000000100100110;
	2109  :   111111111110010100000000010111010000000100011111;
	210A  :   111111111110000000000000011001100000000100011011;
	210B  :   111111111101110000000000011001000000000100011110;
	210C  :   111111111101110100000000011001010000000100011010;
	210D  :   111111111101111000000000011000010000000100010101;
	210E  :   111111111110000100000000011000000000000100001100;
	210F  :   111111111101111100000000010110110000000100001100;
	2110  :   111111111101101000000000010110010000000011111111;
	2111  :   111111111101110000000000010110100000000011111000;
	2112  :   111111111110001000000000010101100000000011110000;
	2113  :   111111111101101000000000010100000000000011100000;
	2114  :   111111111101110100000000010011000000000011010110;
	2115  :   111111111101111100000000010010100000000011000111;
	2116  :   111111111110000100000000010010110000000011000001;
	2117  :   111111111111010000000000001110010000000001100011;
	2118  :   111111111101100000000000011101001111111101100000;
	2119  :   111111111011000000000000100000001111111111011110;
	211A  :   111111111110000100000000010011000000000000110010;
	211B  :   000000000000000100000000001100000000000001010000;
	211C  :   000000000000110000000000001001010000000010000100;
	211D  :   111111111111100000000000000100100000000010101010;
	211E  :   111111111110100000000000000101110000000011010101;
	211F  :   111111111101111100000000000111000000000011011100;
	2120  :   111111111101111000000000000110110000000011101110;
	2121  :   111111111101101100000000000110000000000011110001;
	2122  :   111111111101010100000000001010100000000011111011;
	2123  :   111111111101001000000000010001110000000100001101;
	2124  :   111111111100100100000000011010100000000100110010;
	2125  :   111111111100011100000000100000000000000101010100;
	2126  :   111111111100001100000000100110010000000101110010;
	2127  :   111111111100001000000000101100000000000110000101;
	2128  :   111111111100001100000000110000110000000110001110;
	2129  :   111111111100010100000000110010110000000110001100;
	212A  :   111111111101001000000000110101010000000110001100;
	212B  :   111111111101100000000000110101100000000110000111;
	212C  :   111111111110001000000000110011110000000110000011;
	212D  :   111111111110011100000000110000010000000101111101;
	212E  :   111111111110100000000000101100010000000101110000;
	212F  :   111111111110011000000000100111110000000101011010;
	2130  :   111111111110001000000000100100100000000101000011;
	2131  :   111111111110010000000000100010110000000100110010;
	2132  :   111111111110010000000000100000010000000100010111;
	2133  :   111111111110100000000000100000010000000100000000;
	2134  :   111111111111001100000000100001110000000011011111;
	2135  :   000000000000000100000000100001110000000010111110;
	2136  :   000000000001000000000000011110000000000010100111;
	2137  :   000000000001011100000000011001000000000010001001;
	2138  :   000000000001011100000000010010100000000010000001;
	2139  :   000000000001101000000000001110100000000001111110;
	213A  :   000000000001101100000000001010010000000010000001;
	213B  :   000000000010011000000000000111110000000010001000;
	213C  :   000000000011001000000000000100110000000010001010;
	213D  :   000000000011001100000000000011000000000010001110;
	213E  :   000000000011010000000000000010100000000010010111;
	213F  :   000000000011100000000000000010010000000010011000;
	2140  :   000000000011000000000000000011010000000010011110;
	2141  :   000000000010111100000000000100010000000010100101;
	2142  :   000000000010101000000000000111010000000010100111;
	2143  :   000000000010000100000000000111010000000010101100;
	2144  :   000000000001010000000000001001000000000010110110;
	2145  :   000000000000110100000000001010000000000010111001;
	2146  :   000000000000110000000000001100010000000011000101;
	2147  :   000000000000011100000000001100110000000011001000;
	2148  :   000000000000110000000000001110010000000011010001;
	2149  :   000000000000000000000000010001000000000011011001;
	214A  :   111111111111111000000000010010000000000011011110;
	214B  :   111111111111011100000000010011110000000011101101;
	214C  :   111111111111010100000000010101010000000011110011;
	214D  :   111111111111001100000000010111000000000011110011;
	214E  :   111111111110110100000000011001000000000011110100;
	214F  :   111111111110011100000000011001110000000011111010;
	2150  :   111111111110000100000000011001010000000100000001;
	2151  :   111111111101110100000000011010010000000011111111;
	2152  :   111111111101100100000000011011000000000100000101;
	2153  :   111111111101011100000000011100000000000100000110;
	2154  :   111111111101001000000000011011100000000100000111;
	2155  :   111111111101010100000000011011100000000100001001;
	2156  :   111111111101001100000000011100000000000100000101;
	2157  :   111111111101100000000000011100000000000100000011;
	2158  :   111111111101101100000000011010110000000100000001;
	2159  :   111111111101101000000000011010000000000100000110;
	215A  :   111111111110000100000000011001000000000100000101;
	215B  :   111111111110000100000000010111010000000011111110;
	215C  :   111111111110010000000000010101110000000011111100;
	215D  :   111111111110100000000000010100100000000011111101;
	215E  :   111111111110011100000000010101010000000011111101;
	215F  :   111111111110011000000000010011000000000011110101;
	2160  :   111111111110010000000000010011010000000011110100;
	2161  :   111111111110001100000000010010000000000011110001;
	2162  :   111111111110000000000000010000100000000011110000;
	2163  :   111111111110000100000000010001010000000011110000;
	2164  :   111111111110011000000000010010010000000011101100;
	2165  :   111111111110011000000000010010000000000011100110;
	2166  :   111111111110110000000000010010000000000011100010;
	2167  :   111111111110100100000000010010000000000011100000;
	2168  :   111111111110011100000000010010110000000011100000;
	2169  :   111111111110110100000000010010010000000011100001;
	216A  :   111111111110111000000000010001100000000011100001;
	216B  :   111111111110110100000000010001110000000011011110;
	216C  :   111111111111000100000000010010000000000011011000;
	216D  :   111111111110111100000000010010000000000011010011;
	216E  :   111111111110110000000000010010000000000011010110;
	216F  :   111111111110110100000000010010010000000011010111;
	2170  :   111111111110111100000000010010000000000011010110;
	2171  :   111111111111000000000000010010010000000011100000;
	2172  :   111111111111000100000000010011100000000011011101;
	2173  :   111111111110111000000000010010000000000011011111;
	2174  :   111111111111010100000000010010010000000011100001;
	2175  :   111111111110111100000000010011110000000011100110;
	2176  :   111111111111010000000000010010100000000011101000;
	2177  :   111111111111010100000000010011000000000011101100;
	2178  :   111111111111001000000000010100010000000011101100;
	2179  :   111111111111011000000000010010110000000011110011;
	217A  :   111111111111101000000000010010110000000011110000;
	217B  :   111111111111011100000000010011110000000011110011;
	217C  :   111111111111100000000000010101010000000011111000;
	217D  :   111111111111010100000000010101000000000011110100;
	217E  :   111111111111100100000000010101010000000011111001;
	217F  :   111111111111011000000000010110000000000011110111;
	2180  :   111111111111100100000000010101110000000011110011;
	2181  :   111111111111011100000000010110100000000011110111;
	2182  :   111111111111101100000000010101110000000011111001;
	2183  :   111111111111110000000000010110000000000011110011;
	2184  :   111111111111111000000000010110010000000011101110;
	2185  :   000000000000001000000000010110100000000011110001;
	2186  :   111111111111110000000000010101110000000011110001;
	2187  :   111111111111111000000000010101100000000011110000;
	2188  :   111111111111111000000000010100010000000011101011;
	2189  :   111111111111111000000000010101000000000011101011;
	218A  :   111111111111101000000000010100010000000011101110;
	218B  :   111111111111110100000000010100100000000011100110;
	218C  :   111111111111101000000000010100100000000011100101;
	218D  :   111111111111101100000000010100100000000011100101;
	218E  :   111111111111111000000000010011110000000011100100;
	218F  :   111111111111110000000000010011100000000011100000;
	2190  :   111111111111011000000000010100000000000011011111;
	2191  :   111111111111011000000000010100010000000011100101;
	2192  :   111111111111011000000000010011110000000011100010;
	2193  :   111111111111010000000000010011100000000011100100;
	2194  :   111111111111101000000000010011010000000011100001;
	2195  :   111111111111100100000000010100010000000011011101;
	2196  :   111111111111011000000000010100000000000011100011;
	2197  :   111111111111011100000000010011110000000011100101;
	2198  :   111111111111010000000000010100000000000011100010;
	2199  :   111111111110111100000000010100000000000011100101;
	219A  :   111111111111011100000000010100100000000011100010;
	219B  :   111111111111010100000000010100010000000011100110;
	219C  :   111111111111000100000000010100000000000011100110;
	219D  :   111111111111001100000000010100100000000011100011;
	219E  :   111111111111011100000000010100010000000011101011;
	219F  :   111111111111010100000000010100110000000011101001;
	21A0  :   111111111111001100000000010100110000000011101011;
	21A1  :   111111111110111000000000010110000000000011101011;
	21A2  :   111111111111010000000000010110000000000011100010;
	21A3  :   111111111111001000000000010100110000000011101010;
	21A4  :   111111111111001100000000010101000000000011101001;
	21A5  :   111111111111011100000000010101010000000011101111;
	21A6  :   111111111111001000000000010100100000000011101001;
	21A7  :   111111111110111100000000010100100000000011101000;
	21A8  :   111111111111010100000000010100100000000011101001;
	21A9  :   111111111111011100000000010100000000000011101010;
	21AA  :   111111111111101000000000010100010000000011100010;
	21AB  :   111111111111011100000000010100100000000011100100;
	21AC  :   111111111111100100000000010101110000000011101011;
	21AD  :   111111111111011000000000010100010000000011100011;
	21AE  :   111111111111110100000000010101000000000011100111;
	21AF  :   111111111111101100000000010100100000000011101011;
	21B0  :   111111111111100000000000010011110000000011101001;
	21B1  :   111111111111111100000000010100000000000011101011;
	21B2  :   111111111111101000000000010101100000000011101001;
	21B3  :   111111111111101100000000010100010000000011101001;
	21B4  :   111111111111100000000000010011110000000011100111;
	21B5  :   111111111111101000000000010100010000000011101001;
	21B6  :   111111111111101100000000010100000000000011100111;
	21B7  :   111111111111111000000000010100100000000011100011;
	21B8  :   111111111111111000000000010100110000000011101001;
	21B9  :   111111111111110100000000010101000000000011101000;
	21BA  :   000000000000000000000000010100110000000011101001;
	21BB  :   111111111111110100000000010100110000000011100101;
	21BC  :   111111111111111100000000010101100000000011101000;
	21BD  :   111111111111111000000000010101010000000011100110;
	21BE  :   111111111111100000000000010100110000000011101010;
	21BF  :   111111111111111000000000010101000000000011101001;
	21C0  :   111111111111110100000000010101000000000011101100;
	21C1  :   111111111111011100000000010101010000000011101010;
	21C2  :   111111111111101100000000010101000000000011101000;
	21C3  :   111111111111101100000000010100100000000011100110;
	21C4  :   111111111111100100000000010101110000000011101110;
	21C5  :   111111111111011100000000010101100000000011100101;
	21C6  :   111111111111011100000000010100100000000011100111;
	21C7  :   111111111111100000000000010101000000000011100110;
	21C8  :   111111111111110000000000010101000000000011100011;
	21C9  :   111111111111010100000000010011110000000011100111;
	21CA  :   111111111111101100000000010101000000000011100110;
	21CB  :   111111111111100100000000010101000000000011100111;
	21CC  :   111111111111110100000000010100010000000011101001;
	21CD  :   111111111111100000000000010101100000000011100100;
	21CE  :   111111111111010100000000010101010000000011101010;
	21CF  :   111111111111100000000000010110010000000011100101;
	21D0  :   111111111111101100000000010100110000000011100111;
	21D1  :   111111111111101100000000010101110000000011100111;
	21D2  :   111111111111101000000000010110110000000011100110;
	21D3  :   111111111111101100000000010101100000000011101110;
	21D4  :   111111111111100100000000010101010000000011101001;
	21D5  :   111111111111110100000000010101010000000011101000;
	21D6  :   111111111111111000000000010101010000000011101101;
	21D7  :   000000000000001000000000010101010000000011100010;
	21D8  :   111111111111111100000000010100110000000011100101;
	21D9  :   000000000000000000000000010101000000000011100011;
	21DA  :   111111111111110000000000010101000000000011100000;
	21DB  :   111111111111111100000000010101110000000011100001;
	21DC  :   000000000000000000000000010110000000000011011110;
	21DD  :   000000000000000100000000010110100000000011100010;
	21DE  :   111111111111110000000000010101100000000011100001;
	21DF  :   111111111111110100000000010101110000000011011110;
	21E0  :   111111111111110100000000010110000000000011011100;
	21E1  :   111111111111111000000000010101100000000011100010;
	21E2  :   111111111111111000000000010110100000000011100100;
	21E3  :   111111111111111000000000010101000000000011100100;
	21E4  :   111111111111100100000000010101100000000011100111;
	21E5  :   111111111111101100000000010101110000000011100110;
	21E6  :   111111111111110000000000010101000000000011100110;
	21E7  :   111111111111101100000000010100110000000011100001;
	21E8  :   111111111111111000000000010110010000000011100000;
	21E9  :   000000000000000000000000010110000000000011011110;
	21EA  :   111111111111111000000000010100000000000011100000;
	21EB  :   111111111111110000000000010101000000000011100011;
	21EC  :   111111111111111000000000010101110000000011011111;
	21ED  :   111111111111101000000000010100100000000011100001;
	21EE  :   111111111111110100000000010011100000000011011100;
	21EF  :   111111111111101000000000010100110000000011011111;
	21F0  :   111111111111011000000000010101110000000011100000;
	21F1  :   111111111111001000000000010101010000000011110000;
	21F2  :   111111111110100100000000010101100000000011111101;
	21F3  :   111111111110111000000000010011110000000011111010;
	21F4  :   111111111111010000000000010100110000000011111010;
	21F5  :   111111111111101000000000010110110000000011101101;
	21F6  :   111111111111110100000000010110110000000011101010;
	21F7  :   111111111111101100000000010111010000000011101010;
	21F8  :   111111111111110100000000010111000000000011101000;
	21F9  :   111111111111110100000000010101100000000011100111;
	21FA  :   111111111111110000000000010111000000000011101010;
	21FB  :   111111111111101100000000010111010000000011100110;
	21FC  :   111111111111111000000000010110100000000011101011;
	21FD  :   111111111111100000000000010110000000000011101101;
	21FE  :   111111111111110000000000010101110000000011101011;
	21FF  :   111111111111101000000000010110010000000011101101;
	2200  :   111111111111110100000000010101110000000011101011;
	2201  :   111111111111111000000000010101100000000011100110;
	2202  :   111111111111111000000000010101100000000011101001;
	2203  :   000000000000000000000000010101100000000011101000;
	2204  :   000000000000000100000000010101100000000011100111;
	2205  :   111111111111111000000000010101010000000011100110;
	2206  :   111111111111110100000000010101010000000011100110;
	2207  :   111111111111111100000000010101100000000011100111;
	2208  :   111111111111111100000000010110000000000011100011;
	2209  :   111111111111111100000000010101100000000011100101;
	220A  :   000000000000000100000000010110100000000011100100;
	220B  :   000000000000000000000000010101000000000011100011;
	220C  :   111111111111110100000000010101010000000011100011;
	220D  :   000000000000000000000000010101100000000011100111;
	220E  :   111111111111111100000000010101010000000011100010;
	220F  :   000000000000001000000000010101010000000011011111;
	2210  :   000000000000001000000000010101110000000011100001;
	2211  :   000000000000000000000000010101000000000011011100;
	2212  :   000000000000000100000000010101100000000011011111;
	2213  :   000000000000000100000000010101110000000011100010;
	2214  :   000000000000001100000000010101010000000011100010;
	2215  :   111111111111111100000000010101010000000011100000;
	2216  :   000000000000000000000000010101110000000011011111;
	2217  :   111111111111111100000000010101010000000011011100;
	2218  :   000000000000000000000000010110000000000011100011;
	2219  :   111111111111110100000000010101010000000011100000;
	221A  :   111111111111110100000000010101110000000011100110;
	221B  :   000000000000000100000000010101100000000011100101;
	221C  :   111111111111101100000000010101010000000011100011;
	221D  :   111111111111110100000000010101100000000011101001;
	221E  :   111111111111101000000000010110010000000011100110;
	221F  :   111111111111101000000000010101000000000011101010;
	2220  :   111111111111110000000000010101110000000011101010;
	2221  :   111111111111110000000000010110000000000011101001;
	2222  :   111111111111110100000000010100110000000011101000;
	2223  :   111111111111110000000000010100110000000011101110;
	2224  :   111111111111111100000000010110010000000011101001;
	2225  :   111111111111110100000000010101000000000011100011;
	2226  :   111111111111110100000000010100110000000011101001;
	2227  :   111111111111110000000000010101010000000011101000;
	2228  :   111111111111110000000000010101110000000011100111;
	2229  :   111111111111101100000000010110000000000011100101;
	222A  :   111111111111111100000000010100110000000011100111;
	222B  :   111111111111110000000000010101100000000011100011;
	222C  :   111111111111111000000000010101110000000011100001;
	222D  :   111111111111111100000000010110110000000011101010;
	222E  :   111111111111101000000000010110000000000011101101;
	222F  :   111111111111110000000000010101100000000011101001;
	2230  :   111111111111101000000000010110010000000011101010;
	2231  :   111111111111110000000000010100110000000011100001;
	2232  :   111111111111101100000000010110010000000011101000;
	2233  :   111111111111110100000000010110000000000011100011;
	2234  :   111111111111110100000000010100100000000011100011;
	2235  :   111111111111111000000000010100110000000011101010;
	2236  :   111111111111111000000000010101010000000011101001;
	2237  :   111111111111111000000000010110000000000011100110;
	2238  :   111111111111101000000000010101010000000011101000;
	2239  :   111111111111111000000000010101110000000011100111;
	223A  :   111111111111110100000000010101000000000011100110;
	223B  :   000000000000000100000000010110010000000011100111;
	223C  :   111111111111111000000000010110010000000011101000;
	223D  :   000000000000000000000000010101000000000011100110;
	223E  :   000000000000000000000000010101100000000011101010;
	223F  :   000000000000000000000000010110110000000011101001;
	2240  :   000000000000000000000000010101100000000011100111;
	2241  :   000000000000000100000000010101110000000011100110;
	2242  :   111111111111111000000000010110000000000011100101;
	2243  :   000000000000000100000000010101100000000011101101;
	2244  :   000000000000000000000000010101010000000011101101;
	2245  :   000000000000000000000000010110100000000011100110;
	2246  :   111111111111101000000000010110100000000011100111;
	2247  :   111111111111111100000000010101110000000011101001;
	2248  :   000000000000000000000000010101100000000011100110;
	2249  :   111111111111101000000000010101110000000011100100;
	224A  :   000000000000000000000000010110000000000011100110;
	224B  :   111111111111110000000000010101010000000011101001;
	224C  :   111111111111110000000000010101110000000011100100;
	224D  :   111111111111101000000000010110010000000011100101;
	224E  :   111111111111110100000000010111000000000011100011;
	224F  :   111111111111110000000000010101110000000011100110;
	2250  :   111111111111101000000000010101100000000011100110;
	2251  :   111111111111110000000000010110000000000011100011;
	2252  :   111111111111111000000000010101010000000011100111;
	2253  :   111111111111110100000000010110000000000011100101;
	2254  :   111111111111110000000000010110010000000011100001;
	2255  :   111111111111110000000000010110010000000011100100;
	2256  :   111111111111100100000000010110000000000011101000;
	2257  :   111111111111110100000000010101110000000011100111;
	2258  :   111111111111110100000000010101010000000011100011;
	2259  :   111111111111101100000000010110000000000011100100;
	225A  :   111111111111111100000000010110000000000011100111;
	225B  :   111111111111111100000000010101100000000011100111;
	225C  :   111111111111101100000000010110000000000011100110;
	225D  :   111111111111101100000000010101000000000011100101;
	225E  :   111111111111110000000000010110000000000011101000;
	225F  :   111111111111111100000000010101010000000011101010;
	2260  :   111111111111111000000000010101010000000011100111;
	2261  :   111111111111111000000000010110010000000011101100;
	2262  :   111111111111110100000000010101010000000011101100;
	2263  :   111111111111111100000000010110000000000011101000;
	2264  :   111111111111111000000000010110100000000011101001;
	2265  :   111111111111111000000000010101100000000011110001;
	2266  :   111111111111111100000000010101110000000011101100;
	2267  :   111111111111111100000000010101110000000011101011;
	2268  :   111111111111111000000000010110000000000011100111;
	2269  :   111111111111110100000000010110000000000011101000;
	226A  :   000000000000000100000000010110010000000011101011;
	[226B..226C]  :   111111111111111100000000010110110000000011100101;
	226D  :   111111111111111100000000010110000000000011100111;
	226E  :   111111111111101000000000010101110000000011100100;
	226F  :   111111111111011000000000010110110000000011101001;
	2270  :   111111111111110100000000010110000000000011101000;
	2271  :   111111111111101000000000010111000000000011100100;
	2272  :   111111111111110000000000010110100000000011101000;
	2273  :   111111111111111100000000010110110000000011100101;
	2274  :   111111111111101000000000010111010000000011100111;
	2275  :   111111111111111000000000010110110000000011100111;
	2276  :   000000000000000100000000010110000000000011100011;
	2277  :   000000000000000100000000010110100000000011100000;
	2278  :   000000000000000000000000010110100000000011100001;
	2279  :   111111111111111100000000010110100000000011100011;
	227A  :   000000000000000100000000010110010000000011100101;
	227B  :   000000000000001000000000010110110000000011100001;
	227C  :   000000000000000000000000010110100000000011101001;
	227D  :   111111111111111100000000010110110000000011101000;
	227E  :   000000000000001000000000010111000000000011100011;
	227F  :   000000000000001100000000010110100000000011100101;
	2280  :   000000000000001100000000010110100000000011100100;
	2281  :   000000000000001100000000010110110000000011100110;
	2282  :   000000000000001000000000010110010000000011100011;
	2283  :   000000000000000100000000010110010000000011100010;
	2284  :   000000000000010000000000010111010000000011100101;
	2285  :   000000000000000100000000010110000000000011100100;
	2286  :   000000000000001000000000010110100000000011100111;
	2287  :   000000000000001000000000010101110000000011100000;
	2288  :   000000000000000100000000010110110000000011100100;
	2289  :   000000000000001100000000010110100000000011100101;
	228A  :   000000000000001000000000010110010000000011100010;
	228B  :   000000000000000000000000010101010000000011100100;
	228C  :   111111111111111100000000010101100000000011011011;
	228D  :   000000000000001100000000010110110000000011011001;
	228E  :   000000000000001100000000010110100000000011011101;
	228F  :   000000000000000000000000010110010000000011011110;
	2290  :   111111111111111100000000010110010000000011100000;
	2291  :   111111111111110000000000010110110000000011011101;
	2292  :   111111111111111000000000010110010000000011100011;
	2293  :   111111111111100000000000010111000000000011100001;
	2294  :   111111111111101100000000010110010000000011100110;
	2295  :   111111111111101000000000010110110000000011100011;
	2296  :   111111111111101000000000010110110000000011101001;
	2297  :   111111111111101100000000010110000000000011101011;
	2298  :   111111111111110000000000010110110000000011101000;
	2299  :   111111111111101100000000010110000000000011110000;
	229A  :   111111111111101000000000010110110000000011101011;
	229B  :   111111111111101100000000010111100000000011100111;
	229C  :   111111111111110000000000010110010000000011101001;
	229D  :   111111111111101000000000010110000000000011101000;
	229E  :   111111111111101100000000010110100000000011100110;
	229F  :   111111111111100000000000010110010000000011100111;
	22A0  :   111111111111101100000000010101110000000011100111;
	22A1  :   111111111111101000000000010110110000000011101000;
	22A2  :   111111111111111000000000010101010000000011100100;
	22A3  :   111111111111110100000000010110000000000011011111;
	22A4  :   111111111111111000000000010110010000000011100011;
	22A5  :   111111111111111000000000010110100000000011100010;
	22A6  :   000000000000000000000000010110000000000011100101;
	22A7  :   000000000000000100000000010110100000000011100101;
	22A8  :   111111111111110100000000010110000000000011100110;
	22A9  :   111111111111110100000000010110010000000011100101;
	22AA  :   111111111111110100000000010110000000000011100110;
	22AB  :   111111111111110000000000010111110000000011100111;
	22AC  :   111111111111111000000000010110010000000011100001;
	22AD  :   111111111111110100000000010101110000000011100001;
	22AE  :   000000000000000100000000010110010000000011100110;
	22AF  :   000000000000000100000000010101010000000011101001;
	22B0  :   000000000000000000000000010110000000000011011110;
	22B1  :   000000000000000100000000010111000000000011100011;
	22B2  :   000000000000000000000000010111100000000011011110;
	22B3  :   000000000000000100000000010110100000000011101000;
	22B4  :   000000000000000000000000010110000000000011100001;
	22B5  :   000000000000001000000000010110100000000011011110;
	22B6  :   000000000000000000000000010100110000000011011011;
	22B7  :   000000000000000100000000010110000000000011011100;
	22B8  :   111111111111111000000000010111000000000011011001;
	22B9  :   000000000000000100000000010101100000000011100001;
	22BA  :   111111111111111100000000010101100000000011011111;
	22BB  :   111111111111111100000000010110010000000011100011;
	22BC  :   000000000000001100000000010101010000000011100110;
	22BD  :   000000000000000000000000010110010000000011100011;
	22BE  :   000000000000000000000000010110010000000011100010;
	22BF  :   000000000000000100000000010110110000000011100100;
	22C0  :   111111111111111100000000010110110000000011100010;
	22C1  :   111111111111111000000000010110110000000011100101;
	22C2  :   111111111111111100000000010110000000000011100100;
	22C3  :   111111111111110100000000010111010000000011100011;
	22C4  :   111111111111111000000000010110010000000011101101;
	22C5  :   111111111111111000000000010111000000000011100111;
	22C6  :   111111111111110100000000010101110000000011101010;
	22C7  :   111111111111101000000000010110110000000011100101;
	22C8  :   111111111111111000000000010110100000000011101100;
	22C9  :   111111111111101100000000010110100000000011101101;
	22CA  :   111111111111101100000000010110010000000011110010;
	22CB  :   111111111111111100000000010111000000000011101110;
	22CC  :   111111111111111100000000010110110000000011110001;
	22CD  :   111111111111101000000000010110110000000011101111;
	22CE  :   000000000000000000000000010111010000000011101001;
	22CF  :   111111111111111000000000010110010000000011101011;
	22D0  :   111111111111111100000000010110000000000011101100;
	22D1  :   111111111111111100000000010110100000000011101001;
	22D2  :   111111111111111100000000010110010000000011110001;
	22D3  :   111111111111100000000000010110100000000011101011;
	22D4  :   111111111111111000000000010110010000000011100111;
	22D5  :   111111111111111000000000010110110000000011101000;
	22D6  :   111111111111111000000000010111110000000011100111;
	22D7  :   000000000000000000000000010111110000000011100100;
	22D8  :   111111111111111100000000010110100000000011100001;
	22D9  :   111111111111111000000000010101100000000011011110;
	22DA  :   111111111111111000000000010110100000000011100010;
	22DB  :   111111111111111000000000010111000000000011100001;
	22DC  :   000000000000000000000000010110100000000011100000;
	22DD  :   000000000000000100000000010110110000000011100011;
	22DE  :   000000000000001000000000010110010000000011100000;
	22DF  :   000000000000001000000000010110000000000011011110;
	22E0  :   111111111111111000000000010110010000000011011100;
	22E1  :   000000000000000100000000010101000000000011100000;
	22E2  :   000000000000001000000000010111000000000011011110;
	22E3  :   000000000000000100000000010110010000000011100001;
	22E4  :   000000000000000000000000010101010000000011100110;
	22E5  :   000000000000000100000000010101110000000011011111;
	22E6  :   000000000000001000000000010101010000000011100010;
	22E7  :   000000000000000100000000010110010000000011100100;
	22E8  :   111111111111111100000000010110010000000011100011;
	22E9  :   111111111111111000000000010110110000000011011111;
	22EA  :   000000000000000000000000010101100000000011100100;
	22EB  :   000000000000000000000000010110110000000011100000;
	22EC  :   000000000000001000000000010110010000000011100100;
	22ED  :   000000000000000000000000010111000000000011101000;
	22EE  :   111111111111111100000000010110100000000011100010;
	22EF  :   111111111111110100000000010110000000000011100101;
	22F0  :   000000000000000000000000010110100000000011100111;
	22F1  :   000000000000000000000000010110100000000011100100;
	22F2  :   111111111111110100000000010110100000000011100011;
	22F3  :   111111111111111000000000010111000000000011100111;
	22F4  :   111111111111111100000000010111000000000011100010;
	22F5  :   111111111111110100000000010111010000000011100010;
	22F6  :   111111111111111100000000010110000000000011101011;
	22F7  :   111111111111110000000000010110000000000011101001;
	22F8  :   111111111111110100000000010101110000000011101111;
	22F9  :   111111111111110100000000010111000000000011101101;
	22FA  :   111111111111110000000000010110010000000011101100;
	22FB  :   111111111111110000000000010111000000000011101000;
	22FC  :   111111111111110100000000010110110000000011101011;
	22FD  :   111111111111100100000000010110110000000011101100;
	22FE  :   000000000000000000000000010110100000000011100111;
	22FF  :   111111111111110000000000010111000000000011100110;
	2300  :   000000000000000000000000010110010000000011100101;
	2301  :   111111111111111000000000010110110000000011101100;
	2302  :   111111111111111100000000010110110000000011101000;
	2303  :   000000000000000100000000010110100000000011100101;
	2304  :   000000000000000000000000010110010000000011100100;
	2305  :   111111111111111100000000010110010000000011100101;
	2306  :   111111111111111100000000010111100000000011100000;
	2307  :   111111111111110100000000010110010000000011100110;
	2308  :   000000000000000000000000010101110000000011100011;
	2309  :   000000000000000000000000010110010000000011100010;
	230A  :   000000000000000000000000010110010000000011100100;
	230B  :   111111111111111100000000010111100000000011100001;
	230C  :   111111111111111000000000010110000000000011100100;
	230D  :   000000000000000100000000010110000000000011100010;
	230E  :   000000000000000100000000010100110000000011100001;
	230F  :   000000000000000100000000010110010000000011100000;
	2310  :   111111111111111100000000010110000000000011100000;
	2311  :   000000000000001000000000010110100000000011100101;
	2312  :   111111111111111100000000010110110000000011100100;
	2313  :   111111111111110100000000010110100000000011011111;
	2314  :   000000000000000100000000010101110000000011011110;
	2315  :   000000000000000000000000010110000000000011011110;
	2316  :   000000000000000000000000010101110000000011100011;
	2317  :   000000000000000000000000010110110000000011101001;
	2318  :   000000000000000100000000010101100000000011101010;
	2319  :   000000000000000000000000010111000000000011101000;
	231A  :   000000000000000000000000010110010000000011100110;
	231B  :   000000000000001000000000010101100000000011100000;
	231C  :   111111111111111100000000010111010000000011100011;
	231D  :   000000000000000000000000010111000000000011100011;
	231E  :   111111111111110100000000010110100000000011100111;
	231F  :   111111111111111000000000010110110000000011100011;
	2320  :   000000000000000000000000010110110000000011101000;
	2321  :   111111111111111000000000010110010000000011100111;
	2322  :   111111111111111100000000010101100000000011100100;
	2323  :   111111111111110100000000010111000000000011100011;
	2324  :   111111111111110100000000010111000000000011101011;
	2325  :   111111111111111000000000010110110000000011100011;
	2326  :   000000000000000000000000010110100000000011100111;
	2327  :   111111111111111100000000010110100000000011100101;
	2328  :   111111111111110100000000010110100000000011101000;
	2329  :   111111111111111000000000010101110000000011100010;
	232A  :   111111111111110000000000010110010000000011100110;
	232B  :   111111111111101100000000010110010000000011100011;
	232C  :   111111111111110000000000010110100000000011100011;
	232D  :   000000000000000100000000010110100000000011100111;
	232E  :   111111111111111100000000010111010000000011100010;
	232F  :   111111111111110100000000010111000000000011100101;
	2330  :   111111111111111000000000010111010000000011100100;
	2331  :   000000000000000100000000010111000000000011100111;
	2332  :   111111111111111000000000010110110000000011100101;
	2333  :   111111111111101100000000010110010000000011100111;
	2334  :   111111111111110000000000010110000000000011100100;
	2335  :   111111111111110100000000010111000000000011100110;
	2336  :   111111111111110000000000010110010000000011101001;
	2337  :   000000000000000000000000010110100000000011101010;
	2338  :   111111111111101000000000010101110000000011100110;
	2339  :   111111111111110100000000010101110000000011101000;
	233A  :   000000000000000000000000010101110000000011100110;
	233B  :   111111111111111100000000010110110000000011100110;
	233C  :   000000000000000000000000010110010000000011100011;
	233D  :   111111111111110100000000010101110000000011100010;
	233E  :   111111111111110100000000010101110000000011101001;
	233F  :   000000000000000100000000010101110000000011100110;
	2340  :   000000000000001000000000010110100000000011100111;
	2341  :   000000000000001000000000010110000000000011100010;
	2342  :   111111111111111100000000010110000000000011100000;
	2343  :   111111111111111000000000010101110000000011100011;
	2344  :   000000000000001000000000010110110000000011100100;
	2345  :   000000000000000000000000010101110000000011011101;
	2346  :   000000000000000000000000010111100000000011100001;
	2347  :   111111111111111100000000010101010000000011100110;
	2348  :   000000000000000000000000010110100000000011100011;
	2349  :   000000000000000100000000010110110000000011100010;
	234A  :   111111111111110100000000010110110000000011100010;
	234B  :   111111111111111000000000010110100000000011100001;
	234C  :   111111111111101100000000010101000000000011100011;
	234D  :   111111111111111100000000010101100000000011100101;
	234E  :   111111111111111000000000010101110000000011100100;
	234F  :   111111111111111000000000010110100000000011100111;
	2350  :   111111111111110100000000010110010000000011100100;
	2351  :   111111111111111000000000010110000000000011100000;
	2352  :   000000000000000000000000010110000000000011100101;
	2353  :   000000000000000100000000010101110000000011100101;
	2354  :   111111111111110100000000010110110000000011100100;
	2355  :   111111111111110100000000010110010000000011100011;
	2356  :   111111111111111000000000010111000000000011100010;
	2357  :   000000000000000000000000010110010000000011100111;
	2358  :   000000000000000000000000010111100000000011100101;
	2359  :   111111111111111100000000010101110000000011101011;
	235A  :   111111111111111100000000010101110000000011100100;
	235B  :   111111111111110000000000010101110000000011100011;
	235C  :   111111111111111000000000010110000000000011101000;
	235D  :   111111111111110100000000010101110000000011100100;
	235E  :   111111111111111000000000010110010000000011101000;
	235F  :   111111111111111100000000010110010000000011100110;
	2360  :   111111111111110100000000010101110000000011100100;
	2361  :   111111111111110000000000010110100000000011100100;
	2362  :   111111111111110000000000010110100000000011101100;
	2363  :   111111111111111100000000010101000000000011100110;
	2364  :   000000000000000000000000010110100000000011101101;
	2365  :   111111111111111000000000010101100000000011100110;
	2366  :   111111111111111000000000010110010000000011100111;
	2367  :   000000000000001000000000010111010000000011101101;
	2368  :   000000000000000000000000010111000000000011101100;
	2369  :   000000000000000000000000010111000000000011101000;
	236A  :   111111111111111000000000010110000000000011101001;
	236B  :   111111111111111000000000010110010000000011101001;
	236C  :   000000000000000000000000010101100000000011101011;
	236D  :   111111111111111000000000010101100000000011100111;
	236E  :   000000000000000000000000010111010000000011101100;
	236F  :   111111111111110000000000010110100000000011101001;
	2370  :   000000000000000000000000010110010000000011100010;
	2371  :   000000000000000000000000010110010000000011100011;
	2372  :   000000000000000000000000010110100000000011100110;
	2373  :   111111111111111100000000010101110000000011101000;
	2374  :   111111111111110000000000010101110000000011100110;
	2375  :   111111111111111000000000010110100000000011100000;
	2376  :   000000000000000000000000010111000000000011100011;
	2377  :   111111111111111100000000010110100000000011100011;
	2378  :   111111111111111100000000010101100000000011100101;
	2379  :   111111111111110100000000010101100000000011100101;
	237A  :   000000000000000000000000010101110000000011100100;
	237B  :   111111111111100000000000010110000000000011100100;
	237C  :   111111111111101000000000010110010000000011100100;
	237D  :   111111111111111100000000010110010000000011100111;
	237E  :   111111111111110000000000010110100000000011100111;
	237F  :   111111111111100100000000010111010000000011101001;
	2380  :   000000000000000000000000010110100000000011101000;
	2381  :   111111111111100000000000010110010000000011100010;
	2382  :   111111111111110000000000010110010000000011101001;
	2383  :   111111111111111000000000010110000000000011100100;
	2384  :   111111111111100000000000010110110000000011101001;
	2385  :   111111111111110000000000010101110000000011101010;
	2386  :   111111111111100000000000010101100000000011101001;
	2387  :   111111111111111000000000010101110000000011101000;
	2388  :   111111111111111000000000010111000000000011100100;
	2389  :   000000000000000100000000010110110000000011101001;
	238A  :   111111111111111000000000010110100000000011100101;
	238B  :   111111111111101100000000010110000000000011100001;
	238C  :   111111111111110100000000010110000000000011100111;
	238D  :   111111111111100000000000010110010000000011101000;
	238E  :   111111111111110000000000010110100000000011100101;
	238F  :   111111111111110100000000010111100000000011100011;
	2390  :   111111111111110000000000010110010000000011100100;
	2391  :   000000000000000000000000010110000000000011101001;
	2392  :   111111111111111100000000010101000000000011100011;
	2393  :   000000000000000100000000010110110000000011100101;
	2394  :   111111111111111000000000010110100000000011100110;
	2395  :   111111111111111000000000010110110000000011100100;
	2396  :   111111111111111000000000010101110000000011100011;
	2397  :   000000000000000100000000010111010000000011101000;
	2398  :   000000000000000000000000011000010000000011100111;
	2399  :   111111111111111000000000010110010000000011100111;
	239A  :   111111111111100100000000010110010000000011100110;
	239B  :   111111111111110000000000010101000000000011100010;
	239C  :   111111111111110000000000010101010000000011100110;
	239D  :   111111111111110000000000010101110000000011100000;
	239E  :   111111111111111100000000010101000000000011100011;
	[239F..23A0]  :   000000000000000000000000010110010000000011100011;
	23A1  :   000000000000000100000000010110100000000011101010;
	23A2  :   111111111111110100000000010110000000000011101000;
	23A3  :   000000000000000100000000010101100000000011100001;
	23A4  :   000000000000000000000000010101110000000011101000;
	23A5  :   111111111111111000000000010110110000000011100101;
	23A6  :   000000000000000000000000010111100000000011100100;
	23A7  :   111111111111110100000000010110010000000011100011;
	23A8  :   111111111111111100000000010110100000000011101000;
	23A9  :   111111111111110000000000010110000000000011101001;
	23AA  :   111111111111110100000000010110010000000011101001;
	[23AB..23AC]  :   111111111111110100000000010110010000000011100111;
	23AD  :   111111111111110000000000010101110000000011100101;
	23AE  :   111111111111110100000000010110100000000011101001;
	23AF  :   111111111111111100000000010101110000000011100111;
	23B0  :   111111111111110100000000010110000000000011101011;
	23B1  :   111111111111111100000000010110110000000011100100;
	23B2  :   111111111111111000000000010100100000000011011111;
	23B3  :   111111111111110100000000010110100000000011100101;
	23B4  :   111111111111100100000000010101100000000011100000;
	23B5  :   000000000000000000000000010110000000000011100000;
	23B6  :   111111111111110100000000010110100000000011101001;
	23B7  :   111111111111110000000000010101100000000011100010;
	23B8  :   111111111111111000000000010101100000000011100011;
	23B9  :   111111111111110000000000010110110000000011100011;
	23BA  :   111111111111101100000000010110000000000011100101;
	23BB  :   111111111111110000000000010110010000000011100001;
	23BC  :   111111111111111100000000010110100000000011100010;
	23BD  :   111111111111101000000000010110000000000011100000;
	23BE  :   111111111111111000000000010110000000000011100100;
	23BF  :   000000000000000000000000010110100000000011100101;
	23C0  :   111111111111110000000000010110010000000011011101;
	23C1  :   000000000000001000000000010110010000000011100100;
	23C2  :   111111111111110100000000010110010000000011100100;
	23C3  :   111111111111110100000000010110010000000011100110;
	23C4  :   000000000000000100000000010110000000000011100111;
	23C5  :   111111111111110100000000010101110000000011100100;
	23C6  :   111111111111110100000000010111000000000011100111;
	23C7  :   000000000000000100000000010111000000000011100010;
	23C8  :   111111111111110100000000010110100000000011101000;
	23C9  :   111111111111111000000000010101100000000011101001;
	23CA  :   000000000000000100000000010101110000000011100110;
	23CB  :   111111111111111000000000010111000000000011100111;
	23CC  :   000000000000001000000000010110110000000011100111;
	23CD  :   111111111111111100000000010110010000000011100110;
	23CE  :   000000000000000000000000010101110000000011101011;
	23CF  :   000000000000000000000000010110000000000011100101;
	23D0  :   000000000000000000000000010110000000000011101001;
	23D1  :   000000000000000000000000010110000000000011100101;
	23D2  :   000000000000000000000000010110100000000011101010;
	23D3  :   111111111111111100000000010101100000000011101100;
	23D4  :   111111111111110100000000010110000000000011101011;
	23D5  :   111111111111101100000000010110000000000011101010;
	23D6  :   111111111111111000000000010110000000000011101011;
	23D7  :   111111111111100000000000010101110000000011101100;
	23D8  :   111111111111110100000000010110010000000011101001;
	23D9  :   111111111111110000000000010101100000000011101000;
	23DA  :   111111111111111100000000010110010000000011101001;
	23DB  :   111111111111110100000000010101100000000011101001;
	23DC  :   111111111111111000000000010110010000000011101010;
	23DD  :   111111111111111100000000010110000000000011101001;
	23DE  :   111111111111110000000000010110010000000011100110;
	23DF  :   111111111111110100000000010101110000000011100111;
	23E0  :   000000000000000000000000010110110000000011100100;
	23E1  :   000000000000001100000000010101010000000011100101;
	23E2  :   111111111111111000000000010110000000000011100001;
	23E3  :   111111111111110000000000010110010000000011100000;
	23E4  :   111111111111111100000000010111000000000011011100;
	23E5  :   111111111111111000000000010101110000000011100100;
	23E6  :   111111111111110100000000010111000000000011100100;
	23E7  :   111111111111110100000000010110100000000011100000;
	23E8  :   111111111111110000000000010110000000000011100001;
	23E9  :   111111111111110100000000010110000000000011100001;
	23EA  :   000000000000000000000000010101100000000011100101;
	23EB  :   111111111111101100000000010110110000000011100110;
	23EC  :   111111111111100100000000010110000000000011100101;
	23ED  :   111111111111110100000000010110100000000011110000;
	23EE  :   000000000000000100000000010110110000000011101001;
	23EF  :   111111111111111000000000010101010000000011100101;
	23F0  :   111111111111111100000000010110010000000011101000;
	23F1  :   111111111111111100000000010110100000000011100101;
	23F2  :   111111111111110100000000010110010000000011100111;
	23F3  :   000000000000000000000000010110000000000011100111;
	23F4  :   111111111111111000000000010110000000000011101100;
	23F5  :   111111111111101000000000010110000000000011100010;
	23F6  :   111111111111110100000000010111000000000011101000;
	23F7  :   000000000000000000000000010101110000000011101001;
	23F8  :   111111111111110100000000010110100000000011100111;
	23F9  :   111111111111110000000000010110100000000011101000;
	23FA  :   111111111111101100000000010101100000000011100100;
	23FB  :   111111111111110000000000010101100000000011011111;
	23FC  :   111111111111111100000000010101110000000011100100;
	23FD  :   111111111111111100000000010110010000000011101010;
	23FE  :   000000000000000000000000010110110000000011100100;
	23FF  :   111111111111100100000000010110100000000011100101;
	2400  :   000000000000000100000000010100100000000011101001;
	2401  :   111111111111110100000000010011100000000011100011;
	2402  :   000000000000000000000000010011100000000011101011;
	2403  :   000000000000000000000000010011100000000011100111;
	2404  :   000000000000000100000000010011110000000011100101;
	2405  :   000000000000000100000000010101100000000011100111;
	2406  :   111111111111111000000000010100110000000011100100;
	2407  :   111111111111110100000000010011010000000011100100;
	[2408..2409]  :   111111111111111100000000010011110000000011011101;
	240A  :   111111111111101000000000010011110000000011100010;
	240B  :   111111111111110000000000010100000000000011100000;
	240C  :   111111111111011100000000010100000000000011100010;
	240D  :   111111111111011100000000010011110000000011100010;
	240E  :   111111111111100100000000010100110000000011100010;
	240F  :   111111111111111000000000010011110000000011100010;
	2410  :   111111111111101100000000010011110000000011100100;
	2411  :   111111111111101000000000010011100000000011100010;
	2412  :   111111111111100100000000010011000000000011100101;
	2413  :   111111111111101000000000010101100000000011100110;
	2414  :   111111111111011000000000010100100000000011101010;
	2415  :   111111111111010000000000010100110000000011101010;
	2416  :   111111111111001000000000010100010000000011100111;
	2417  :   111111111111010000000000010011000000000011110001;
	2418  :   111111111111011000000000010100000000000011101101;
	2419  :   111111111110111100000000010100110000000011110101;
	241A  :   111111111110111000000000010101000000000011110011;
	241B  :   111111111110111000000000010100110000000011110011;
	241C  :   111111111111001000000000010101010000000011110001;
	241D  :   111111111110110000000000010101100000000011110100;
	241E  :   111111111110110100000000010101100000000011110000;
	241F  :   111111111111000000000000010100100000000011110100;
	2420  :   111111111111000000000000010101100000000011110100;
	2421  :   111111111111011000000000010101010000000011110101;
	2422  :   111111111110111100000000010101110000000011111000;
	2423  :   111111111111001000000000010100110000000011110010;
	2424  :   111111111111000000000000010011110000000011110000;
	2425  :   111111111111010000000000010011110000000011101101;
	2426  :   111111111111011000000000010100010000000011110001;
	2427  :   111111111111011100000000010100110000000011101101;
	2428  :   111111111111101100000000010011100000000011101000;
	2429  :   111111111111110100000000010011110000000011101000;
	242A  :   111111111111110000000000010011000000000011100010;
	242B  :   111111111111100100000000010100000000000011100010;
	242C  :   111111111111101100000000010011110000000011101001;
	242D  :   111111111111110100000000010011010000000011100100;
	242E  :   111111111111111100000000010100010000000011100001;
	242F  :   111111111111101000000000010100100000000011011110;
	2430  :   111111111111100100000000010100000000000011100000;
	2431  :   111111111111101100000000010100110000000011011001;
	2432  :   111111111111101000000000010100000000000011100101;
	2433  :   111111111111100100000000010011100000000011011110;
	2434  :   111111111111100000000000010100010000000011100001;
	2435  :   111111111111011000000000010100100000000011011011;
	2436  :   111111111111100000000000010011110000000011100101;
	2437  :   111111111111100100000000010100100000000011011110;
	2438  :   111111111111011100000000010100010000000011011111;
	2439  :   111111111111001100000000010100100000000011100000;
	243A  :   111111111111001100000000010011110000000011011011;
	243B  :   111111111111011000000000010100000000000011100010;
	243C  :   111111111111010000000000010100010000000011100110;
	243D  :   111111111111001000000000010100110000000011100100;
	243E  :   111111111111001100000000010100110000000011100110;
	243F  :   111111111111001100000000010101100000000011101100;
	2440  :   111111111111100100000000010101100000000011101100;
	2441  :   111111111111001000000000010101110000000011110110;
	2442  :   111111111111000000000000010101000000000011110100;
	2443  :   111111111110111000000000010011110000000011110000;
	2444  :   111111111111000100000000010101000000000011110110;
	2445  :   111111111111001000000000010110000000000011110011;
	2446  :   111111111111001000000000010100000000000011110100;
	2447  :   111111111111000000000000010101100000000011110011;
	2448  :   111111111110111100000000010100100000000011110100;
	2449  :   111111111111000100000000010100010000000011110010;
	244A  :   111111111111000000000000010100100000000011110000;
	244B  :   111111111111001100000000010100100000000011101100;
	244C  :   111111111111010100000000010100000000000011110010;
	244D  :   111111111111001100000000010011110000000011101110;
	244E  :   111111111111010000000000010100010000000011101011;
	244F  :   111111111111000100000000010100010000000011101011;
	2450  :   111111111111010100000000010011010000000011100101;
	2451  :   111111111111001100000000010100010000000011100111;
	2452  :   111111111111101000000000010101000000000011100001;
	2453  :   111111111111011100000000010100010000000011100100;
	2454  :   111111111111000000000000010100100000000011100011;
	2455  :   111111111111001000000000010011110000000011100011;
	2456  :   111111111111100000000000010101000000000011011111;
	2457  :   111111111111001100000000010100010000000011011111;
	2458  :   111111111111011100000000010100000000000011100100;
	2459  :   111111111111011100000000010011010000000011011101;
	245A  :   111111111111000100000000010100000000000011100011;
	245B  :   111111111111010000000000010011110000000011100110;
	245C  :   111111111111000100000000010100000000000011100111;
	245D  :   111111111111011000000000010100110000000011100110;
	245E  :   111111111111000100000000010100010000000011100110;
	245F  :   111111111111011100000000010100000000000011101001;
	2460  :   111111111111100000000000010011110000000011100101;
	2461  :   111111111111010100000000010011010000000011100111;
	2462  :   111111111111010100000000010100010000000011101011;
	2463  :   111111111111000100000000010011110000000011100111;
	2464  :   111111111111001000000000010010110000000011110010;
	2465  :   111111111111001100000000010011010000000011101110;
	2466  :   111111111111001100000000010101010000000011110001;
	2467  :   111111111111010000000000010100110000000011101010;
	2468  :   111111111111001000000000010101010000000011101110;
	2469  :   111111111111000000000000010100100000000011101100;
	246A  :   111111111111011100000000010101000000000011101101;
	246B  :   111111111111010100000000010100000000000011101111;
	246C  :   111111111111010000000000010101000000000011101010;
	246D  :   111111111111010100000000010101010000000011101000;
	246E  :   111111111111010000000000010100000000000011101111;
	246F  :   111111111111010100000000010101010000000011101000;
	2470  :   111111111111100100000000010011000000000011101010;
	2471  :   111111111111100100000000010011100000000011100110;
	2472  :   111111111111001100000000010100110000000011100101;
	2473  :   111111111111100000000000010011010000000011100101;
	2474  :   111111111111011000000000010011000000000011101000;
	2475  :   111111111111010100000000010011010000000011100110;
	2476  :   111111111111011000000000010011010000000011100011;
	2477  :   111111111111100000000000010011100000000011101001;
	2478  :   111111111111010100000000010011110000000011100110;
	2479  :   111111111111101000000000010100010000000011100101;
	247A  :   111111111111011000000000010011010000000011101001;
	247B  :   111111111111011000000000010011110000000011100010;
	247C  :   111111111111000100000000010100000000000011100011;
	247D  :   111111111111100000000000010100100000000011100010;
	247E  :   111111111111011100000000010100010000000011100010;
	247F  :   111111111111011000000000010100110000000011100111;
	2480  :   111111111111010000000000010011010000000011100001;
	2481  :   111111111111010000000000010011010000000011100101;
	2482  :   111111111111010000000000010011000000000011100001;
	2483  :   111111111111010100000000010011100000000011100110;
	2484  :   111111111111001000000000010011110000000011100000;
	2485  :   111111111110110100000000010100000000000011100110;
	2486  :   111111111111000000000000010100010000000011101011;
	2487  :   111111111111001100000000010100010000000011100110;
	2488  :   111111111111000100000000010101000000000011101011;
	2489  :   111111111111000100000000010100000000000011101000;
	248A  :   111111111111011000000000010100000000000011101110;
	248B  :   111111111111000000000000010011010000000011101100;
	248C  :   111111111111000000000000010100010000000011101010;
	248D  :   111111111111010100000000010011110000000011101001;
	248E  :   111111111111010100000000010100100000000011101011;
	248F  :   111111111111010100000000010011110000000011101010;
	2490  :   111111111111001000000000010011100000000011101110;
	2491  :   111111111111010100000000010100010000000011101100;
	2492  :   111111111111011000000000010100110000000011101101;
	2493  :   111111111111000100000000010100110000000011101100;
	2494  :   111111111110111000000000010011100000000011101111;
	2495  :   111111111111000100000000010100000000000011101101;
	2496  :   111111111111000100000000010100000000000011101001;
	2497  :   111111111111011000000000010101010000000011100111;
	2498  :   111111111111000000000000010100010000000011101010;
	2499  :   111111111111001100000000010011110000000011110000;
	249A  :   111111111111000000000000010011110000000011100111;
	249B  :   111111111111001100000000010101000000000011100100;
	249C  :   111111111111011100000000010100010000000011100111;
	249D  :   111111111111011100000000010011110000000011100011;
	249E  :   111111111111011000000000010100010000000011101000;
	249F  :   111111111111010100000000010100000000000011100111;
	24A0  :   111111111111011000000000010100010000000011101011;
	24A1  :   111111111111010000000000010011110000000011100110;
	24A2  :   111111111111010000000000010011110000000011100100;
	24A3  :   111111111111010000000000010101000000000011101001;
	24A4  :   111111111110111100000000010011100000000011100101;
	24A5  :   111111111111001100000000010011010000000011100110;
	24A6  :   111111111111001100000000010100010000000011100111;
	24A7  :   111111111111001000000000010011110000000011101010;
	24A8  :   111111111111001100000000010011110000000011100101;
	24A9  :   111111111111100000000000010100010000000011100110;
	24AA  :   111111111111000100000000010011110000000011100011;
	24AB  :   111111111111011100000000010100000000000011100011;
	24AC  :   111111111111011100000000010100000000000011100111;
	24AD  :   111111111111010000000000010011110000000011100101;
	24AE  :   111111111111010000000000010100000000000011100111;
	24AF  :   111111111111010000000000010100000000000011100101;
	24B0  :   111111111111010000000000010100010000000011100010;
	24B1  :   111111111111100100000000010011110000000011100101;
	24B2  :   111111111111011000000000010011100000000011100011;
	24B3  :   111111111111010100000000010100000000000011100011;
	24B4  :   111111111111100100000000010010110000000011100110;
	24B5  :   111111111111010000000000010011100000000011100110;
	24B6  :   111111111111100000000000010011110000000011101001;
	24B7  :   111111111111011000000000010100000000000011101010;
	24B8  :   111111111111011000000000010100000000000011110011;
	24B9  :   111111111111100100000000010010110000000011111001;
	24BA  :   111111111111010000000000010011110000000011111100;
	24BB  :   111111111111001100000000010100000000000100000100;
	24BC  :   111111111111001000000000010101010000000100000010;
	24BD  :   111111111111001000000000010100010000000100000100;
	24BE  :   111111111111011100000000010011100000000100001010;
	24BF  :   111111111111011100000000010100000000000100000101;
	24C0  :   111111111111101000000000010100110000000100000101;
	24C1  :   111111111111011100000000010100000000000100000001;
	24C2  :   111111111111101000000000010011000000000011111100;
	24C3  :   111111111111010100000000010010100000000011110000;
	24C4  :   111111111111011000000000010001000000000011101010;
	24C5  :   111111111111100100000000010010000000000011011111;
	24C6  :   111111111111011100000000010000010000000011010111;
	24C7  :   111111111111101100000000010000110000000011001111;
	24C8  :   111111111111110100000000010000100000000011000111;
	24C9  :   111111111111110000000000010010000000000011001000;
	24CA  :   111111111111100000000000010011110000000011001001;
	24CB  :   111111111111000000000000010101000000000011001111;
	24CC  :   111111111111011000000000010010000000000010110100;
	24CD  :   111111111111101100000000001110100000000010110101;
	24CE  :   111111111111111100000000001111010000000010100010;
	24CF  :   000000000000001000000000001110100000000010101010;
	24D0  :   111111111111111100000000001111000000000010011100;
	24D1  :   111111111111111000000000001011011111111100000010;
	24D2  :   111111111001110100000000100101001111111111110011;
	24D3  :   000000000000001100000000011010100000000001100110;
	24D4  :   000000000011010100000000001010000000000010110100;
	24D5  :   000000000011111000000000000000110000000011001100;
	24D6  :   000000000001111111111111111110000000000100101111;
	24D7  :   111111111111100100000000000001100000000101010100;
	24D8  :   111111111101011000000000001010000000000101001101;
	24D9  :   111111111011011000000000010101000000000100111011;
	24DA  :   111111111011000100000000011011110000000100100001;
	24DB  :   111111111100110000000000100010010000000100011111;
	24DC  :   111111111110000000000000100001100000000100010010;
	24DD  :   111111111110011000000000100010110000000100010101;
	24DE  :   111111111110110100000000100011110000000100011011;
	24DF  :   111111111110110000000000100100100000000100110011;
	24E0  :   111111111110010100000000100011100000000101001010;
	24E1  :   111111111110000000000000100011000000000101100011;
	24E2  :   111111111101101000000000100000100000000101101101;
	24E3  :   111111111101011100000000011111000000000101110011;
	24E4  :   111111111101101000000000011101010000000101110001;
	24E5  :   111111111101110100000000011100100000000101101001;
	24E6  :   111111111110011100000000011011110000000101100100;
	24E7  :   111111111110110000000000011010100000000101100011;
	24E8  :   111111111111000100000000011011100000000101100100;
	24E9  :   111111111111100000000000011010110000000101100100;
	24EA  :   111111111111110000000000011011000000000101011111;
	24EB  :   111111111111110000000000011101010000000101011000;
	24EC  :   111111111111110000000000011100000000000101010000;
	24ED  :   111111111111101100000000011101010000000101000111;
	24EE  :   111111111111111000000000011110000000000101001010;
	24EF  :   000000000000000100000000011101110000000101000001;
	24F0  :   000000000000000000000000011101100000000100101001;
	24F1  :   000000000000000000000000011100010000000100010000;
	24F2  :   000000000000100000000000011011010000000100000100;
	24F3  :   000000000000101100000000011001110000000011110110;
	24F4  :   000000000000111000000000010110110000000011011110;
	24F5  :   000000000001010100000000010101100000000011000111;
	24F6  :   000000000001001100000000010110010000000010110011;
	24F7  :   000000000001001000000000010011100000000010101100;
	24F8  :   000000000000100100000000010000110000000010010110;
	24F9  :   000000000000110100000000001001110000000010010001;
	24FA  :   000000000001011000000000001001110000000010000011;
	24FB  :   000000000010001000000000000111100000000001111011;
	24FC  :   000000000010010100000000000110000000000001110100;
	24FD  :   000000000010011100000000000110000000000001101101;
	24FE  :   000000000010101000000000000111100000000001100101;
	24FF  :   000000000010010000000000001000100000000001100101;
	2500  :   000000000001111100000000001011000000000001100101;
	2501  :   000000000001100100000000001100110000000001100111;
	2502  :   000000000001001000000000001101010000000001101001;
	2503  :   000000000000101100000000001101000000000001110010;
	2504  :   000000000000101000000000001100100000000001111100;
	2505  :   000000000000101000000000001101010000000010000110;
	2506  :   000000000000001000000000010000000000000010010110;
	2507  :   000000000000000100000000010001010000000010101000;
	2508  :   111111111111111100000000010011110000000011000100;
	2509  :   111111111111101100000000010101000000000011010000;
	250A  :   111111111111011000000000010111110000000011100000;
	250B  :   111111111111011000000000011000010000000100000000;
	250C  :   111111111111010100000000011010000000000100010010;
	250D  :   111111111111010000000000011011100000000100101110;
	250E  :   111111111111101000000000011100110000000101101000;
	250F  :   111111111111011100000000011010000000000100110100;
	2510  :   111111111111011000000000011011000000000100101110;
	2511  :   111111111111100100000000011001010000000100011001;
	2512  :   111111111111101100000000011000000000000100010011;
	2513  :   111111111111100000000000010101110000000100001001;
	2514  :   111111111111100000000000010100110000000011111010;
	2515  :   111111111111000100000000010101100000000011100111;
	2516  :   111111111111000100000000010100010000000011100001;
	2517  :   111111111111000000000000010101000000000011011000;
	2518  :   111111111111000000000000010101010000000011010000;
	2519  :   111111111111011100000000010110100000000011001110;
	251A  :   111111111111101000000000010100110000000010111100;
	251B  :   000000000000000100000000010000101111111111101100;
	251C  :   111111111101111000000000011000101111111100111011;
	251D  :   000000000010000100000000010110010000000001101000;
	251E  :   000000000000110000000000001010100000000010100011;
	251F  :   000000000000011000000000000111110000000001100111;
	2520  :   111111111110100000000000001001100000000010100101;
	2521  :   111111111100110100000000001100110000000011000001;
	2522  :   111111111011110100000000010001000000000011010101;
	2523  :   111111111011111100000000010101100000000011011001;
	2524  :   111111111100100100000000011000100000000011010100;
	2525  :   111111111101000000000000011011110000000011010010;
	2526  :   111111111101111100000000011101000000000011011100;
	2527  :   111111111110111100000000011101100000000011101101;
	2528  :   111111111111100000000000011110100000000100000010;
	2529  :   111111111111111000000000011111010000000100010111;
	252A  :   000000000000000100000000011111110000000100111111;
	252B  :   111111111111110000000000100000100000000101011010;
	252C  :   111111111111011100000000100001110000000101110000;
	252D  :   111111111111010000000000100001010000000110000000;
	252E  :   111111111111001100000000100010010000000110000010;
	252F  :   111111111111000100000000100010110000000110000110;
	2530  :   111111111111011100000000100001110000000110001111;
	2531  :   111111111111100000000000100010110000000110000011;
	2532  :   111111111111101100000000100001100000000101111011;
	2533  :   111111111111100100000000100000100000000101110100;
	2534  :   111111111111100100000000011111110000000101100111;
	2535  :   111111111111110100000000011110000000000101011101;
	2536  :   111111111111101000000000011100100000000101010100;
	2537  :   111111111111111100000000011101000000000101000100;
	2538  :   111111111111111100000000011010110000000100111101;
	2539  :   000000000000001000000000011011110000000100101101;
	253A  :   000000000000010000000000011010000000000100100110;
	253B  :   000000000000010000000000011000100000000100010000;
	253C  :   000000000000001100000000010111000000000100000011;
	253D  :   000000000000101000000000010101010000000011110010;
	253E  :   000000000000011000000000010011010000000011101010;
	253F  :   000000000000110000000000010001110000000011011011;
	2540  :   000000000001000100000000001111110000000011001000;
	2541  :   000000000011111100000000000110100000000010111001;
	2542  :   000000000100011100000000000011100000000010100101;
	2543  :   000000000011000100000000000101010000000010010110;
	2544  :   000000000010000000000000000111000000000010001001;
	2545  :   000000000001001000000000000111010000000010000100;
	2546  :   000000000000110000000000001001010000000010000010;
	2547  :   000000000000011100000000001011010000000001110111;
	2548  :   000000000000001000000000001100110000000001110001;
	2549  :   000000000000000000000000001101010000000001101110;
	254A  :   111111111111111100000000001111000000000001111110;
	254B  :   000000000000000000000000010000010000000010000001;
	254C  :   111111111111111100000000010010100000000010001111;
	254D  :   111111111111111100000000010001110000000010011100;
	254E  :   111111111111111100000000010001110000000010011111;
	254F  :   111111111111111000000000010011100000000010101010;
	2550  :   111111111111100100000000010010100000000010111011;
	2551  :   111111111111010000000000010100000000000010111110;
	2552  :   111111111111001000000000010011110000000011000101;
	2553  :   111111111111000000000000010011010000000011010000;
	2554  :   111111111110011100000000010100100000000011011000;
	2555  :   111111111110011100000000010100110000000011011010;
	2556  :   111111111110011100000000010100100000000011100101;
	2557  :   111111111110111100000000010101010000000011101000;
	2558  :   111111111111000100000000010110000000000011110110;
	2559  :   111111111111000100000000010110110000000011110111;
	255A  :   111111111111100000000000010111000000000011111001;
	255B  :   111111111111101000000000010111100000000100000010;
	255C  :   111111111111010000000000011000000000000100001001;
	255D  :   111111111111010100000000011000100000000100001010;
	255E  :   111111111111011100000000011000010000000100001000;
	255F  :   111111111111101100000000011000000000000100001110;
	2560  :   111111111111101000000000010111110000000100001111;
	2561  :   111111111111111100000000010111100000000100000011;
	2562  :   111111111111110100000000011000100000000100001100;
	2563  :   111111111111110100000000011000010000000100001000;
	2564  :   111111111111110000000000010111100000000100000101;
	2565  :   111111111111110000000000010110100000000100000101;
	2566  :   111111111111100100000000010111000000000011111111;
	2567  :   111111111111101100000000010110100000000011111111;
	2568  :   111111111111100100000000010100110000000011110000;
	2569  :   111111111111100000000000010100000000000011110011;
	256A  :   111111111111101000000000010100010000000011101010;
	256B  :   111111111111100000000000010101000000000011101010;
	256C  :   111111111111011100000000010010110000000011101100;
	256D  :   111111111111010000000000010011000000000011100101;
	256E  :   111111111111001100000000010011000000000011100100;
	256F  :   111111111111010000000000010011010000000011100010;
	2570  :   111111111111010000000000010010010000000011011101;
	2571  :   111111111111000000000000010010000000000011011111;
	2572  :   111111111111001000000000010001100000000011011110;
	2573  :   111111111111000100000000010001110000000011011010;
	2574  :   111111111111010100000000010010010000000011011000;
	2575  :   111111111111100100000000010001010000000011011010;
	2576  :   111111111111010100000000010001010000000011010101;
	2577  :   111111111111001100000000010001010000000011011100;
	2578  :   111111111111010000000000010001110000000011011110;
	2579  :   111111111111110000000000010001100000000011011101;
	257A  :   111111111111101100000000010010000000000011100001;
	257B  :   111111111111101000000000010001110000000011101001;
	257C  :   111111111111100000000000010010010000000011101110;
	257D  :   111111111111011100000000010001100000000011101011;
	257E  :   111111111111010100000000010010110000000011101111;
	257F  :   111111111111100100000000010010100000000011101101;
	2580  :   111111111111110000000000010010110000000011101110;
	2581  :   111111111111100000000000010010110000000011101111;
	2582  :   111111111111010100000000010100000000000011111001;
	2583  :   111111111111011100000000010100000000000011111000;
	2584  :   111111111111101000000000010100010000000011111010;
	2585  :   111111111111100000000000010011110000000011111001;
	2586  :   111111111111101000000000010100110000000011110100;
	2587  :   111111111111010100000000010100110000000011110101;
	2588  :   111111111111100000000000010101000000000011111010;
	2589  :   111111111111100100000000010100110000000011110100;
	258A  :   111111111111101100000000010011110000000011110110;
	258B  :   111111111111100100000000010100010000000011110101;
	258C  :   111111111111011100000000010101000000000011111001;
	258D  :   111111111111110000000000010100100000000011110100;
	258E  :   111111111111101100000000010100100000000011110000;
	258F  :   111111111111110100000000010011100000000011110010;
	2590  :   111111111111100100000000010011100000000011110001;
	2591  :   111111111111101000000000010011110000000011110011;
	2592  :   111111111111100100000000010100000000000011110000;
	2593  :   111111111111010100000000010100010000000011101001;
	2594  :   111111111111011000000000010011000000000011100111;
	2595  :   111111111111100000000000010100000000000011101001;
	2596  :   111111111111010100000000010100000000000011100001;
	2597  :   111111111111110000000000010100100000000011011100;
	2598  :   111111111111101100000000010011010000000011100010;
	2599  :   111111111111100100000000010100010000000011011110;
	259A  :   111111111111011100000000010011000000000011011110;
	259B  :   111111111111110000000000010011100000000011011110;
	259C  :   111111111111011100000000010011100000000011011110;
	259D  :   111111111111100000000000010100010000000011011110;
	259E  :   111111111111100100000000010011000000000011100010;
	259F  :   111111111111100100000000010011100000000011100101;
	25A0  :   111111111111100100000000010011100000000011100011;
	25A1  :   111111111111101000000000010010110000000011100110;
	25A2  :   111111111111101000000000010100100000000011100101;
	25A3  :   111111111111100100000000010011110000000011100110;
	25A4  :   111111111111100000000000010011010000000011100110;
	25A5  :   111111111111010000000000010010100000000011100110;
	25A6  :   111111111111001100000000010011000000000011101010;
	25A7  :   111111111111010000000000010100100000000011101001;
	25A8  :   111111111111100100000000010101000000000011100110;
	25A9  :   111111111111011100000000010011110000000011101011;
	25AA  :   111111111111100100000000010011100000000011101001;
	25AB  :   111111111111101000000000010100010000000011101111;
	25AC  :   111111111111001000000000010101010000000011101101;
	25AD  :   111111111111101000000000010011110000000011101111;
	25AE  :   111111111111100000000000010011110000000011101101;
	25AF  :   111111111111011100000000010011110000000011101110;
	25B0  :   111111111111100000000000010011110000000011100111;
	25B1  :   111111111111011100000000010010110000000011100111;
	25B2  :   111111111111101000000000010011010000000011101000;
	25B3  :   111111111111101000000000010011000000000011100111;
	25B4  :   111111111111100000000000010010100000000011100000;
	25B5  :   111111111111100100000000010010110000000011100110;
	25B6  :   111111111111010100000000010011100000000011100111;
	25B7  :   111111111111001000000000010100000000000011100100;
	25B8  :   111111111111010000000000010011010000000011100011;
	25B9  :   111111111111100100000000010010100000000011100100;
	25BA  :   111111111111110000000000010100010000000011100101;
	25BB  :   111111111111101000000000010011100000000011101000;
	25BC  :   111111111111011100000000010011110000000011100101;
	25BD  :   111111111111100100000000010100000000000011101100;
	25BE  :   111111111111010100000000010100010000000011101000;
	25BF  :   111111111111010100000000010011100000000011101101;
	25C0  :   111111111111010100000000010100000000000011101101;
	25C1  :   111111111111001100000000010100010000000011101011;
	25C2  :   111111111111011000000000010100000000000011101010;
	25C3  :   111111111111010100000000010011000000000011101010;
	25C4  :   111111111111011100000000010100110000000011101100;
	25C5  :   111111111111011100000000010100110000000011101101;
	25C6  :   111111111111001100000000010100000000000011101001;
	25C7  :   111111111111101000000000010100100000000011100101;
	25C8  :   111111111111011100000000010100010000000011100110;
	25C9  :   111111111111010000000000010011100000000011100110;
	25CA  :   111111111111100100000000010100110000000011100110;
	25CB  :   111111111111100000000000010011100000000011101001;
	25CC  :   111111111111101000000000010011110000000011101001;
	25CD  :   111111111111100000000000010011110000000011100111;
	25CE  :   111111111111100000000000010100000000000011100100;
	25CF  :   111111111111100000000000010100000000000011101011;
	25D0  :   111111111111011100000000010011100000000011110001;
	25D1  :   111111111111011100000000010100110000000011101110;
	25D2  :   111111111111100000000000010101000000000011101110;
	25D3  :   111111111111011100000000010100000000000011101101;
	25D4  :   111111111111001000000000010100110000000011101111;
	25D5  :   111111111111001100000000010011110000000011101100;
	25D6  :   111111111111001000000000010100000000000011101111;
	25D7  :   111111111111100000000000010100010000000011101100;
	25D8  :   111111111111100000000000010100000000000011101011;
	25D9  :   111111111111100000000000010011110000000011101010;
	25DA  :   111111111111110100000000010010110000000011101011;
	25DB  :   111111111111110100000000010011100000000011101110;
	25DC  :   111111111111101100000000010100110000000011100101;
	25DD  :   111111111111111000000000010100010000000011101010;
	25DE  :   111111111111101100000000010100000000000011101010;
	25DF  :   111111111111101000000000010100000000000011101000;
	25E0  :   111111111111101100000000010100000000000011101010;
	25E1  :   111111111111101000000000010011100000000011101000;
	25E2  :   111111111111101000000000010011010000000011100110;
	25E3  :   111111111111011000000000010010100000000011101000;
	25E4  :   111111111111011100000000010011010000000011101001;
	25E5  :   111111111111101000000000010100000000000011100110;
	25E6  :   111111111111100100000000010100110000000011101010;
	25E7  :   111111111111011000000000010100110000000011100111;
	25E8  :   111111111111100000000000010011110000000011101001;
	25E9  :   111111111111011000000000010011000000000011101100;
	25EA  :   111111111111100100000000010011100000000011100101;
	25EB  :   111111111111010100000000010011110000000011100110;
	25EC  :   111111111111010100000000010100110000000011100100;
	25ED  :   111111111111101000000000010100100000000011101010;
	25EE  :   111111111111000100000000010100000000000011100101;
	25EF  :   111111111111010100000000010100010000000011100100;
	25F0  :   111111111111011000000000010011010000000011100110;
	25F1  :   111111111111010100000000010100100000000011100111;
	25F2  :   111111111111100000000000010011110000000011101010;
	25F3  :   111111111111010000000000010100000000000011101000;
	25F4  :   111111111111001100000000010100010000000011101010;
	25F5  :   111111111111100100000000010011100000000011100111;
	25F6  :   111111111111010000000000010100110000000011100011;
	25F7  :   111111111111001000000000010011000000000011101001;
	25F8  :   111111111111011100000000010101000000000011101000;
	25F9  :   111111111111000100000000010011110000000011101100;
	25FA  :   111111111111011000000000010101010000000011101101;
	25FB  :   111111111111001100000000010011000000000011101110;
	25FC  :   111111111111001100000000010101010000000011101010;
	25FD  :   111111111111011000000000010100110000000011101101;
	25FE  :   111111111111100000000000010100010000000011101101;
	25FF  :   111111111111011000000000010011110000000011101110;
	2600  :   111111111111010100000000010011100000000011110010;
	2601  :   111111111111011100000000010011110000000011110010;
	2602  :   111111111111100100000000010011000000000011101110;
	2603  :   111111111111011100000000010100000000000011101001;
	2604  :   111111111111010100000000010011100000000011101010;
	2605  :   111111111111101000000000010011110000000011101100;
	2606  :   111111111111101100000000010011010000000011101111;
	[2607..2608]  :   111111111111011000000000010100000000000011101010;
	2609  :   111111111111011000000000010011100000000011101011;
	260A  :   111111111111100100000000010100010000000011101101;
	260B  :   111111111111100100000000010011010000000011101001;
	260C  :   111111111111010100000000010011100000000011101001;
	260D  :   111111111111010100000000010011000000000011101100;
	260E  :   111111111111010000000000010010110000000011101100;
	260F  :   111111111111011000000000010100000000000011101011;
	2610  :   111111111111010000000000010010110000000011101001;
	2611  :   111111111111011000000000010010110000000011100111;
	2612  :   111111111111100000000000010011010000000011101001;
	2613  :   111111111111100000000000010011100000000011101011;
	2614  :   111111111111101000000000010011010000000011100111;
	2615  :   111111111111110000000000010011010000000011101100;
	2616  :   111111111111100100000000010011100000000011101010;
	2617  :   111111111111100000000000010011000000000011101000;
	2618  :   111111111111111100000000010011100000000011100111;
	2619  :   111111111111011100000000010011000000000011101011;
	261A  :   111111111111011100000000010010110000000011100101;
	261B  :   111111111111011100000000010011010000000011100111;
	261C  :   111111111111011000000000010011110000000011101000;
	261D  :   111111111111100100000000010011010000000011101100;
	261E  :   111111111111011000000000010010100000000011100110;
	261F  :   111111111111010100000000010011010000000011101010;
	2620  :   111111111111100000000000010011010000000011101011;
	2621  :   111111111111011000000000010011010000000011100000;
	2622  :   111111111111100000000000010100100000000011100011;
	2623  :   111111111111100100000000010011000000000011101010;
	2624  :   111111111111011000000000010011110000000011100011;
	2625  :   111111111111010000000000010100000000000011100110;
	2626  :   111111111111100000000000010100110000000011100110;
	2627  :   111111111111011100000000010011110000000011100010;
	2628  :   111111111111010000000000010100110000000011100010;
	2629  :   111111111111001100000000010011010000000011100101;
	262A  :   111111111111101000000000010100000000000011100101;
	262B  :   111111111111011100000000010011100000000011100111;
	262C  :   111111111111101000000000010010110000000011100110;
	262D  :   111111111111101000000000010100110000000011100110;
	262E  :   111111111111011100000000010011100000000011100111;
	262F  :   111111111111100100000000010011100000000011100100;
	2630  :   111111111111100100000000010101000000000011100111;
	2631  :   111111111111011100000000010100010000000011100100;
	2632  :   111111111111100100000000010100010000000011101000;
	2633  :   111111111111101100000000010100100000000011101110;
	2634  :   111111111111011100000000010011100000000011101011;
	2635  :   111111111111011000000000010011100000000011100100;
	2636  :   111111111111101000000000010100110000000011101000;
	2637  :   111111111111110000000000010011100000000011100100;
	2638  :   111111111111011000000000010100000000000011101000;
	2639  :   111111111111101100000000010011110000000011101100;
	263A  :   111111111111011000000000010100000000000011110010;
	263B  :   111111111111011000000000010011010000000011101110;
	263C  :   111111111111011100000000010011110000000011101010;
	263D  :   111111111111100100000000010011110000000011100110;
	263E  :   111111111111011100000000010011110000000011101111;
	263F  :   111111111111010000000000010011110000000011101111;
	2640  :   111111111111100100000000010011100000000011110101;
	2641  :   111111111111011100000000010011100000000011101100;
	2642  :   111111111111011100000000010011000000000011101101;
	2643  :   111111111111010100000000010100100000000011101001;
	2644  :   111111111111100000000000010011100000000011101000;
	2645  :   111111111111110100000000010011100000000011101011;
	2646  :   111111111111110000000000010011000000000011101010;
	2647  :   111111111111101000000000010100000000000011101101;
	2648  :   111111111111110000000000010011100000000011101010;
	2649  :   111111111111111000000000010100100000000011100101;
	264A  :   111111111111101000000000010100110000000011100111;
	264B  :   111111111111110000000000010100010000000011100101;
	264C  :   111111111111101000000000010100000000000011101000;
	264D  :   111111111111110100000000010011100000000011100111;
	264E  :   111111111111101000000000010101000000000011100110;
	264F  :   111111111111110100000000010100000000000011101000;
	2650  :   111111111111011100000000010011110000000011101010;
	2651  :   111111111111101000000000010100010000000011101000;
	2652  :   111111111111100100000000010100010000000011101100;
	2653  :   111111111111100100000000010100110000000011101011;
	2654  :   111111111111100100000000010100000000000011101011;
	2655  :   111111111111001100000000010011110000000011100111;
	2656  :   111111111111010000000000010100010000000011100100;
	2657  :   111111111111010000000000010011100000000011101000;
	2658  :   111111111111110000000000010100010000000011101100;
	2659  :   111111111111101000000000010100010000000011101001;
	265A  :   111111111111101000000000010100000000000011100110;
	265B  :   111111111111100000000000010100010000000011101000;
	265C  :   111111111111101000000000010011110000000011100011;
	265D  :   111111111111101000000000010100010000000011101001;
	265E  :   111111111111110000000000010100010000000011101000;
	265F  :   111111111111010100000000010100000000000011100111;
	2660  :   111111111111100100000000010011000000000011101010;
	2661  :   111111111111110100000000010010100000000011100110;
	2662  :   111111111111110000000000010011000000000011100100;
	2663  :   111111111111101000000000010011100000000011100111;
	2664  :   111111111111110100000000010100010000000011101000;
	2665  :   111111111111110100000000010100100000000011101000;
	2666  :   111111111111100000000000010100000000000011100110;
	2667  :   111111111111110000000000010010100000000011100111;
	2668  :   111111111111100100000000010011010000000011101000;
	2669  :   111111111111101100000000010100100000000011101101;
	266A  :   111111111111011100000000010011010000000011101010;
	266B  :   111111111111011100000000010011010000000011101000;
	266C  :   111111111111100000000000010011000000000011101000;
	266D  :   111111111111100100000000010011010000000011101001;
	266E  :   111111111111100000000000010100010000000011101001;
	266F  :   111111111111101000000000010100100000000011101011;
	2670  :   111111111111101100000000010011100000000011101010;
	2671  :   111111111111011100000000010100000000000011101001;
	2672  :   111111111111101000000000010100000000000011101001;
	2673  :   111111111111101000000000010100010000000011101011;
	2674  :   111111111111101000000000010101100000000011101000;
	2675  :   111111111111101100000000010011110000000011101110;
	2676  :   111111111111011000000000010011100000000011101101;
	2677  :   111111111111110000000000010100100000000011101100;
	2678  :   111111111111010100000000010010110000000011101011;
	2679  :   111111111111110100000000010011110000000011101000;
	267A  :   111111111111011000000000010100010000000011101010;
	267B  :   111111111111011100000000010100000000000011101010;
	267C  :   111111111111110000000000010011010000000011100101;
	267D  :   111111111111100000000000010100010000000011100111;
	267E  :   111111111111100100000000010011110000000011110000;
	267F  :   111111111111100000000000010100000000000011101010;
	2680  :   111111111111011100000000010100100000000011101011;
	2681  :   111111111111011100000000010100110000000011101101;
	2682  :   111111111111100100000000010100000000000011101111;
	2683  :   111111111111101000000000010100100000000011100110;
	2684  :   111111111111001100000000010011100000000011100110;
	2685  :   111111111111010100000000010011100000000011101011;
	2686  :   111111111111100000000000010100010000000011101100;
	2687  :   111111111111110000000000010100000000000011100111;
	2688  :   111111111111010100000000010100100000000011100110;
	2689  :   111111111111100100000000010100000000000011100110;
	268A  :   111111111111110000000000010100010000000011101001;
	268B  :   111111111111101100000000010011110000000011101000;
	268C  :   111111111111100100000000010011100000000011100110;
	268D  :   111111111111101000000000010100110000000011100110;
	268E  :   111111111111100100000000010011110000000011100110;
	268F  :   111111111111100000000000010011010000000011101000;
	2690  :   111111111111100000000000010011110000000011100100;
	2691  :   111111111111100100000000010100010000000011100011;
	2692  :   111111111111010100000000010011100000000011101001;
	2693  :   111111111111100100000000010100110000000011101001;
	2694  :   111111111111110100000000010011110000000011101010;
	2695  :   111111111111110100000000010100010000000011100111;
	2696  :   111111111111101100000000010011010000000011101100;
	2697  :   111111111111011000000000010100110000000011100110;
	2698  :   111111111111010000000000010100010000000011100110;
	2699  :   111111111111100100000000010100010000000011101100;
	269A  :   111111111111110100000000010100010000000011101101;
	269B  :   111111111111011000000000010011000000000011100111;
	269C  :   111111111111100000000000010100000000000011100111;
	269D  :   111111111111010000000000010011100000000011100111;
	269E  :   111111111111101000000000010100110000000011101001;
	269F  :   111111111111100100000000010100100000000011100111;
	26A0  :   111111111111100000000000010011100000000011100111;
	26A1  :   111111111111011000000000010011010000000011101010;
	26A2  :   111111111111011100000000010011100000000011100111;
	26A3  :   111111111111100000000000010100000000000011100101;
	26A4  :   111111111111110100000000010011110000000011101010;
	26A5  :   111111111111011100000000010011100000000011101011;
	26A6  :   111111111111100100000000010100100000000011101001;
	26A7  :   111111111111110100000000010011110000000011101010;
	26A8  :   111111111111101100000000010011100000000011101101;
	26A9  :   111111111111100100000000010011110000000011101100;
	26AA  :   111111111111100000000000010011100000000011101100;
	26AB  :   111111111111100000000000010101000000000011101011;
	26AC  :   111111111111010100000000010100010000000011110000;
	26AD  :   111111111111100100000000010100100000000011101011;
	26AE  :   111111111111100000000000010011100000000011101001;
	26AF  :   111111111111011100000000010100010000000011101100;
	26B0  :   111111111111110100000000010011110000000011101101;
	26B1  :   111111111111101100000000010011110000000011101001;
	26B2  :   111111111111010100000000010011110000000011101110;
	26B3  :   111111111111101100000000010011010000000011101011;
	26B4  :   111111111111101100000000010011110000000011101010;
	26B5  :   111111111111101000000000010100100000000011101010;
	26B6  :   111111111111100000000000010011100000000011100101;
	26B7  :   111111111111101100000000010011010000000011101000;
	26B8  :   111111111111100000000000010010100000000011100111;
	26B9  :   111111111111110000000000010011110000000011100111;
	26BA  :   111111111111101100000000010011110000000011101000;
	26BB  :   111111111111100000000000010011110000000011101010;
	26BC  :   111111111111101000000000010010110000000011101001;
	26BD  :   111111111111100100000000010011110000000011101100;
	26BE  :   111111111111011000000000010100000000000011100111;
	26BF  :   111111111111011100000000010100010000000011101000;
	26C0  :   111111111111110100000000010100010000000011101100;
	26C1  :   111111111111010100000000010011100000000011101011;
	26C2  :   111111111111010000000000010100110000000011101001;
	26C3  :   111111111111100100000000010100100000000011100110;
	26C4  :   111111111111100000000000010100110000000011101001;
	26C5  :   111111111111110100000000010100010000000011100111;
	26C6  :   111111111111010100000000010011100000000011101000;
	26C7  :   111111111111101100000000010100110000000011101011;
	26C8  :   111111111111011100000000010100000000000011100111;
	26C9  :   111111111111100100000000010100100000000011100111;
	26CA  :   111111111111100100000000010100010000000011101001;
	26CB  :   111111111111101000000000010011110000000011101100;
	26CC  :   111111111111100000000000010100000000000011101001;
	26CD  :   111111111111101000000000010100110000000011101101;
	26CE  :   111111111111100100000000010100100000000011101000;
	26CF  :   111111111111101000000000010101000000000011101100;
	26D0  :   111111111111011000000000010011110000000011101000;
	26D1  :   111111111111110100000000010011100000000011100110;
	26D2  :   111111111111011100000000010011010000000011100100;
	26D3  :   111111111111100100000000010100010000000011101011;
	26D4  :   111111111111101000000000010100010000000011101111;
	26D5  :   111111111111100000000000010011110000000011100110;
	26D6  :   111111111111011000000000010100000000000011101110;
	26D7  :   111111111111100100000000010100000000000011101111;
	26D8  :   111111111111100000000000010010110000000011101000;
	26D9  :   111111111111101000000000010011000000000011101001;
	26DA  :   111111111111101100000000010100100000000011101101;
	26DB  :   111111111111101000000000010011100000000011100111;
	26DC  :   111111111111110000000000010011110000000011100101;
	26DD  :   111111111111110100000000010100000000000011101100;
	26DE  :   111111111111101100000000010011100000000011101001;
	26DF  :   111111111111011000000000010011100000000011101101;
	26E0  :   111111111111010100000000010011110000000011100101;
	26E1  :   111111111111101000000000010011100000000011101010;
	26E2  :   111111111111100000000000010100100000000011101111;
	26E3  :   111111111111101100000000010011110000000011101011;
	26E4  :   111111111111100000000000010011110000000011101000;
	26E5  :   111111111111011000000000010011110000000011100110;
	26E6  :   111111111111011100000000010011110000000011101010;
	26E7  :   111111111111100100000000010011100000000011101110;
	26E8  :   111111111111100000000000010011110000000011100101;
	26E9  :   111111111111011100000000010011010000000011101101;
	26EA  :   111111111111101000000000010011010000000011101000;
	26EB  :   111111111111101000000000010011110000000011100110;
	26EC  :   111111111111100100000000010011110000000011101011;
	26ED  :   111111111111011100000000010011100000000011101011;
	26EE  :   111111111111100000000000010100010000000011101011;
	26EF  :   111111111111100100000000010100000000000011101010;
	26F0  :   111111111111011000000000010100010000000011101100;
	26F1  :   111111111111101100000000010011110000000011100101;
	26F2  :   111111111111011000000000010100010000000011101100;
	26F3  :   111111111111100000000000010100010000000011101111;
	26F4  :   111111111111010100000000010101010000000011101100;
	26F5  :   111111111111100100000000010010110000000011101010;
	26F6  :   111111111111001100000000010100000000000011101101;
	26F7  :   111111111111110000000000010011110000000011101011;
	26F8  :   111111111111100000000000010011110000000011101010;
	26F9  :   111111111111011000000000010100110000000011101100;
	26FA  :   111111111111011000000000010011010000000011100110;
	26FB  :   111111111111100000000000010100010000000011101111;
	26FC  :   111111111111100100000000010011000000000011100111;
	26FD  :   111111111111110000000000010011110000000011101001;
	26FE  :   111111111111100100000000010011110000000011101010;
	26FF  :   111111111111101000000000010100000000000011101000;
	2700  :   111111111111101000000000010101000000000011101101;
	2701  :   111111111111011100000000010011100000000011101010;
	2702  :   111111111111011100000000010100000000000011101010;
	2703  :   111111111111100100000000010011110000000011100100;
	2704  :   111111111111111000000000010011100000000011100110;
	2705  :   111111111111011100000000010100110000000011101001;
	2706  :   111111111111101000000000010011100000000011101000;
	2707  :   111111111111110000000000010011100000000011100110;
	2708  :   111111111111100100000000010100010000000011100110;
	2709  :   111111111111101000000000010100000000000011100110;
	270A  :   111111111111101000000000010011000000000011100111;
	270B  :   111111111111101000000000010100000000000011101101;
	270C  :   111111111111101000000000010100000000000011100100;
	270D  :   111111111111011100000000010100000000000011100110;
	270E  :   111111111111100000000000010011110000000011100101;
	270F  :   111111111111110000000000010011010000000011101011;
	2710  :   111111111111101100000000010010110000000011100101;
	2711  :   111111111111110100000000010011110000000011101001;
	2712  :   111111111111010100000000010011100000000011101000;
	2713  :   111111111111100000000000010011010000000011100111;
	2714  :   111111111111100000000000010011110000000011101010;
	2715  :   111111111111110100000000010101000000000011101100;
	2716  :   111111111111101000000000010011110000000011101010;
	2717  :   111111111111011000000000010011110000000011110010;
	2718  :   111111111111011000000000010011010000000011101001;
	2719  :   111111111111010100000000010100000000000011101001;
	271A  :   111111111111011000000000010100000000000011101101;
	271B  :   111111111111011100000000010100110000000011101100;
	271C  :   111111111111101000000000010011110000000011101100;
	271D  :   111111111111011000000000010100000000000011101110;
	271E  :   111111111111011000000000010100100000000011100111;
	271F  :   111111111111010100000000010100000000000011100111;
	2720  :   111111111111010100000000010010110000000011101001;
	2721  :   111111111111100000000000010010110000000011101111;
	2722  :   111111111111100000000000010100000000000011101000;
	2723  :   111111111111011100000000010011010000000011101110;
	2724  :   111111111111100000000000010100010000000011101001;
	2725  :   111111111111100000000000010011010000000011100111;
	2726  :   111111111111100100000000010100000000000011100110;
	2727  :   111111111111011100000000010100010000000011101011;
	2728  :   111111111111100100000000010100010000000011100111;
	2729  :   111111111111011100000000010100110000000011101001;
	272A  :   111111111111110000000000010100010000000011101000;
	272B  :   111111111111100000000000010100100000000011101011;
	272C  :   111111111111100100000000010100100000000011101001;
	272D  :   111111111111101000000000010010110000000011101011;
	272E  :   111111111111100100000000010011000000000011101000;
	272F  :   111111111111011000000000010010110000000011101000;
	2730  :   111111111111011100000000010011110000000011101010;
	2731  :   111111111111110000000000010011110000000011101011;
	2732  :   111111111111110000000000010011010000000011101010;
	2733  :   111111111111101000000000010011010000000011100111;
	2734  :   111111111111101100000000010100000000000011101011;
	2735  :   111111111111101000000000010100000000000011101011;
	2736  :   111111111111011000000000010100100000000011100100;
	2737  :   111111111111100000000000010101010000000011101110;
	2738  :   111111111111100000000000010011100000000011100100;
	2739  :   111111111111100100000000010011100000000011101001;
	273A  :   111111111111100000000000010011110000000011100111;
	273B  :   111111111111100000000000010100000000000011100101;
	273C  :   111111111111110000000000010011100000000011101001;
	273D  :   111111111111100100000000010011110000000011101111;
	273E  :   111111111111010000000000010100110000000011101001;
	273F  :   111111111111100000000000010011010000000011101100;
	2740  :   111111111111100100000000010011010000000011101011;
	2741  :   111111111111101100000000010100000000000011101011;
	2742  :   111111111111100000000000010011100000000011101111;
	2743  :   111111111111011100000000010010100000000011101010;
	2744  :   111111111111011000000000010011100000000011101000;
	2745  :   111111111111010000000000010011000000000011100110;
	2746  :   111111111111010100000000010011100000000011100110;
	2747  :   111111111111100000000000010100010000000011101011;
	2748  :   111111111111101000000000010011000000000011101001;
	2749  :   111111111111011100000000010100000000000011100111;
	274A  :   111111111111101100000000010100000000000011101011;
	274B  :   111111111111011000000000010100000000000011101101;
	274C  :   111111111111101100000000010100010000000011100111;
	274D  :   111111111111100000000000010100000000000011101000;
	274E  :   111111111111011100000000010011000000000011101001;
	274F  :   111111111111100000000000010011010000000011101000;
	2750  :   111111111111100100000000010100000000000011110000;
	2751  :   111111111111100100000000010100010000000011101010;
	2752  :   111111111111101000000000010011100000000011101101;
	2753  :   111111111111110000000000010011110000000011101100;
	2754  :   111111111111101000000000010011000000000011101000;
	2755  :   111111111111101100000000010011100000000011100101;
	2756  :   111111111111100000000000010011010000000011100110;
	2757  :   111111111111100000000000010010110000000011101000;
	2758  :   111111111111100100000000010011110000000011101000;
	2759  :   111111111111011000000000010011010000000011100110;
	275A  :   111111111111101000000000010011110000000011101110;
	275B  :   111111111111100000000000010011010000000011100111;
	275C  :   111111111111101000000000010100010000000011100110;
	275D  :   111111111111011100000000010101000000000011100111;
	275E  :   111111111111100000000000010011100000000011101011;
	275F  :   111111111111100100000000010011110000000011101001;
	2760  :   111111111111010100000000010011010000000011101011;
	2761  :   111111111111110000000000010011110000000011101000;
	2762  :   111111111111100100000000010011110000000011101101;
	2763  :   111111111111101000000000010011100000000011101101;
	2764  :   111111111111110000000000010011110000000011101001;
	2765  :   111111111111011100000000010011100000000011101001;
	2766  :   111111111111011100000000010011110000000011101010;
	2767  :   111111111111100100000000010011110000000011100101;
	2768  :   111111111111101000000000010010010000000011101011;
	2769  :   111111111111100100000000010011110000000011101010;
	276A  :   111111111111100000000000010011000000000011101001;
	276B  :   111111111111101000000000010100000000000011101100;
	276C  :   111111111111011000000000010011000000000011101101;
	276D  :   111111111111101000000000010011100000000011100110;
	276E  :   111111111111110100000000010011100000000011101001;
	276F  :   111111111111110100000000010100000000000011100110;
	2770  :   111111111111101100000000010100000000000011101001;
	2771  :   111111111111110000000000010101000000000011101100;
	2772  :   111111111111100100000000010100100000000011101000;
	2773  :   111111111111101100000000010101000000000011101100;
	2774  :   111111111111111000000000010100010000000011100101;
	2775  :   111111111111011100000000010100000000000011100110;
	2776  :   111111111111100000000000010100010000000011101110;
	2777  :   111111111111011100000000010011000000000011100101;
	2778  :   111111111111011000000000010011110000000011100111;
	2779  :   111111111111101000000000010100000000000011101001;
	277A  :   111111111111101100000000010100000000000011101111;
	277B  :   111111111111100000000000010100000000000011101001;
	277C  :   111111111111110000000000010011000000000011100111;
	277D  :   111111111111110100000000010011110000000011100110;
	277E  :   111111111111110000000000010011010000000011101100;
	277F  :   111111111111011000000000010100000000000011100011;
	2780  :   111111111111111000000000010100010000000011101000;
	2781  :   111111111111011000000000010100000000000011100000;
	2782  :   111111111111101100000000010011100000000011100100;
	2783  :   111111111111101000000000010100110000000011101101;
	2784  :   111111111111101000000000010011100000000011101000;
	2785  :   111111111111011000000000010011110000000011101101;
	2786  :   111111111111110000000000010011110000000011101100;
	2787  :   111111111111101100000000010100000000000011101111;
	2788  :   111111111111100000000000010100000000000011101100;
	2789  :   111111111111101000000000010100000000000011101101;
	278A  :   111111111111100000000000010011000000000011101011;
	278B  :   111111111111101000000000010100010000000011101110;
	278C  :   111111111111010100000000010011000000000011101101;
	278D  :   111111111111011100000000010011110000000011101110;
	278E  :   111111111111100000000000010011100000000011101100;
	278F  :   111111111111100100000000010100000000000011101011;
	2790  :   111111111111101000000000010011110000000011101000;
	2791  :   111111111111110100000000010100000000000011100101;
	2792  :   111111111111110100000000010011000000000011100111;
	2793  :   111111111111010100000000010011010000000011100010;
	2794  :   111111111111100000000000010011010000000011100110;
	2795  :   111111111111010100000000010010110000000011100011;
	2796  :   111111111111011100000000010011110000000011100100;
	2797  :   111111111111011100000000010011000000000011101010;
	2798  :   111111111111101000000000010100010000000011101000;
	2799  :   111111111111011000000000010011110000000011100110;
	279A  :   111111111111101000000000010011110000000011100110;
	279B  :   111111111111110000000000010100000000000011101000;
	279C  :   111111111111011100000000010100000000000011100110;
	279D  :   111111111111100100000000010011110000000011100110;
	279E  :   111111111111100000000000010011100000000011100111;
	279F  :   111111111111011000000000010011100000000011100110;
	27A0  :   111111111111101100000000010011010000000011101000;
	27A1  :   111111111111100100000000010011110000000011101110;
	27A2  :   111111111111011000000000010011010000000011101000;
	27A3  :   111111111111010100000000010011010000000011101000;
	27A4  :   111111111111010000000000010011110000000011101010;
	27A5  :   111111111111100100000000010011010000000011101110;
	27A6  :   111111111111101100000000010011010000000011101000;
	27A7  :   111111111111100000000000010011110000000011101100;
	27A8  :   111111111111101000000000010011100000000011101110;
	27A9  :   111111111111011000000000010011110000000011101111;
	27AA  :   111111111111010100000000010011000000000011101101;
	27AB  :   111111111111011100000000010011110000000011101111;
	27AC  :   111111111111100100000000010011010000000011101001;
	27AD  :   111111111111101100000000010011000000000011101011;
	27AE  :   111111111111100100000000010011010000000011101101;
	27AF  :   111111111111100000000000010100010000000011101001;
	27B0  :   111111111111100100000000010100110000000011101100;
	27B1  :   111111111111100100000000010011010000000011101010;
	27B2  :   111111111111100100000000010010100000000011100110;
	27B3  :   111111111111011100000000010011100000000011100111;
	27B4  :   111111111111011100000000010011000000000011100101;
	27B5  :   111111111111100000000000010010010000000011100100;
	27B6  :   111111111111101000000000010011000000000011100101;
	27B7  :   111111111111101000000000010011010000000011100111;
	27B8  :   111111111111011100000000010100000000000011100011;
	27B9  :   111111111111101000000000010100110000000011100110;
	27BA  :   111111111111100100000000010011100000000011101011;
	27BB  :   111111111111101000000000010011100000000011100101;
	27BC  :   111111111111100000000000010100010000000011100111;
	27BD  :   111111111111110000000000010011100000000011101110;
	27BE  :   111111111111100100000000010100000000000011101001;
	27BF  :   111111111111010100000000010011110000000011101100;
	27C0  :   111111111111100100000000010011010000000011101110;
	27C1  :   111111111111100000000000010100000000000011101111;
	27C2  :   111111111111010100000000010011000000000011101100;
	27C3  :   111111111111010100000000010011100000000011101001;
	27C4  :   111111111111100000000000010011110000000011101100;
	27C5  :   111111111111100000000000010011110000000011101110;
	27C6  :   111111111111101000000000010100100000000011101101;
	27C7  :   111111111111100100000000010011110000000011100111;
	27C8  :   111111111111100100000000010100010000000011101010;
	27C9  :   111111111111101000000000010011010000000011101010;
	27CA  :   111111111111101100000000010011010000000011101100;
	27CB  :   111111111111100100000000010011000000000011101001;
	27CC  :   111111111111101000000000010010110000000011101010;
	27CD  :   111111111111100000000000010011110000000011101010;
	27CE  :   111111111111011100000000010011010000000011101011;
	27CF  :   111111111111100000000000010011010000000011101000;
	27D0  :   111111111111100100000000010011110000000011101001;
	27D1  :   111111111111101000000000010011100000000011100111;
	27D2  :   111111111111011100000000010011110000000011101001;
	27D3  :   111111111111010000000000010010110000000011101010;
	27D4  :   111111111111011100000000010011100000000011101000;
	27D5  :   111111111111011000000000010100110000000011101111;
	27D6  :   111111111111100100000000010011100000000011101101;
	27D7  :   111111111111100100000000010011000000000011101010;
	27D8  :   111111111111100100000000010011110000000011101000;
	27D9  :   111111111111011000000000010100110000000011101100;
	27DA  :   111111111111011000000000010100000000000011101010;
	27DB  :   111111111111011100000000010100010000000011101010;
	27DC  :   111111111111010100000000010011100000000011101000;
	27DD  :   111111111111010100000000010100000000000011101001;
	27DE  :   111111111111011000000000010100110000000011101000;
	27DF  :   111111111111100100000000010011110000000011101000;
	27E0  :   111111111111011100000000010100010000000011100010;
	27E1  :   111111111111100000000000010011100000000011100110;
	27E2  :   111111111111100100000000010011000000000011101010;
	27E3  :   111111111111100000000000010010110000000011101010;
	27E4  :   111111111111011100000000010011110000000011101110;
	27E5  :   111111111111010000000000010011100000000011100101;
	27E6  :   111111111111100000000000010011000000000011101000;
	27E7  :   111111111111011100000000010011110000000011100111;
	27E8  :   111111111111100100000000010011110000000011100111;
	27E9  :   111111111111100000000000010011110000000011100101;
	27EA  :   111111111111110100000000010011000000000011100101;
	27EB  :   111111111111101100000000010011010000000011101000;
	27EC  :   111111111111101000000000010100000000000011100100;
	27ED  :   111111111111101000000000010011100000000011101010;
	27EE  :   111111111111100100000000010010110000000011101011;
	27EF  :   111111111111100100000000010100010000000011101000;
	27F0  :   111111111111110100000000010100000000000011101100;
	27F1  :   111111111111101100000000010100000000000011101010;
	27F2  :   111111111111100100000000010011100000000011101100;
	27F3  :   111111111111110100000000010010110000000011101001;
	27F4  :   111111111111101100000000010010110000000011101110;
	27F5  :   111111111111111100000000010011010000000011100111;
	27F6  :   111111111111110000000000010010110000000011101101;
	27F7  :   111111111111101100000000010011100000000011110000;
	27F8  :   111111111111110000000000010100010000000011101001;
	27F9  :   111111111111100100000000010010110000000011101101;
	27FA  :   111111111111111100000000010011000000000011101001;
	27FB  :   111111111111100100000000010011000000000011101011;
	27FC  :   111111111111110100000000010011000000000011101000;
	27FD  :   111111111111110000000000010100010000000011100101;
	27FE  :   111111111111101000000000010011000000000011101000;
	27FF  :   111111111111110000000000010011100000000011101000;
	2800  :   000000000000000000000000000000000000000011110011;
	2801  :   000000000000000000000000000000010000000011110101;
	2802  :   000000000000001000000000000000100000000011110100;
	2803  :   111111111111111000000000000000110000000011111000;
	2804  :   000000000000000000000000000000110000000011110101;
	2805  :   000000000000000100000000000000100000000011110100;
	2806  :   111111111111111100000000000000010000000011110011;
	2807  :   111111111111111000000000000000010000000011110001;
	2808  :   111111111111110100000000000001000000000011111000;
	2809  :   111111111111110100000000000000010000000011110101;
	280A  :   000000000000000100000000000000100000000011111001;
	280B  :   000000000000000000000000000001000000000011110101;
	280C  :   000000000000001000000000000000110000000011110111;
	280D  :   000000000000000000000000000000010000000011110110;
	280E  :   111111111111111000000000000000010000000011110111;
	280F  :   111111111111111100000000000000110000000011110101;
	2810  :   000000000000000000000000000001000000000011110101;
	2811  :   000000000000000100000000000000100000000011111000;
	2812  :   111111111111111000000000000000010000000011110101;
	2813  :   111111111111111000000000000001010000000011110010;
	2814  :   111111111111111100000000000000000000000011110011;
	2815  :   000000000000001000000000000000010000000011110100;
	2816  :   000000000000000000000000000001010000000011110111;
	2817  :   111111111111111100000000000001110000000011110101;
	2818  :   000000000000001000000000000000010000000011101111;
	2819  :   111111111111111111111111111111110000000011110011;
	281A  :   111111111111111000000000000000100000000011111000;
	281B  :   111111111111111100000000000000100000000011111001;
	281C  :   000000000000000000000000000000010000000011110111;
	281D  :   111111111111111100000000000000110000000011110100;
	281E  :   000000000000000000000000000000000000000011110111;
	281F  :   111111111111111000000000000001000000000011111010;
	2820  :   111111111111111100000000000000010000000011110110;
	2821  :   111111111111111000000000000000110000000011111011;
	2822  :   000000000000001100000000000000010000000011110111;
	2823  :   000000000000000100000000000000110000000011110111;
	2824  :   111111111111111100000000000000110000000011110110;
	2825  :   000000000000000000000000000000010000000011110111;
	2826  :   111111111111111100000000000000100000000011111000;
	2827  :   111111111111111100000000000001000000000011110111;
	2828  :   000000000000000100000000000000010000000011110110;
	2829  :   111111111111111000000000000000100000000011110111;
	282A  :   000000000000000000000000000000100000000011111010;
	282B  :   111111111111111000000000000000100000000011111001;
	282C  :   111111111111111100000000000000010000000011110101;
	282D  :   000000000000000000000000000001000000000011111001;
	282E  :   111111111111111100000000000000100000000011111011;
	282F  :   000000000000000100000000000000100000000011111000;
	2830  :   000000000000000000000000000001000000000011111001;
	2831  :   000000000000000100000000000001010000000011110101;
	2832  :   000000000000001000000000000000100000000011110111;
	2833  :   111111111111111100000000000001000000000011110011;
	2834  :   111111111111111000000000000000100000000011110101;
	2835  :   111111111111111100000000000000100000000011111001;
	2836  :   000000000000000100000000000000010000000011111010;
	2837  :   000000000000000100000000000000100000000011110110;
	2838  :   111111111111110100000000000001000000000011111010;
	2839  :   111111111111110000000000000000010000000011111001;
	283A  :   000000000000000011111111111111100000000011110111;
	283B  :   111111111111111000000000000001010000000011110011;
	283C  :   111111111111111100000000000001000000000011111001;
	283D  :   111111111111111000000000000000000000000011110111;
	283E  :   000000000000000100000000000000010000000011110101;
	283F  :   111111111111111000000000000001000000000011110010;
	2840  :   111111111111111100000000000000000000000011110111;
	2841  :   000000000000000100000000000001110000000011110111;
	2842  :   111111111111111000000000000000110000000011110110;
	2843  :   000000000000001000000000000001110000000011110101;
	2844  :   111111111111111000000000000000010000000011110110;
	2845  :   111111111111111000000000000000100000000011111001;
	2846  :   111111111111111000000000000000100000000011111010;
	2847  :   000000000000000000000000000001000000000011110110;
	2848  :   000000000000000000000000000000100000000011110011;
	2849  :   111111111111101100000000000001000000000011111001;
	284A  :   111111111111111000000000000000100000000011111001;
	284B  :   111111111111111100000000000000100000000011111101;
	284C  :   111111111111111100000000000001000000000011110101;
	284D  :   111111111111111100000000000000000000000011110111;
	284E  :   111111111111111100000000000000110000000011111000;
	284F  :   111111111111111000000000000000100000000011110101;
	2850  :   000000000000000000000000000000010000000011111000;
	2851  :   000000000000000000000000000000000000000011110111;
	2852  :   111111111111111000000000000000010000000011111101;
	2853  :   000000000000001000000000000000110000000011110110;
	2854  :   000000000000000111111111111111110000000011110100;
	2855  :   000000000000000100000000000001000000000011111011;
	[2856..2857]  :   111111111111111000000000000000100000000011110111;
	2858  :   111111111111110000000000000000010000000011110000;
	2859  :   111111111111110000000000000000100000000011110111;
	285A  :   111111111111111000000000000001010000000011111000;
	285B  :   000000000000000000000000000000010000000011110110;
	285C  :   111111111111110000000000000000000000000011110110;
	285D  :   111111111111111000000000000000110000000011111001;
	285E  :   111111111111111000000000000000100000000011111000;
	285F  :   000000000000000000000000000000100000000011111001;
	2860  :   111111111111110000000000000000100000000011111000;
	2861  :   111111111111110000000000000000100000000011110111;
	2862  :   111111111111111000000000000001010000000011110111;
	2863  :   111111111111110000000000000000110000000011111010;
	2864  :   111111111111111100000000000000110000000011111100;
	2865  :   000000000000000100000000000000110000000011110100;
	2866  :   111111111111111100000000000001100000000011110010;
	2867  :   111111111111101100000000000001100000000011111011;
	2868  :   111111111111111000000000000000010000000011110101;
	2869  :   111111111111111000000000000000100000000011110110;
	286A  :   111111111111110100000000000001000000000011111011;
	286B  :   111111111111110000000000000000100000000011111000;
	286C  :   111111111111110000000000000000110000000011110010;
	286D  :   111111111111111100000000000000110000000011110110;
	286E  :   000000000000000000000000000000010000000011110110;
	286F  :   111111111111111000000000000000110000000011110111;
	2870  :   111111111111111000000000000010000000000011111001;
	2871  :   111111111111111100000000000001100000000011111001;
	2872  :   000000000000001000000000000000100000000011110100;
	2873  :   111111111111110100000000000000110000000011110011;
	2874  :   000000000000000000000000000000010000000011110101;
	2875  :   000000000000000000000000000000010000000011111001;
	2876  :   111111111111111000000000000000110000000011111001;
	2877  :   000000000000001000000000000000110000000011111011;
	2878  :   111111111111111100000000000000000000000011110100;
	2879  :   111111111111111100000000000000010000000011111001;
	287A  :   000000000000000100000000000001000000000011110100;
	287B  :   111111111111110100000000000001100000000011111010;
	287C  :   000000000000000000000000000000100000000011111011;
	287D  :   111111111111110100000000000000100000000011110100;
	287E  :   111111111111111100000000000001000000000011110110;
	287F  :   000000000000000100000000000000110000000011111101;
	2880  :   000000000000000111111111111111100000000011110110;
	2881  :   111111111111110100000000000000110000000011110110;
	2882  :   111111111111111000000000000001000000000011110010;
	2883  :   000000000000000100000000000000110000000011111001;
	2884  :   111111111111111000000000000000100000000011111010;
	2885  :   000000000000000100000000000000100000000011110101;
	2886  :   000000000000000100000000000000110000000011110011;
	2887  :   111111111111111000000000000001000000000011111001;
	2888  :   000000000000000000000000000000100000000011110110;
	2889  :   111111111111111100000000000000000000000011111010;
	288A  :   000000000000000011111111111111110000000011111100;
	288B  :   111111111111111100000000000000100000000011111101;
	288C  :   111111111111111000000000000000100000000011110001;
	288D  :   000000000000001000000000000000100000000011110110;
	288E  :   000000000000000100000000000000110000000011110100;
	288F  :   000000000000001000000000000000100000000011111000;
	2890  :   111111111111111000000000000000110000000011111001;
	2891  :   111111111111111100000000000000110000000011111000;
	2892  :   000000000000000000000000000000100000000011111001;
	2893  :   111111111111110100000000000000100000000011111000;
	2894  :   000000000000000000000000000000110000000011111010;
	2895  :   000000000000000100000000000000110000000011110111;
	2896  :   111111111111101100000000000001100000000011111010;
	2897  :   111111111111111100000000000000010000000011110101;
	2898  :   000000000000000100000000000000110000000011110111;
	2899  :   000000000000001000000000000000010000000011111011;
	289A  :   000000000000001000000000000000010000000011110100;
	289B  :   000000000000001000000000000000010000000011111000;
	289C  :   111111111111111000000000000000000000000011110101;
	289D  :   111111111111111100000000000000110000000011111001;
	289E  :   000000000000000100000000000000010000000011111000;
	289F  :   111111111111110000000000000000100000000011110101;
	28A0  :   111111111111111000000000000000000000000011111001;
	28A1  :   000000000000000100000000000000110000000011111101;
	28A2  :   111111111111111000000000000000100000000011111001;
	28A3  :   111111111111111100000000000000010000000011111001;
	28A4  :   000000000000000100000000000001000000000011110111;
	28A5  :   111111111111110100000000000000110000000011110110;
	28A6  :   000000000000000000000000000000000000000011111001;
	28A7  :   111111111111110100000000000000110000000011110110;
	28A8  :   111111111111111000000000000001010000000011110111;
	28A9  :   111111111111111000000000000000110000000011110101;
	28AA  :   000000000000000100000000000000100000000011111000;
	28AB  :   000000000000000000000000000000100000000011110010;
	28AC  :   111111111111111000000000000000100000000011111001;
	28AD  :   000000000000000000000000000000100000000011111011;
	28AE  :   111111111111111100000000000000010000000011111000;
	28AF  :   000000000000001000000000000000110000000011111000;
	28B0  :   111111111111111100000000000000110000000011111001;
	28B1  :   000000000000000100000000000001000000000011111001;
	28B2  :   111111111111101100000000000000110000000011110101;
	28B3  :   111111111111110000000000000000110000000011111000;
	28B4  :   111111111111111000000000000001110000000011110101;
	28B5  :   111111111111111000000000000001010000000011110011;
	28B6  :   111111111111111000000000000001010000000011111001;
	28B7  :   000000000000001000000000000000010000000011110110;
	28B8  :   000000000000000100000000000000110000000011111001;
	28B9  :   000000000001010111111111100101110000000001110011;
	28BA  :   111111101110000000000000110010111111111110000001;
	28BB  :   111111110000010100000000001001110000001001011101;
	28BC  :   111111111010101111111111110011010000000011000110;
	28BD  :   000000001001011011111111110111100000001001110101;
	28BE  :   000000000011011100000000001110010000001000000001;
	28BF  :   000000000100011111111111111111110000000010101101;
	28C0  :   000000000100100111111111111010101111111111001111;
	28C1  :   000000000001000011111111111101110000000100011111;
	28C2  :   000000000001001111111111101100000000001100111011;
	28C3  :   000000000000110000000000001010010000000011010000;
	28C4  :   000000000000011011111111110111010000000101011101;
	28C5  :   111111111111101011111111111111000000000101001001;
	28C6  :   000000000000101111111111111110010000000001101101;
	28C7  :   000000000000011011111111111101010000000010111011;
	28C8  :   000000000001000111111111111101100000000101000111;
	28C9  :   000000000001011111111111111100100000000011000001;
	28CA  :   000000000001011111111111111110000000000011110111;
	28CB  :   000000000001000011111111111110110000000100101110;
	28CC  :   000000000000010100000000000010000000000100000000;
	28CD  :   111111111111110000000000000000000000000011110101;
	28CE  :   111111111111111000000000000001010000000010010111;
	28CF  :   000000000000010011111111111111110000000011000010;
	28D0  :   111111111111100111111111111110010000000101000000;
	28D1  :   111111111111101011111111111100100000000011011100;
	28D2  :   111111111111111111111111111110010000000011000111;
	28D3  :   111111111111111011111111111101010000000011001011;
	28D4  :   111111111111110000000000000001010000000100011110;
	28D5  :   111111111111111000000000000000110000000011110101;
	28D6  :   111111111111110100000000000010010000000011010000;
	28D7  :   000000000000011100000000000011110000000100001001;
	28D8  :   000000000000000000000000000100010000000100001001;
	28D9  :   000000000000010100000000000100000000000011011000;
	28DA  :   000000000000000000000000000001000000000011110000;
	28DB  :   111111111111110000000000000000000000000100001011;
	28DC  :   000000000000000000000000000000110000000011101001;
	28DD  :   000000000000000000000000000001000000000011100000;
	28DE  :   111111111111111011111111111111110000000100000111;
	28DF  :   111111111111111000000000000000100000000100000001;
	28E0  :   000000000000000100000000000001010000000011101001;
	28E1  :   111111111111110100000000000000100000000011111111;
	28E2  :   111111111111111100000000000001000000000100000001;
	28E3  :   111111111111111100000000000001000000000011110001;
	28E4  :   111111111111101000000000000001010000000011110101;
	28E5  :   111111111111110000000000000001000000000011111100;
	28E6  :   111111111111111000000000000000110000000011110101;
	28E7  :   111111111111111100000000000000100000000011110001;
	28E8  :   000000000000000100000000000000010000000011111110;
	28E9  :   000000000000000100000000000000100000000011110100;
	28EA  :   000000000000000000000000000000100000000011110001;
	28EB  :   111111111111101100000000000000100000000011111110;
	28EC  :   000000000000000000000000000000110000000011110111;
	28ED  :   111111111111111100000000000000110000000011110000;
	28EE  :   111111111111111100000000000000100000000011111010;
	28EF  :   111111111111111100000000000000110000000011111100;
	28F0  :   111111111111111100000000000000110000000011110100;
	28F1  :   111111111111111000000000000000110000000011110111;
	28F2  :   000000000000000100000000000001010000000011111010;
	28F3  :   111111111111110000000000000000000000000011101110;
	28F4  :   111111111111111000000000000001010000000011110011;
	28F5  :   000000000000000000000000000000110000000011111000;
	28F6  :   111111111111110000000000000001010000000011101111;
	28F7  :   111111111111111100000000000001000000000011110101;
	28F8  :   111111111111111100000000000000100000000011111011;
	28F9  :   111111111111111100000000000000100000000011111000;
	28FA  :   111111111111111100000000000001100000000011110000;
	28FB  :   000000000000001000000000000001000000000011111010;
	28FC  :   111111111111110000000000000001000000000011110001;
	28FD  :   111111111111110000000000000001110000000011110100;
	28FE  :   111111111111111100000000000001010000000011111110;
	28FF  :   111111111111110000000000000001000000000011111000;
	2900  :   111111111111111100000000000001000000000011110011;
	2901  :   000000000000000100000000000000100000000011110100;
	2902  :   111111111111111000000000000000110000000011110111;
	2903  :   111111111111110100000000000001000000000011111000;
	2904  :   000000000000000000000000000000010000000011110011;
	2905  :   000000000000000000000000000000010000000011111111;
	2906  :   000000000001110011111111100100011111111111011011;
	2907  :   111111111001010100000001011111010000001011011111;
	2908  :   111111110100110111111111101100011111111101001111;
	2909  :   111111111110010111111111111001011111111100010000;
	290A  :   000000000101100000000000001001010000001010010010;
	290B  :   000000000011100100000000000001110000000111010000;
	290C  :   000000000001100000000000000100000000000001011011;
	290D  :   000000000000100100000000001101100000000010110101;
	290E  :   000000000001101000000000000101010000001111001000;
	290F  :   000000000000001100000000010110010000000010101011;
	2910  :   111111111111100000000000000000010000000100001100;
	2911  :   111111111100010100000000000101000000000101000001;
	2912  :   111111111110001100000000000010110000000001100110;
	2913  :   000000000000001011111111111011110000000000010110;
	2914  :   000000000000100011111111111110000000000101010001;
	2915  :   000000000001111111111111111001110000000100010101;
	2916  :   000000000010010011111111111001110000000001111100;
	2917  :   000000000010101111111111111000100000000100101100;
	2918  :   000000000011010011111111110111100000000100110110;
	2919  :   000000000011000111111111110101110000000011001000;
	291A  :   000000000010110011111111110011100000000011101011;
	291B  :   000000000010110011111111110011010000000100010101;
	291C  :   000000000001100011111111110101110000000011101100;
	291D  :   000000000000000111111111111111100000000011101101;
	291E  :   000000000000001100000000000000110000000100000011;
	291F  :   111111111111111000000000000000000000000011111011;
	2920  :   111111111111100000000000000000000000000011111000;
	2921  :   111111111111101111111111111111110000000011111111;
	2922  :   111111111111111111111111111111110000000011111010;
	2923  :   111111111111110011111111111111100000000011111100;
	2924  :   111111111111110100000000000000010000000011111000;
	2925  :   111111111111100100000000000000000000000011111110;
	2926  :   111111111111111111111111111111100000000100001100;
	2927  :   111111111111101000000000000000100000000011110100;
	2928  :   111111111111011000000000000000010000000100000001;
	2929  :   111111111111100100000000000000100000000100000010;
	292A  :   000000000010001000000000000011000000000001101100;
	292B  :   111111111111010100000000000100100000000010001110;
	292C  :   000000000000011100000000000000100000000100100010;
	292D  :   111111111111110011111111111110110000000010101001;
	292E  :   111111111110111011111111111101100000000101001010;
	292F  :   000000000000000000000000000000110000000011111011;
	2930  :   000000000000011000000000000011000000000011001111;
	2931  :   111111111111101111111111111110010000000100101110;
	2932  :   111111111111101111111111111111000000000011110010;
	2933  :   000000000000001100000000000011110000000011001011;
	2934  :   000000000000000000000000000011010000000011010110;
	2935  :   111111111111111000000000000001000000000100001100;
	2936  :   111111111111111000000000000000010000000011111010;
	2937  :   000000000000001000000000000001110000000011100110;
	2938  :   111111111111111000000000000000100000000011111111;
	2939  :   111111111111111000000000000000100000000100000101;
	293A  :   000000000000000000000000000001010000000011101100;
	293B  :   111111111111110000000000000001010000000011110110;
	293C  :   111111111111111100000000000000000000000100000100;
	293D  :   111111111111111100000000000001000000000011110010;
	293E  :   000000000000000000000000000010000000000011101110;
	293F  :   111111111111110111111111111111110000000011111011;
	2940  :   111111111111110100000000000000110000000011111111;
	2941  :   000000000000001100000000000001000000000011100101;
	2942  :   111111111111101000000000000001000000000011111000;
	2943  :   111111111111101100000000000000100000000100000010;
	2944  :   111111111111111100000000000000110000000011101011;
	2945  :   111111111111101000000000000001000000000011110011;
	2946  :   000000000000000000000000000000010000000100000001;
	2947  :   111111111111111100000000000001000000000011111001;
	2948  :   000000000000000000000000000001010000000011101101;
	2949  :   111111111111110100000000000000100000000011111111;
	294A  :   000000000000000000000000000000010000000011111001;
	294B  :   000000000000000000000000000000100000000011101100;
	294C  :   000000000000000000000000000000010000000011111010;
	294D  :   000000000000000100000000000000010000000011111110;
	294E  :   000000000000000000000000000000110000000011110010;
	294F  :   000000000000000100000000000000100000000011110100;
	2950  :   000000000000001000000000000000010000000011111110;
	2951  :   000000000000000000000000000000010000000011110111;
	2952  :   111111111111110100000000000001000000000011110111;
	2953  :   111111111111111100000000000000000000000011111111;
	2954  :   000000000000000000000000000000000000000011111011;
	2955  :   000000000000000000000000000000100000000011110010;
	2956  :   111111111111101100000000000000100000000011111000;
	2957  :   000000000000000000000000000000100000000011111011;
	2958  :   111111111111101000000000000001010000000011110110;
	2959  :   000000000000000000000000000001100000000011110100;
	295A  :   000000000000000000000000000000100000000011111010;
	295B  :   111111111111111100000000000000100000000011110011;
	295C  :   111111111111111100000000000001000000000011110001;
	295D  :   000000000000000100000000000000000000000011111001;
	295E  :   111111111111110100000000000000010000000011111000;
	295F  :   111111111111111000000000000001100000000011110110;
	2960  :   000000000000010000000000000000110000000011110110;
	2961  :   000000000000000000000000000001000000000011111100;
	2962  :   000000000000000100000000000000110000000011110101;
	2963  :   111111111111110000000000000000110000000011110101;
	2964  :   111111111111111100000000000001000000000100000000;
	2965  :   111111111111111000000000000000010000000011111011;
	2966  :   000000000000000100000000000000100000000011110110;
	2967  :   111111111111110100000000000000100000000011110111;
	2968  :   000000000000001000000000000000010000000011110111;
	2969  :   000000000000000100000000000001110000000011110100;
	296A  :   000000000000000100000000000000100000000011110110;
	296B  :   111111111111110100000000000000110000000011111010;
	296C  :   000000000000000100000000000000110000000011111000;
	296D  :   111111111111111100000000000001000000000011111000;
	296E  :   111111111111110100000000000000100000000011111101;
	296F  :   111111111111111000000000000000100000000011110100;
	[2970..2971]  :   000000000000000000000000000000010000000011110110;
	2972  :   000000000000000000000000000001000000000011110111;
	2973  :   000000000000000100000000000001100000000011110101;
	2974  :   111111111111111000000000000001100000000011110010;
	2975  :   000000000000000100000000000000010000000011111001;
	2976  :   111111111111110000000000000000110000000011110001;
	2977  :   111111111111111000000000000000010000000011111010;
	2978  :   000000000000000000000000000001000000000011111001;
	2979  :   111111111111110100000000000000100000000011110110;
	297A  :   111111111111111100000000000001010000000011111000;
	297B  :   111111111111111100000000000001010000000011111010;
	297C  :   111111111111101100000000000001010000000011110101;
	297D  :   000000000000000000000000000001100000000011110110;
	297E  :   111111111111110100000000000001000000000011111000;
	297F  :   000000000000001000000000000001000000000011111101;
	2980  :   111111111111111100000000000000100000000011111001;
	2981  :   000000000000000000000000000000110000000011111001;
	2982  :   000000000000010100000000000000100000000011111100;
	2983  :   111111111111111000000000000000100000000011111010;
	2984  :   000000000000000000000000000000000000000011110111;
	2985  :   111111111111111100000000000001110000000011111001;
	2986  :   111111111111110000000000000000110000000011111000;
	2987  :   000000000000000000000000000000010000000011110101;
	2988  :   000000000000001000000000000000100000000011111100;
	2989  :   111111111111111111111111111111110000000011110111;
	298A  :   000000000000000000000000000001000000000011110110;
	298B  :   111111111111110100000000000001000000000011111000;
	298C  :   000000000000000000000000000001100000000011110101;
	298D  :   111111111111111000000000000000110000000011111000;
	298E  :   000000000000001000000000000000110000000011111000;
	298F  :   000000000000000000000000000001010000000011111100;
	2990  :   000000000000000000000000000000100000000011110001;
	2991  :   111111111111111000000000000000000000000011110011;
	2992  :   111111111111101000000000000001000000000011111000;
	2993  :   111111111111111000000000000001000000000011111000;
	2994  :   111111111111110100000000000001100000000011111001;
	2995  :   111111111111110000000000000001000000000011111011;
	2996  :   111111111111111000000000000000000000000011111011;
	2997  :   000000000000000000000000000000110000000011110010;
	2998  :   111111111111111100000000000000110000000011110111;
	2999  :   111111111111111100000000000000110000000011111011;
	299A  :   111111111111111100000000000000000000000011110101;
	299B  :   111111111111110100000000000000100000000011110111;
	299C  :   111111111111110100000000000001010000000011111000;
	299D  :   000000000000001000000000000000000000000011110110;
	299E  :   111111111111111100000000000000100000000011110101;
	299F  :   111111111111111100000000000000010000000011110011;
	29A0  :   111111111111111000000000000001110000000011111010;
	29A1  :   000000000000000000000000000001010000000011111000;
	29A2  :   111111111111111100000000000001000000000011111000;
	29A3  :   111111111111111000000000000001010000000011111000;
	29A4  :   000000000000000000000000000001000000000011110011;
	29A5  :   111111111111111100000000000000010000000011111001;
	29A6  :   111111111111111100000000000000110000000011111011;
	29A7  :   000000000000001000000000000001000000000011111001;
	29A8  :   000000000000000100000000000000100000000011110011;
	29A9  :   000000000000000000000000000000010000000011111100;
	29AA  :   111111111111111100000000000000100000000011110101;
	29AB  :   000000000000000000000000000001000000000011110101;
	29AC  :   000000000000000100000000000000010000000011111001;
	29AD  :   111111111111111100000000000001000000000011110101;
	29AE  :   000000000000000000000000000001000000000011111001;
	29AF  :   111111111111110000000000000000110000000011111010;
	29B0  :   000000000000001100000000000001000000000011111001;
	29B1  :   111111111111111000000000000001010000000011110111;
	29B2  :   000000000000000000000000000001010000000011110101;
	29B3  :   000000000000000100000000000000110000000011110011;
	29B4  :   111111111111111100000000000000010000000011110100;
	29B5  :   111111111111111000000000000000010000000011110100;
	29B6  :   000000000000001100000000000000010000000011111010;
	29B7  :   000000000000000000000000000000100000000011111000;
	29B8  :   111111111111111000000000000001010000000011111000;
	29B9  :   000000000000000000000000000001010000000011111011;
	29BA  :   111111111111111100000000000000000000000011110110;
	29BB  :   111111111111111100000000000001010000000011111010;
	29BC  :   000000000000001000000000000000010000000011110110;
	29BD  :   000000000000001000000000000000110000000011111001;
	29BE  :   111111111111111100000000000000110000000011110110;
	29BF  :   000000000000000000000000000000110000000011111001;
	29C0  :   111111111111111000000000000001010000000011110110;
	29C1  :   000000000000000000000000000000110000000011111010;
	29C2  :   000000000000010000000000000001100000000011110110;
	29C3  :   000000000000000000000000000000000000000011110100;
	29C4  :   000000000000000100000000000000110000000011110111;
	29C5  :   000000000000000000000000000000010000000011111010;
	29C6  :   111111111111111000000000000000110000000011111001;
	29C7  :   111111111111111000000000000000100000000011111011;
	29C8  :   111111111111111100000000000000010000000011111001;
	29C9  :   111111111111111100000000000001000000000011110110;
	29CA  :   111111111111111000000000000001000000000011111000;
	29CB  :   111111111111110100000000000001100000000011111001;
	29CC  :   000000000000000000000000000000110000000011111010;
	29CD  :   111111111111101000000000000000100000000011111000;
	29CE  :   000000000000000000000000000000110000000011111010;
	29CF  :   111111111111111100000000000001100000000011110100;
	29D0  :   111111111111111100000000000000100000000011110100;
	29D1  :   111111111111111100000000000000110000000011110101;
	29D2  :   000000000000001000000000000000100000000011111000;
	29D3  :   111111111111111000000000000000100000000011110101;
	29D4  :   000000000000000100000000000000110000000011111010;
	29D5  :   111111111111111000000000000001110000000011111000;
	29D6  :   000000000000000000000000000000110000000011111000;
	29D7  :   111111111111110100000000000000000000000011110101;
	29D8  :   111111111111110000000000000001000000000011110110;
	29D9  :   111111111111110000000000000000110000000011111000;
	29DA  :   111111111111111100000000000000100000000011111100;
	29DB  :   111111111111110000000000000001010000000011111000;
	29DC  :   111111111111111100000000000000110000000011110110;
	29DD  :   000000000000001000000000000000100000000011110100;
	29DE  :   000000000000000000000000000000110000000011110110;
	29DF  :   111111111111110100000000000000100000000011110111;
	29E0  :   000000000000001000000000000000000000000011111011;
	29E1  :   000000000000000100000000000001000000000011110100;
	29E2  :   111111111111111100000000000000110000000011110010;
	29E3  :   111111111111111100000000000001010000000011110111;
	29E4  :   000000000000000100000000000001100000000011110111;
	29E5  :   111111111111111100000000000000110000000011111010;
	29E6  :   111111111111111000000000000000100000000011110101;
	29E7  :   111111111111111100000000000000010000000011111001;
	29E8  :   111111111111110100000000000001110000000011110111;
	29E9  :   111111111111110100000000000001010000000011110100;
	29EA  :   000000000000000100000000000000100000000011110111;
	29EB  :   000000000000000000000000000000000000000011111000;
	29EC  :   111111111111111100000000000000010000000011110101;
	29ED  :   111111111111111000000000000001000000000011111000;
	29EE  :   000000000000000100000000000001010000000011111001;
	29EF  :   111111111111111100000000000000110000000011111001;
	29F0  :   000000000000000000000000000000000000000011111000;
	29F1  :   000000000000000000000000000001010000000011110011;
	29F2  :   111111111111110100000000000001000000000011110111;
	29F3  :   000000000000000000000000000000100000000011110101;
	29F4  :   111111111111111000000000000000110000000011111000;
	29F5  :   111111111111111000000000000000000000000011110101;
	29F6  :   000000000000001000000000000000100000000011111010;
	29F7  :   000000000000000000000000000001000000000011110110;
	29F8  :   111111111111110000000000000000010000000011110111;
	29F9  :   111111111111111100000000000001010000000011110110;
	29FA  :   000000000000000100000000000000100000000011110111;
	29FB  :   000000000000001000000000000000110000000011111011;
	29FC  :   000000000000000000000000000000100000000011111001;
	29FD  :   000000000000000100000000000001000000000011111100;
	29FE  :   111111111111110100000000000000010000000011110011;
	29FF  :   111111111111111100000000000000010000000011110100;
	2A00  :   000000000000001000000000000001110000000011111010;
	2A01  :   111111111111111000000000000001000000000011110001;
	2A02  :   000000000000001100000000000000100000000011111001;
	2A03  :   000000000000000100000000000001000000000011110100;
	2A04  :   111111111111110100000000000000010000000011110110;
	2A05  :   000000000000000100000000000000100000000011110110;
	2A06  :   111111111111111100000000000001000000000011111000;
	2A07  :   111111111111111100000000000000110000000011110100;
	2A08  :   111111111111111100000000000001000000000011110100;
	2A09  :   000000000000001000000000000000100000000011110110;
	2A0A  :   111111111111111100000000000000110000000011110110;
	2A0B  :   111111111111111000000000000000000000000011111001;
	2A0C  :   111111111111111100000000000001000000000011111011;
	2A0D  :   111111111111111100000000000000110000000011110101;
	2A0E  :   000000000000000100000000000001000000000011111000;
	2A0F  :   111111111111111100000000000000100000000011110111;
	2A10  :   111111111111110000000000000001110000000011110101;
	2A11  :   000000000000000000000000000000100000000011111100;
	2A12  :   000000000000000000000000000001010000000011111001;
	2A13  :   000000000000000000000000000000100000000011111010;
	2A14  :   111111111111111100000000000000100000000011110110;
	2A15  :   000000000000000000000000000001100000000011111011;
	2A16  :   111111111111111100000000000000100000000011110111;
	2A17  :   111111111111110000000000000001010000000011110111;
	2A18  :   111111111111110000000000000000000000000011110110;
	2A19  :   111111111111111100000000000000100000000011110101;
	2A1A  :   111111111111111100000000000001100000000011110111;
	2A1B  :   000000000000000000000000000000010000000011110111;
	2A1C  :   111111111111111100000000000000000000000011110011;
	2A1D  :   000000000000001000000000000000110000000011111000;
	2A1E  :   000000000000000000000000000001000000000011110101;
	2A1F  :   111111111111110000000000000000110000000011110100;
	2A20  :   000000000000000000000000000000100000000011111010;
	2A21  :   000000000000000000000000000000010000000011111100;
	2A22  :   000000000000000000000000000001010000000011111011;
	2A23  :   000000000000001000000000000000100000000011110110;
	2A24  :   000000000000000000000000000000100000000011110111;
	2A25  :   000000000000000000000000000000010000000011110100;
	2A26  :   111111111111110100000000000000110000000011111001;
	2A27  :   000000000000001100000000000000100000000011111000;
	2A28  :   111111111111110100000000000000110000000011110110;
	2A29  :   111111111111110100000000000000110000000011110111;
	2A2A  :   000000000000000000000000000000100000000011111001;
	2A2B  :   000000000000000100000000000000100000000011110101;
	2A2C  :   000000000000000100000000000001000000000011111000;
	2A2D  :   111111111111110100000000000000110000000011110101;
	2A2E  :   000000000000000100000000000000100000000011110111;
	2A2F  :   111111111111110100000000000000000000000011110110;
	2A30  :   111111111111111100000000000000110000000011111001;
	2A31  :   111111111111110000000000000000100000000011111000;
	2A32  :   111111111111111000000000000001000000000011111010;
	2A33  :   111111111111110000000000000000010000000011111010;
	2A34  :   111111111111111100000000000000110000000011111000;
	2A35  :   111111111111110100000000000001010000000011111011;
	2A36  :   111111111111111100000000000001000000000011110101;
	2A37  :   111111111111101100000000000000010000000011110100;
	2A38  :   111111111111101100000000000001000000000011110101;
	2A39  :   000000000000000100000000000001000000000011110111;
	2A3A  :   000000000000000000000000000000110000000011110101;
	2A3B  :   111111111111110100000000000000110000000011111011;
	2A3C  :   111111111111111000000000000001000000000011110110;
	2A3D  :   111111111111111000000000000000100000000011110011;
	2A3E  :   000000000000000000000000000001000000000011111001;
	2A3F  :   000000000000000100000000000000000000000011111001;
	2A40  :   111111111111110100000000000001010000000011110100;
	2A41  :   111111111111110000000000000001000000000011110100;
	2A42  :   111111111111111100000000000000110000000011111000;
	2A43  :   111111111111111000000000000001000000000011111000;
	2A44  :   111111111111111100000000000000010000000011111011;
	2A45  :   111111111111111000000000000001000000000011111000;
	2A46  :   111111111111111100000000000000100000000011111000;
	2A47  :   000000000000000011111111111111110000000011111000;
	2A48  :   000000000000000000000000000000100000000011110110;
	2A49  :   111111111111111000000000000000110000000011111001;
	2A4A  :   111111111111111000000000000001000000000011110101;
	2A4B  :   111111111111110000000000000000110000000011111000;
	2A4C  :   111111111111111100000000000000110000000011111010;
	2A4D  :   111111111111111000000000000001000000000011110111;
	2A4E  :   111111111111110100000000000000100000000011111001;
	2A4F  :   000000000000000000000000000001000000000011111000;
	2A50  :   111111111111111011111111111111100000000011111001;
	2A51  :   111111111111111100000000000000100000000011110111;
	2A52  :   111111111111111100000000000001100000000011111000;
	2A53  :   000000000000001000000000000001010000000011111001;
	2A54  :   000000000000000100000000000000000000000011111000;
	2A55  :   111111111111110000000000000001010000000011110111;
	2A56  :   111111111111110000000000000000010000000011111000;
	2A57  :   111111111111111000000000000001100000000011111000;
	2A58  :   111111111111110100000000000001000000000011111010;
	2A59  :   111111111111110000000000000000100000000011111000;
	2A5A  :   111111111111111100000000000001010000000011110011;
	2A5B  :   111111111111111100000000000000110000000011111010;
	2A5C  :   000000000000000100000000000000110000000011111011;
	2A5D  :   000000000000000100000000000000100000000011110111;
	2A5E  :   111111111111111000000000000010000000000011110110;
	2A5F  :   111111111111110100000000000001010000000011110100;
	2A60  :   000000000000000100000000000000100000000011110111;
	2A61  :   000000000000001000000000000000100000000011110111;
	2A62  :   111111111111111000000000000000010000000011111000;
	2A63  :   111111111111110100000000000001110000000011111010;
	2A64  :   111111111111111100000000000000100000000011110111;
	2A65  :   000000000000000100000000000000110000000011110111;
	2A66  :   111111111111111100000000000001000000000011110011;
	2A67  :   111111111111111100000000000000100000000011110011;
	2A68  :   111111111111111100000000000001000000000011111001;
	2A69  :   000000000000000000000000000001010000000011110101;
	2A6A  :   000000000000000000000000000001010000000011111001;
	2A6B  :   111111111111111100000000000001000000000011111010;
	2A6C  :   000000000000000000000000000001010000000011110100;
	2A6D  :   111111111111110100000000000001010000000011111001;
	2A6E  :   000000000000000000000000000000110000000011110100;
	2A6F  :   111111111111111100000000000000110000000011111010;
	2A70  :   000000000000000000000000000000110000000011110111;
	2A71  :   000000000000000000000000000000010000000011110101;
	2A72  :   111111111111111100000000000001000000000011111000;
	2A73  :   111111111111111100000000000000000000000011111010;
	2A74  :   000000000000000000000000000000100000000011110101;
	2A75  :   000000000000001000000000000000010000000011110101;
	2A76  :   000000000000000100000000000000010000000011110011;
	2A77  :   111111111111110000000000000000010000000011110110;
	2A78  :   111111111111110100000000000000110000000011111011;
	2A79  :   000000000000001000000000000001000000000011111001;
	2A7A  :   111111111111111100000000000000110000000011111000;
	2A7B  :   111111111111111111111111111111110000000011110010;
	2A7C  :   000000000000000100000000000000010000000011111100;
	2A7D  :   000000000000000000000000000000010000000011110111;
	2A7E  :   000000000000000000000000000000110000000011111111;
	2A7F  :   000000000000000000000000000000110000000011110110;
	2A80  :   000000000000000000000000000001000000000011110101;
	2A81  :   000000000000000000000000000000100000000011110110;
	2A82  :   111111111111110100000000000000110000000011111100;
	2A83  :   000000000000001100000000000000110000000011110110;
	2A84  :   111111111111111100000000000001010000000011111001;
	2A85  :   000000000000000100000000000001000000000011110101;
	2A86  :   111111111111111000000000000000010000000011111001;
	2A87  :   000000000000000100000000000000010000000011110110;
	2A88  :   000000000000001100000000000000010000000011111001;
	2A89  :   000000000000000100000000000000100000000011110111;
	2A8A  :   000000000000001000000000000001000000000011110101;
	2A8B  :   111111111111111100000000000000100000000011111001;
	2A8C  :   000000000000000100000000000000000000000011110100;
	2A8D  :   000000000000000000000000000000110000000011110110;
	2A8E  :   111111111111111100000000000000100000000011111011;
	2A8F  :   111111111111111000000000000000110000000011110111;
	2A90  :   111111111111111000000000000000110000000011110110;
	2A91  :   111111111111111100000000000000100000000011111000;
	2A92  :   000000000000000100000000000000100000000011111011;
	2A93  :   111111111111111100000000000000000000000011111001;
	2A94  :   000000000000000100000000000000100000000011111010;
	2A95  :   111111111111111111111111111111100000000011110101;
	2A96  :   000000000000000100000000000001010000000011110110;
	2A97  :   111111111111101100000000000000110000000011110110;
	2A98  :   111111111111111100000000000001010000000011110111;
	2A99  :   000000000000000000000000000000100000000011111010;
	2A9A  :   000000000000000000000000000000110000000011110101;
	2A9B  :   111111111111111000000000000000010000000011111000;
	2A9C  :   000000000000000000000000000000100000000011111000;
	2A9D  :   111111111111111100000000000000010000000011110101;
	2A9E  :   111111111111111100000000000000100000000011110011;
	2A9F  :   000000000000001000000000000000010000000011111000;
	2AA0  :   111111111111110100000000000001010000000011110111;
	2AA1  :   111111111111110000000000000000110000000011110111;
	2AA2  :   000000000000000000000000000000010000000011111010;
	2AA3  :   000000000000000100000000000000000000000011111010;
	2AA4  :   000000000000000100000000000000000000000011110011;
	2AA5  :   000000000000000000000000000000010000000011111000;
	2AA6  :   111111111111111100000000000001000000000011111010;
	2AA7  :   000000000000001000000000000001110000000011110111;
	2AA8  :   111111111111111000000000000001000000000011110011;
	2AA9  :   111111111111111100000000000000110000000011111110;
	2AAA  :   000000000000000000000000000000000000000011110100;
	2AAB  :   111111111111110000000000000000000000000011111001;
	2AAC  :   111111111111111000000000000000000000000011111011;
	2AAD  :   000000000000000000000000000000100000000011110010;
	2AAE  :   000000000000000000000000000001010000000011110001;
	2AAF  :   111111111111110100000000000000110000000011110011;
	2AB0  :   111111111111110000000000000000010000000011110010;
	2AB1  :   000000000000001000000000000001000000000011111010;
	2AB2  :   111111111111110100000000000001010000000011111001;
	2AB3  :   111111111111111100000000000001010000000011111010;
	2AB4  :   111111111111111000000000000001110000000011110011;
	2AB5  :   111111111111101000000000000000100000000011110010;
	2AB6  :   111111111111111000000000000000010000000011111100;
	2AB7  :   000000000000000100000000000000100000000011111010;
	2AB8  :   111111111111110000000000000000110000000011111001;
	2AB9  :   000000000000000100000000000001000000000011111010;
	2ABA  :   000000000000000000000000000000010000000011110101;
	2ABB  :   000000000000000100000000000001000000000011110100;
	2ABC  :   000000000000000000000000000000010000000011110100;
	2ABD  :   000000000000000000000000000000010000000011110101;
	2ABE  :   111111111111111100000000000001100000000011110110;
	2ABF  :   111111111111101000000000000001010000000011110111;
	2AC0  :   000000000000000000000000000000110000000011111001;
	2AC1  :   111111111111111100000000000001000000000011110001;
	2AC2  :   000000000000001100000000000000110000000011111101;
	2AC3  :   111111111111110100000000000000000000000011110010;
	2AC4  :   000000000000001000000000000000010000000011110110;
	2AC5  :   000000000000000000000000000000110000000011110010;
	2AC6  :   111111111111111000000000000001010000000011111010;
	2AC7  :   111111111111111000000000000000110000000011110011;
	2AC8  :   000000000000000000000000000000100000000011111100;
	2AC9  :   000000000000000000000000000000100000000011111010;
	2ACA  :   000000000000000000000000000000110000000011111010;
	2ACB  :   111111111111111100000000000001100000000011111001;
	2ACC  :   111111111111111000000000000000010000000011110011;
	2ACD  :   111111111111111100000000000000100000000011111000;
	2ACE  :   111111111111111100000000000000110000000011111000;
	2ACF  :   111111111111111000000000000000100000000011111001;
	2AD0  :   000000000000000000000000000000010000000011110100;
	2AD1  :   000000000000000000000000000000100000000011110101;
	2AD2  :   111111111111110100000000000000100000000011111000;
	2AD3  :   000000000000000100000000000000110000000011110110;
	2AD4  :   111111111111110100000000000000110000000011110111;
	2AD5  :   000000000000000100000000000000110000000011111100;
	2AD6  :   000000000000001000000000000000000000000011111010;
	2AD7  :   111111111111111000000000000000010000000011111001;
	2AD8  :   000000000000000100000000000001100000000011111100;
	2AD9  :   111111111111111100000000000000110000000011111001;
	2ADA  :   111111111111110000000000000000100000000011111000;
	2ADB  :   000000000000000000000000000001100000000011111001;
	2ADC  :   000000000000000100000000000000110000000011110111;
	2ADD  :   000000000000000000000000000000100000000011110110;
	2ADE  :   111111111111111100000000000001010000000011111001;
	2ADF  :   111111111111111100000000000000100000000011110110;
	2AE0  :   111111111111110000000000000000010000000011110111;
	2AE1  :   111111111111111000000000000000100000000011111010;
	2AE2  :   111111111111111100000000000001010000000011110111;
	2AE3  :   000000000000001000000000000000100000000011110101;
	2AE4  :   111111111111111100000000000000010000000011111001;
	2AE5  :   000000000000000000000000000000110000000011110011;
	2AE6  :   111111111111111100000000000000100000000011110100;
	2AE7  :   000000000000000000000000000010000000000011110110;
	2AE8  :   111111111111111100000000000000010000000011111000;
	2AE9  :   000000000000000100000000000000110000000011111100;
	2AEA  :   000000000000000000000000000000000000000011111000;
	2AEB  :   111111111111110000000000000000100000000011110011;
	2AEC  :   111111111111111100000000000000000000000011110011;
	2AED  :   000000000000000000000000000000100000000011110110;
	2AEE  :   111111111111111100000000000000010000000011110110;
	2AEF  :   000000000000001000000000000000100000000011110110;
	2AF0  :   111111111111110000000000000000100000000011110001;
	2AF1  :   111111111111111000000000000000100000000011110101;
	2AF2  :   111111111111101000000000000000100000000011110100;
	2AF3  :   111111111111111100000000000000110000000011110110;
	2AF4  :   000000000000000000000000000000000000000011111001;
	2AF5  :   000000000000000100000000000000110000000011110101;
	2AF6  :   000000000000000000000000000000100000000011111000;
	2AF7  :   000000000000000000000000000000100000000011110110;
	2AF8  :   000000000000000100000000000000110000000011111001;
	2AF9  :   000000000000000100000000000000000000000011110101;
	2AFA  :   111111111111111000000000000001000000000011111011;
	2AFB  :   111111111111111100000000000000110000000011110010;
	2AFC  :   000000000000000100000000000001100000000011110100;
	[2AFD..2AFE]  :   111111111111111100000000000000110000000011110111;
	2AFF  :   111111111111111000000000000000100000000011110111;
	2B00  :   000000000000001000000000000000100000000011110111;
	2B01  :   111111111111111100000000000000000000000011111000;
	2B02  :   111111111111110000000000000000110000000011111011;
	2B03  :   000000000000000000000000000000100000000011110101;
	2B04  :   000000000000000100000000000000100000000011111010;
	2B05  :   000000000000000000000000000001100000000011111010;
	2B06  :   000000000000000100000000000000010000000011111001;
	2B07  :   000000000000001100000000000000100000000011110111;
	2B08  :   111111111111111000000000000000100000000011110110;
	2B09  :   111111111111111100000000000000100000000011110101;
	2B0A  :   111111111111111000000000000000100000000011110101;
	2B0B  :   111111111111111100000000000000110000000011110100;
	2B0C  :   000000000000000100000000000000010000000011110100;
	2B0D  :   000000000000010011111111111111110000000011110000;
	2B0E  :   000000000000000100000000000000000000000011110111;
	2B0F  :   000000000000000100000000000000110000000011110101;
	2B10  :   000000000000001000000000000000010000000011110010;
	2B11  :   000000000000000000000000000001100000000011110100;
	2B12  :   000000000000000000000000000000110000000011111000;
	2B13  :   111111111111101100000000000001010000000011111010;
	2B14  :   111111111111111100000000000000010000000011110110;
	2B15  :   000000000000000000000000000001010000000011110101;
	2B16  :   000000000000000000000000000000110000000011111001;
	2B17  :   111111111111111000000000000001100000000011110100;
	2B18  :   111111111111110000000000000001100000000011110111;
	2B19  :   111111111111111000000000000000100000000011111000;
	2B1A  :   111111111111111000000000000000010000000011111011;
	2B1B  :   111111111111111100000000000000100000000011111000;
	2B1C  :   000000000000000100000000000000110000000011111000;
	2B1D  :   000000000000000000000000000000100000000011111100;
	2B1E  :   111111111111110100000000000000100000000011110100;
	2B1F  :   111111111111111000000000000000110000000011110110;
	2B20  :   111111111111110100000000000000110000000011111000;
	2B21  :   111111111111111100000000000000100000000011110110;
	[2B22..2B23]  :   000000000000000000000000000000100000000011110010;
	2B24  :   000000000000010100000000000000100000000011110110;
	2B25  :   111111111111110100000000000000110000000011110101;
	2B26  :   111111111111111000000000000000010000000011110010;
	2B27  :   111111111111101000000000000000100000000011110100;
	2B28  :   000000000000000100000000000001100000000011110110;
	2B29  :   111111111111111000000000000000100000000011111010;
	2B2A  :   111111111111111100000000000000100000000011111001;
	2B2B  :   111111111111111100000000000000110000000011110101;
	2B2C  :   000000000000000100000000000000110000000011110111;
	2B2D  :   111111111111111100000000000000010000000011110100;
	2B2E  :   111111111111111100000000000000100000000011111000;
	2B2F  :   000000000000000000000000000000100000000011111000;
	2B30  :   111111111111111100000000000000110000000011111001;
	2B31  :   111111111111110100000000000000000000000011111011;
	2B32  :   000000000000000000000000000000010000000011110100;
	2B33  :   111111111111111100000000000000100000000011111001;
	2B34  :   111111111111111100000000000001100000000011111010;
	2B35  :   000000000000000000000000000001110000000011110110;
	2B36  :   111111111111101000000000000001010000000011111011;
	2B37  :   000000000000000100000000000000100000000011111001;
	2B38  :   111111111111110100000000000001000000000011110101;
	2B39  :   111111111111111100000000000001000000000011110101;
	2B3A  :   000000000000000000000000000000110000000011110101;
	2B3B  :   111111111111111100000000000000010000000011111001;
	2B3C  :   000000000000000000000000000000110000000011111001;
	2B3D  :   000000000000000100000000000000110000000011110011;
	2B3E  :   000000000000000000000000000001010000000011110101;
	2B3F  :   000000000000000100000000000000000000000011101111;
	2B40  :   000000000000000000000000000000110000000011111001;
	2B41  :   111111111111111100000000000000010000000011110100;
	2B42  :   111111111111110000000000000001000000000011110111;
	2B43  :   111111111111110100000000000001000000000011111010;
	2B44  :   111111111111111100000000000000110000000011110011;
	2B45  :   111111111111111100000000000001000000000011111001;
	2B46  :   111111111111111000000000000000100000000011111001;
	2B47  :   111111111111111000000000000001000000000011110100;
	2B48  :   111111111111110100000000000000100000000011111000;
	2B49  :   000000000000001000000000000000110000000011111001;
	2B4A  :   111111111111111000000000000001010000000011111010;
	2B4B  :   111111111111111100000000000000100000000011110110;
	2B4C  :   111111111111111100000000000001000000000011110011;
	2B4D  :   000000000000000000000000000000100000000011111000;
	2B4E  :   000000000000001000000000000000100000000011110111;
	2B4F  :   000000000000000000000000000000100000000011110111;
	2B50  :   111111111111110000000000000001000000000011111010;
	2B51  :   000000000000001000000000000001000000000011110110;
	2B52  :   111111111111110100000000000000100000000011111000;
	2B53  :   000000000000000011111111111111100000000011111000;
	2B54  :   000000000000001100000000000001010000000011111001;
	2B55  :   000000000000000011111111111111110000000011110010;
	2B56  :   111111111111111100000000000001010000000011111000;
	2B57  :   111111111111111000000000000000110000000011111001;
	2B58  :   000000000000000100000000000000010000000011111000;
	2B59  :   000000000000000100000000000001110000000011111011;
	2B5A  :   111111111111111100000000000000010000000011111000;
	2B5B  :   111111111111111000000000000000110000000011110100;
	2B5C  :   111111111111111000000000000000100000000011110101;
	2B5D  :   111111111111111100000000000000100000000011110110;
	2B5E  :   111111111111110100000000000000100000000011110100;
	2B5F  :   111111111111111100000000000001000000000011110111;
	2B60  :   000000000000000100000000000001110000000011110111;
	2B61  :   000000000000000100000000000000100000000011110110;
	2B62  :   111111111111111100000000000000110000000011111001;
	2B63  :   000000000000000000000000000000100000000011110011;
	2B64  :   111111111111111100000000000001000000000011111000;
	2B65  :   111111111111111100000000000001000000000011111011;
	2B66  :   111111111111110000000000000000100000000011110011;
	2B67  :   111111111111111100000000000000110000000011110010;
	2B68  :   111111111111110100000000000001000000000011110110;
	2B69  :   000000000000000000000000000000010000000011110101;
	2B6A  :   000000000000000000000000000000010000000011111001;
	2B6B  :   111111111111111100000000000000100000000011110100;
	2B6C  :   000000000000000000000000000000010000000011111001;
	2B6D  :   000000000000000000000000000000010000000011110111;
	2B6E  :   111111111111111100000000000000110000000011111101;
	2B6F  :   000000000000000000000000000000110000000011110110;
	2B70  :   000000000000000100000000000000110000000011111000;
	2B71  :   000000000000000100000000000001100000000011111100;
	2B72  :   000000000000001100000000000000010000000011111000;
	2B73  :   000000000000000000000000000001100000000011111100;
	2B74  :   000000000000000000000000000000110000000011110111;
	2B75  :   000000000000000100000000000000100000000011110111;
	2B76  :   000000000000001000000000000001010000000011110100;
	2B77  :   000000000000000100000000000001000000000011110110;
	2B78  :   000000000000000000000000000000100000000011110110;
	2B79  :   111111111111111100000000000000100000000011110100;
	2B7A  :   111111111111111100000000000001000000000011111001;
	2B7B  :   111111111111111100000000000001000000000011110101;
	2B7C  :   111111111111111011111111111111110000000011111011;
	2B7D  :   111111111111111000000000000000100000000011111011;
	2B7E  :   111111111111110100000000000000100000000011110111;
	2B7F  :   111111111111111100000000000001000000000011110110;
	2B80  :   111111111111101100000000000000010000000011111100;
	2B81  :   111111111111111000000000000000000000000011110111;
	2B82  :   111111111111111000000000000001000000000011110010;
	2B83  :   111111111111101100000000000000100000000011110111;
	2B84  :   000000000000000000000000000000100000000011111001;
	2B85  :   111111111111101100000000000001000000000011111011;
	2B86  :   111111111111111100000000000000010000000011110111;
	2B87  :   111111111111111000000000000000110000000011111001;
	2B88  :   111111111111111100000000000000110000000011110101;
	2B89  :   111111111111111000000000000000010000000011111001;
	2B8A  :   000000000000000000000000000000010000000011110111;
	2B8B  :   111111111111111100000000000001000000000011110110;
	2B8C  :   000000000000000000000000000001010000000011111001;
	2B8D  :   000000000000000000000000000000110000000011110111;
	2B8E  :   111111111111111100000000000000010000000011110110;
	2B8F  :   000000000000000100000000000000010000000011110111;
	2B90  :   111111111111110100000000000000100000000011111000;
	2B91  :   000000000000000100000000000000110000000011110111;
	2B92  :   111111111111110000000000000001000000000011110111;
	2B93  :   111111111111111000000000000010000000000011111011;
	2B94  :   000000000000000000000000000000110000000011111000;
	2B95  :   111111111111111100000000000000010000000011110010;
	2B96  :   111111111111110100000000000001010000000011110101;
	2B97  :   111111111111110000000000000000100000000011110111;
	2B98  :   000000000000000100000000000000100000000011111001;
	2B99  :   000000000000000000000000000001110000000011111000;
	2B9A  :   111111111111111100000000000000100000000011111001;
	2B9B  :   000000000000001100000000000000110000000011111010;
	2B9C  :   000000000000000000000000000000010000000011110100;
	2B9D  :   000000000000000000000000000000110000000011111000;
	2B9E  :   111111111111111100000000000000110000000011111000;
	2B9F  :   000000000000000000000000000001100000000011111001;
	2BA0  :   111111111111111100000000000000110000000011110010;
	2BA1  :   111111111111101100000000000000010000000011110011;
	2BA2  :   111111111111111000000000000000110000000011111100;
	2BA3  :   000000000000000100000000000001000000000011110110;
	2BA4  :   111111111111111100000000000000000000000011111001;
	2BA5  :   000000000000001000000000000000100000000011110110;
	2BA6  :   000000000000000000000000000000010000000011111010;
	2BA7  :   000000000000000000000000000000000000000011110011;
	2BA8  :   000000000000000000000000000000010000000011110110;
	2BA9  :   111111111111111000000000000000100000000011111000;
	2BAA  :   111111111111110100000000000000010000000011111100;
	2BAB  :   000000000000000100000000000000010000000011110111;
	2BAC  :   111111111111110100000000000000110000000011110111;
	2BAD  :   000000000000000100000000000000010000000011110010;
	2BAE  :   000000000000000000000000000000010000000011110110;
	2BAF  :   111111111111111000000000000001010000000011110011;
	2BB0  :   111111111111111100000000000000100000000011110111;
	2BB1  :   111111111111111100000000000001100000000011110110;
	2BB2  :   000000000000000100000000000000100000000011110101;
	2BB3  :   111111111111110100000000000001100000000011110111;
	2BB4  :   000000000000000000000000000000010000000011110101;
	2BB5  :   111111111111111100000000000001000000000011111011;
	2BB6  :   000000000000000100000000000000110000000011111111;
	2BB7  :   000000000000000100000000000000100000000011110011;
	2BB8  :   000000000000001000000000000001000000000011110101;
	2BB9  :   111111111111110100000000000000110000000011111000;
	2BBA  :   111111111111111100000000000001000000000011110100;
	2BBB  :   111111111111110000000000000000110000000011111011;
	2BBC  :   111111111111111100000000000001000000000011111110;
	2BBD  :   000000000000000000000000000000110000000011111000;
	2BBE  :   111111111111111000000000000000110000000011110100;
	2BBF  :   000000000000000000000000000000100000000011110111;
	2BC0  :   111111111111110000000000000001010000000011110100;
	2BC1  :   111111111111101100000000000000100000000011111000;
	2BC2  :   000000000000000000000000000000000000000011110100;
	2BC3  :   111111111111111000000000000000110000000011111001;
	2BC4  :   000000000000001000000000000001100000000011110111;
	2BC5  :   000000000000000100000000000001000000000011110111;
	2BC6  :   000000000000000000000000000000110000000011110111;
	2BC7  :   111111111111111000000000000001110000000011111001;
	2BC8  :   111111111111111100000000000001100000000011110100;
	2BC9  :   000000000000000000000000000001000000000011111111;
	2BCA  :   111111111111111000000000000000110000000011111010;
	2BCB  :   000000000000000100000000000000110000000011110101;
	2BCC  :   111111111111111100000000000000100000000011110001;
	2BCD  :   111111111111111100000000000001010000000011110101;
	2BCE  :   111111111111110100000000000000110000000011111001;
	2BCF  :   000000000000000100000000000000100000000011111000;
	2BD0  :   000000000000000000000000000001010000000011110110;
	2BD1  :   111111111111111000000000000000000000000011110111;
	2BD2  :   000000000000000000000000000000110000000011110101;
	2BD3  :   111111111111111100000000000001000000000011111010;
	2BD4  :   000000000000000000000000000001000000000011110111;
	2BD5  :   000000000000000100000000000000110000000011111000;
	2BD6  :   000000000000000100000000000000100000000011111010;
	2BD7  :   111111111111111100000000000001000000000011110111;
	2BD8  :   111111111111111000000000000000110000000011111010;
	2BD9  :   000000000000000100000000000001000000000011111000;
	2BDA  :   000000000000000100000000000000110000000011110110;
	2BDB  :   111111111111111100000000000000010000000011110101;
	2BDC  :   111111111111111100000000000000100000000011111011;
	2BDD  :   000000000000001000000000000000100000000011110100;
	2BDE  :   000000000000000100000000000000110000000011111000;
	2BDF  :   000000000000001100000000000000100000000011101110;
	2BE0  :   111111111111111100000000000001000000000011110111;
	2BE1  :   000000000000000100000000000000100000000011111100;
	2BE2  :   000000000000000100000000000000010000000011111000;
	2BE3  :   000000000000000000000000000000100000000011110110;
	2BE4  :   000000000000010000000000000000010000000011110100;
	2BE5  :   000000000000001000000000000000100000000011111100;
	2BE6  :   111111111111111100000000000000100000000011110110;
	2BE7  :   111111111111111100000000000000100000000011110101;
	2BE8  :   111111111111101100000000000000100000000011111001;
	2BE9  :   111111111111110000000000000000010000000011111001;
	2BEA  :   111111111111110100000000000001000000000011110111;
	2BEB  :   111111111111110000000000000000100000000011110110;
	2BEC  :   000000000000000000000000000001110000000011111010;
	2BED  :   111111111111111100000000000000110000000011111011;
	[2BEE..2BEF]  :   111111111111111100000000000001000000000011110010;
	2BF0  :   111111111111100100000000000000110000000011110101;
	2BF1  :   000000000000000000000000000000100000000011110101;
	2BF2  :   111111111111110100000000000000100000000011111010;
	2BF3  :   000000000000000000000000000000000000000011110111;
	2BF4  :   000000000000000000000000000001000000000011111001;
	2BF5  :   000000000000000100000000000001000000000011111011;
	2BF6  :   111111111111111100000000000000110000000011110101;
	2BF7  :   111111111111111000000000000001110000000011110101;
	2BF8  :   000000000000001000000000000001100000000011111101;
	2BF9  :   111111111111111100000000000001000000000011111100;
	2BFA  :   111111111111111100000000000001100000000011111010;
	2BFB  :   111111111111110100000000000001000000000011111011;
	2BFC  :   111111111111111000000000000010000000000011110100;
	2BFD  :   111111111111111100000000000001000000000011110111;
	2BFE  :   111111111111111100000000000000110000000011111010;
	2BFF  :   111111111111110100000000000001110000000011110110;
	2C00  :   111111111111111100000000000000010000000011111011;
	2C01  :   000000000000000000000000000001010000000011110101;
	2C02  :   111111111111111000000000000000010000000011110110;
	2C03  :   000000000000000000000000000000000000000011110100;
	2C04  :   000000000000001000000000000000110000000011111000;
	2C05  :   111111111111111100000000000000000000000011110111;
	2C06  :   000000000000000100000000000000010000000011110101;
	2C07  :   111111111111111100000000000000010000000011111011;
	2C08  :   111111111111111000000000000000000000000011111001;
	2C09  :   111111111111111000000000000000100000000011110111;
	2C0A  :   111111111111101000000000000000000000000011110100;
	2C0B  :   111111111111110011111111111111110000000011110001;
	2C0C  :   111111111111110100000000000000010000000011110011;
	2C0D  :   111111111111110100000000000000010000000011110110;
	2C0E  :   000000000000001000000000000000010000000011111000;
	2C0F  :   000000000000000000000000000000010000000011101111;
	2C10  :   000000000000000100000000000001000000000011110100;
	2C11  :   111111111111111100000000000001010000000011111011;
	2C12  :   000000000000000000000000000000100000000011110101;
	2C13  :   111111111111111000000000000001100000000011111011;
	2C14  :   111111111111110011111111111111110000000011110110;
	2C15  :   111111111111111100000000000001010000000011110110;
	2C16  :   111111111111110000000000000001000000000011111001;
	2C17  :   111111111111111100000000000001000000000011111000;
	2C18  :   111111111111111100000000000001010000000011111011;
	2C19  :   111111111111110000000000000001000000000011111011;
	2C1A  :   111111111111111000000000000000100000000011111010;
	2C1B  :   111111111111110000000000000000010000000011110111;
	2C1C  :   111111111111111000000000000000010000000011110111;
	2C1D  :   000000000000000100000000000000100000000011110110;
	2C1E  :   111111111111111100000000000000110000000011110110;
	2C1F  :   111111111111111100000000000001010000000011111000;
	2C20  :   111111111111111000000000000001000000000011110101;
	2C21  :   111111111111110100000000000001000000000011111011;
	2C22  :   111111111111110100000000000001100000000011111001;
	2C23  :   111111111111111000000000000001110000000011110110;
	2C24  :   000000000000000000000000000010000000000011111100;
	2C25  :   111111111111111000000000000001010000000011111010;
	2C26  :   111111111111110100000000000000110000000011110100;
	2C27  :   111111111111110000000000000000110000000011110111;
	2C28  :   111111111111111100000000000000100000000011110111;
	2C29  :   000000000000000100000000000000010000000011110101;
	2C2A  :   111111111111111100000000000000010000000011111000;
	2C2B  :   000000000000001000000000000000100000000011111010;
	2C2C  :   000000000000000100000000000001100000000011111011;
	2C2D  :   000000000000001000000000000000110000000011111010;
	2C2E  :   000000000000001000000000000000100000000011110111;
	2C2F  :   000000000000000000000000000001010000000011110101;
	2C30  :   111111111111111000000000000000010000000011110111;
	2C31  :   111111111111111000000000000001010000000011110011;
	2C32  :   111111111111101000000000000000100000000011110110;
	2C33  :   000000000000000100000000000001100000000011111001;
	2C34  :   111111111111111100000000000000100000000011111001;
	2C35  :   111111111111110100000000000001100000000011110110;
	2C36  :   111111111111110000000000000001010000000011110111;
	2C37  :   000000000000000000000000000000110000000011111011;
	2C38  :   111111111111111100000000000001100000000011110100;
	2C39  :   000000000000000100000000000000010000000011110100;
	2C3A  :   111111111111111000000000000000110000000011110110;
	2C3B  :   000000000000000011111111111111110000000011110110;
	2C3C  :   111111111111111000000000000000010000000011111000;
	2C3D  :   111111111111111100000000000001100000000011110100;
	2C3E  :   000000000000000000000000000000110000000011110010;
	2C3F  :   000000000000001000000000000000010000000011110101;
	2C40  :   111111111111111000000000000000110000000011111001;
	2C41  :   000000000000000000000000000000100000000011111010;
	2C42  :   000000000000000000000000000000000000000011110110;
	2C43  :   000000000000000100000000000000100000000011110111;
	2C44  :   000000000000000000000000000000000000000011111000;
	2C45  :   111111111111110100000000000000100000000011110100;
	2C46  :   111111111111111000000000000001010000000011110100;
	2C47  :   111111111111111100000000000001010000000011110101;
	2C48  :   000000000000010000000000000000110000000011110001;
	2C49  :   111111111111111000000000000000110000000011110101;
	2C4A  :   111111111111110000000000000001000000000011110010;
	2C4B  :   000000000000000100000000000001010000000011110111;
	2C4C  :   000000000000000000000000000000010000000011111010;
	2C4D  :   000000000000000000000000000001010000000011110111;
	2C4E  :   111111111111111100000000000001110000000011111011;
	2C4F  :   111111111111110100000000000000000000000011110101;
	2C50  :   000000000000001000000000000000110000000011110100;
	2C51  :   111111111111111011111111111111110000000011111000;
	2C52  :   111111111111101100000000000001100000000011110111;
	2C53  :   111111111111110100000000000000100000000011110111;
	2C54  :   111111111111111100000000000000000000000011110101;
	2C55  :   111111111111111100000000000000100000000011110110;
	2C56  :   111111111111110100000000000001000000000011111011;
	2C57  :   000000000000000000000000000001010000000011111101;
	2C58  :   111111111111111100000000000000010000000011110010;
	2C59  :   000000000000000111111111111111100000000011110110;
	2C5A  :   111111111111111100000000000001000000000011111000;
	2C5B  :   000000000000000100000000000000010000000011110011;
	2C5C  :   111111111111111000000000000001000000000011110101;
	2C5D  :   111111111111111100000000000001000000000011111000;
	2C5E  :   111111111111110100000000000001010000000011111100;
	2C5F  :   000000000000000000000000000001100000000011111001;
	2C60  :   000000000000000000000000000000100000000011110110;
	2C61  :   111111111111111000000000000000010000000011110101;
	2C62  :   111111111111111000000000000001010000000011110100;
	2C63  :   000000000000000000000000000000110000000011110110;
	2C64  :   000000000000000000000000000000000000000011110011;
	2C65  :   111111111111111000000000000001010000000011111111;
	2C66  :   111111111111111100000000000000100000000011111001;
	2C67  :   111111111111111100000000000000100000000011110011;
	2C68  :   111111111111111000000000000000100000000011110111;
	2C69  :   111111111111111100000000000000010000000011111011;
	2C6A  :   111111111111111000000000000001010000000011110111;
	2C6B  :   000000000000001000000000000000110000000011111100;
	2C6C  :   111111111111101100000000000000010000000011110101;
	2C6D  :   111111111111111000000000000000110000000011111100;
	2C6E  :   000000000000000100000000000000100000000011110011;
	2C6F  :   111111111111111000000000000000100000000011111000;
	2C70  :   111111111111110100000000000000010000000011110110;
	2C71  :   000000000000001000000000000001000000000011111011;
	2C72  :   111111111111111100000000000001000000000011110110;
	2C73  :   000000000000000100000000000000110000000011111000;
	2C74  :   000000000000000000000000000001000000000011110111;
	2C75  :   111111111111111000000000000000110000000011110000;
	2C76  :   111111111111111100000000000001000000000011110011;
	2C77  :   000000000000000000000000000001000000000011111001;
	2C78  :   111111111111111100000000000001100000000011110100;
	2C79  :   111111111111111100000000000000010000000011111001;
	2C7A  :   000000000000000111111111111111100000000011111011;
	2C7B  :   000000000000000000000000000000010000000011111000;
	2C7C  :   111111111111101100000000000000010000000011110011;
	2C7D  :   111111111111111100000000000000000000000011111101;
	2C7E  :   000000000000000100000000000001010000000011111000;
	2C7F  :   000000000000000100000000000000100000000011110100;
	2C80  :   000000000000000100000000000001000000000011110111;
	2C81  :   111111111111111000000000000001000000000011110111;
	2C82  :   000000000000000011111111111111110000000011110101;
	2C83  :   000000000000000100000000000000110000000011110101;
	2C84  :   111111111111111100000000000001000000000011110101;
	2C85  :   111111111111111100000000000000010000000011110110;
	2C86  :   000000000000000000000000000000010000000011110111;
	2C87  :   111111111111101100000000000000010000000011110111;
	2C88  :   111111111111111000000000000000010000000011111001;
	2C89  :   000000000000000000000000000000100000000011110110;
	2C8A  :   111111111111111100000000000000100000000011111001;
	2C8B  :   000000000000001100000000000000010000000011110111;
	2C8C  :   000000000000000100000000000000010000000011111000;
	2C8D  :   000000000000000100000000000000110000000011110011;
	2C8E  :   111111111111110100000000000000100000000011111001;
	2C8F  :   111111111111111000000000000000110000000011110001;
	2C90  :   000000000000000000000000000000110000000011111010;
	2C91  :   111111111111111100000000000000100000000011110100;
	2C92  :   000000000000000011111111111111100000000011110100;
	2C93  :   000000000000000100000000000000000000000011111001;
	2C94  :   000000000000000000000000000000100000000011110111;
	2C95  :   111111111111111000000000000001110000000011111100;
	2C96  :   111111111111111100000000000000010000000011111001;
	2C97  :   111111111111110000000000000000100000000011111100;
	2C98  :   111111111111111100000000000001000000000011110011;
	2C99  :   000000000000000000000000000001000000000011110111;
	2C9A  :   000000000000000000000000000000010000000011111000;
	2C9B  :   000000000000000100000000000001110000000011111001;
	2C9C  :   000000000000000000000000000000100000000011111001;
	2C9D  :   000000000000001000000000000000000000000011111000;
	2C9E  :   000000000000000000000000000000110000000011111010;
	2C9F  :   000000000000000000000000000001000000000011110110;
	2CA0  :   000000000000000000000000000000010000000011110100;
	2CA1  :   111111111111111000000000000000010000000011110011;
	2CA2  :   000000000000001100000000000000010000000011110010;
	2CA3  :   111111111111111100000000000000100000000011111000;
	2CA4  :   111111111111111100000000000001000000000011110010;
	2CA5  :   111111111111111100000000000001000000000011110110;
	2CA6  :   000000000000000100000000000000110000000011110101;
	2CA7  :   111111111111111100000000000001010000000011110101;
	2CA8  :   000000000000000100000000000001110000000011110111;
	2CA9  :   000000000000000100000000000001010000000011110011;
	2CAA  :   111111111111101000000000000000010000000011110100;
	2CAB  :   111111111111111100000000000000010000000011110110;
	2CAC  :   111111111111111000000000000001000000000011111100;
	2CAD  :   000000000000000100000000000000110000000011111010;
	2CAE  :   000000000000001000000000000000110000000011101111;
	2CAF  :   111111111111111100000000000000100000000011110100;
	2CB0  :   000000000000000000000000000001100000000011110000;
	2CB1  :   111111111111111100000000000000110000000011111100;
	2CB2  :   111111111111111100000000000000110000000011111001;
	2CB3  :   000000000000000000000000000000110000000011111000;
	2CB4  :   000000000000001100000000000000000000000011111011;
	2CB5  :   111111111111111000000000000000110000000011110111;
	2CB6  :   111111111111111100000000000000100000000011110110;
	2CB7  :   000000000000001100000000000001010000000011110111;
	2CB8  :   000000000000000000000000000001110000000011110111;
	2CB9  :   000000000000000000000000000000100000000011110110;
	2CBA  :   111111111111111100000000000001000000000011111100;
	2CBB  :   000000000000000000000000000000100000000011110100;
	2CBC  :   000000000000000000000000000000110000000011110001;
	2CBD  :   111111110111010000000000001101001111111001010110;
	2CBE  :   111111110111101011111111110001000000011110101001;
	2CBF  :   111111111100000111111111111100000000000101111010;
	2CC0  :   000000000001011111111111101010100000000011010100;
	2CC1  :   111111111110111100000000110101001111111010100011;
	2CC2  :   000000000100011100000000110011010000000101011110;
	2CC3  :   000000000000101100000000001010100000000011110001;
	2CC4  :   000000000001100111111111110100010000000111100100;
	2CC5  :   000000000000111011111111110011100000000001110001;
	2CC6  :   000000000000010011111111111110000000000010100000;
	2CC7  :   000000000010001000000000010100100000000000100100;
	2CC8  :   111111111111111000000000000011000000000101010101;
	2CC9  :   111111111111101011111111111100110000000110000011;
	2CCA  :   000000000001001111111111111000000000000010100111;
	2CCB  :   000000000000100100000000000010100000000010111111;
	2CCC  :   000000000001100011111111111111100000000110000111;
	2CCD  :   111111111111010011111111111110110000000100000011;
	2CCE  :   000000000000011100000000000101010000000010000110;
	2CCF  :   000000000000000000000000000001000000000100101110;
	2CD0  :   111111111111100011111111111111000000000100111110;
	2CD1  :   000000000000000100000000000001110000000010110110;
	2CD2  :   111111111111111100000000000001000000000011011100;
	2CD3  :   111111111111011111111111111110000000000100100111;
	2CD4  :   111111111111111111111111111101100000000011110001;
	2CD5  :   111111111111100011111111111101100000000011100000;
	2CD6  :   111111111111010111111111111101010000000100000100;
	2CD7  :   111111111111100111111111111011000000000011111100;
	2CD8  :   111111111111110011111111111001010000000011110011;
	2CD9  :   111111111111100011111111111010100000000011111001;
	2CDA  :   111111111111101011111111111111010000000011110000;
	2CDB  :   111111111111101011111111111110110000000011101011;
	2CDC  :   000000000000000000000000000000010000000011111000;
	2CDD  :   111111111111110100000000000010110000000011111100;
	2CDE  :   000000000000101100000000000111000000000011011101;
	2CDF  :   000000000000101000000000000111100000000011111000;
	2CE0  :   000000000000011100000000001000110000000100000000;
	2CE1  :   000000000000010000000000000110100000000011101011;
	2CE2  :   000000000000010000000000000110100000000011101101;
	2CE3  :   111111111111110000000000000010010000000011111010;
	2CE4  :   111111111111100100000000000000010000000100000010;
	2CE5  :   111111111111111100000000000000110000000011101011;
	2CE6  :   111111111111111100000000000000010000000011110011;
	2CE7  :   111111111111111100000000000000100000000100000011;
	2CE8  :   000000000000000100000000000000110000000011111000;
	2CE9  :   111111111111111100000000000001110000000011111011;
	2CEA  :   000000000000000100000000000000010000000011111010;
	2CEB  :   111111111111111100000000000000010000000011110101;
	2CEC  :   000000000000000000000000000001000000000011110110;
	2CED  :   111111111111111100000000000000110000000011111101;
	2CEE  :   000000000000000000000000000000010000000011111001;
	2CEF  :   111111111111111100000000000000100000000011111010;
	2CF0  :   111111111111111100000000000000010000000011111011;
	2CF1  :   000000000000000000000000000000100000000011111000;
	2CF2  :   111111111111110000000000000000100000000011110100;
	2CF3  :   000000000000001000000000000000100000000011111000;
	2CF4  :   000000000000001000000000000000100000000011111101;
	2CF5  :   111111111111111100000000000001000000000011110101;
	2CF6  :   000000000000000000000000000000010000000011110100;
	2CF7  :   111111111111111100000000000000100000000011110111;
	2CF8  :   111111111111110111111111111111010000000011110011;
	2CF9  :   111111111111111100000000000000110000000011110000;
	2CFA  :   000000000000000000000000000000100000000011110111;
	2CFB  :   111111111111110100000000000000000000000011111000;
	2CFC  :   000000000000000000000000000000100000000011110101;
	2CFD  :   111111111111111100000000000000110000000011111010;
	2CFE  :   000000000000000000000000000000100000000011111000;
	2CFF  :   000000000000001011111111111111110000000011110001;
	2D00  :   111111111111111000000000000000110000000011110100;
	2D01  :   111111111111111100000000000001100000000011110110;
	2D02  :   000000000000000000000000000010000000000011111001;
	2D03  :   111111111111110100000000000001000000000011110110;
	2D04  :   111111111111110100000000000000000000000011111001;
	2D05  :   111111111111111000000000000000000000000011110001;
	2D06  :   111111111111111100000000000001010000000011110011;
	2D07  :   111111111111111100000000000000110000000011110110;
	2D08  :   000000000000000011111111111111100000000011110100;
	2D09  :   111111111111110100000000000001000000000011110111;
	2D0A  :   000000000000000000000000000000100000000011111001;
	2D0B  :   000000000000000000000000000001010000000011111001;
	2D0C  :   000000000000000000000000000000000000000011111000;
	2D0D  :   111111111111111000000000000000100000000011111010;
	2D0E  :   000000000000000000000000000001100000000011110101;
	2D0F  :   000000000000000100000000000000100000000011110010;
	2D10  :   111111111111110000000000000000010000000011111001;
	2D11  :   000000000000001111111111111101110000000011111010;
	2D12  :   111111110100111100000000101001101111111000000110;
	2D13  :   111111111000111011111110101100100000001111100100;
	2D14  :   111111111101101000000000011011001111111111110111;
	2D15  :   000000001001011000000000010011000000001011010000;
	2D16  :   000000000111110011111111011101110000000110011110;
	2D17  :   000000000011001100000000000100011111111101011011;
	2D18  :   000000000001110000000000010000110000000111010011;
	2D19  :   111111111100110111111111111110100000001000010001;
	2D1A  :   000000000000110100000000010101111111111111111011;
	2D1B  :   111111111110011011111111111001000000000001110000;
	2D1C  :   111111111101110111111111111101100000000101010100;
	2D1D  :   000000000001010000000000001010000000001010001001;
	2D1E  :   000000000000111111111111110111000000000100011111;
	2D1F  :   111111111111011011111111111111100000000010000001;
	2D20  :   111111111110111100000000000000000000000100111011;
	2D21  :   000000000000100111111111111100100000000010000111;
	2D22  :   000000000000110111111111111000000000000010001110;
	2D23  :   000000000001000111111111111000000000000100110100;
	2D24  :   000000000001110111111111110110010000000100001000;
	2D25  :   000000000010100111111111110100110000000011000101;
	2D26  :   000000000010110011111111110100110000000100010010;
	2D27  :   000000000010110111111111110100110000000100000010;
	2D28  :   000000000010101111111111110101100000000011111000;
	2D29  :   000000000001111111111111111001100000000011101001;
	2D2A  :   000000000000001111111111111111110000000100000001;
	2D2B  :   111111111111111100000000000000010000000011111000;
	2D2C  :   111111111111101100000000000000100000000011111011;
	2D2D  :   111111111111101111111111111110110000000100011011;
	2D2E  :   111111111111111100000000000100000000000010010111;
	2D2F  :   111111111111111100000000000100100000000100100010;
	2D30  :   111111111111110011111111111111100000000100000100;
	2D31  :   000000000000001011111111111111100000000101000001;
	2D32  :   111111111111111100000000000001000000000011110000;
	2D33  :   111111111111111100000000000010110000000011110010;
	2D34  :   111111111111110000000000000010010000000100010111;
	2D35  :   111111111111110100000000000001000000000011100100;
	2D36  :   111111111111110100000000000000110000000011101010;
	2D37  :   111111111111100011111111111111000000000100001101;
	2D38  :   111111111111111100000000000001000000000011110011;
	2D39  :   111111111111111000000000000001010000000011100010;
	2D3A  :   111111111111100000000000000000000000000100000011;
	2D3B  :   111111111111111000000000000000110000000011111101;
	2D3C  :   000000000000001000000000000000100000000011100101;
	2D3D  :   111111111111111100000000000000000000000011111110;
	2D3E  :   111111111111111000000000000000100000000100000110;
	2D3F  :   111111111111111100000000000001010000000011101101;
	2D40  :   111111111111110000000000000000010000000011110011;
	2D41  :   111111111111100100000000000000100000000100000111;
	2D42  :   000000000000000000000000000001010000000011111000;
	2D43  :   000000000000001100000000000000110000000011110000;
	2D44  :   111111111111110100000000000000100000000100000001;
	2D45  :   000000000000000000000000000000100000000011111011;
	2D46  :   000000000000001000000000000000100000000011101010;
	2D47  :   111111111111101000000000000000100000000011110101;
	2D48  :   111111111111111000000000000000100000000100000000;
	2D49  :   111111111111111100000000000000010000000011101111;
	2D4A  :   111111111111110100000000000001100000000011110011;
	2D4B  :   111111111111111111111111111111110000000011111111;
	2D4C  :   111111111111110100000000000000010000000011110001;
	2D4D  :   000000000000000000000000000001100000000011110000;
	2D4E  :   111111111111110100000000000000010000000011111101;
	2D4F  :   111111111111111100000000000001000000000011111001;
	2D50  :   000000000000010000000000000001000000000011101111;
	2D51  :   111111111111111100000000000000100000000011111001;
	2D52  :   111111111111101100000000000000000000000011111011;
	2D53  :   000000000000000000000000000000010000000011101100;
	2D54  :   111111111111111100000000000000110000000011110010;
	2D55  :   111111111111111100000000000000000000000011111000;
	2D56  :   000000000000000100000000000000100000000011110001;
	2D57  :   000000000000000100000000000001000000000011110001;
	2D58  :   111111111111111000000000000001100000000011111001;
	2D59  :   000000000000001100000000000000100000000011110101;
	2D5A  :   000000000000001000000000000001000000000011110100;
	2D5B  :   000000000000000100000000000001000000000011111001;
	2D5C  :   000000000000000100000000000000100000000011111000;
	2D5D  :   111111111111111100000000000000110000000011101111;
	2D5E  :   111111111111111100000000000000100000000011111000;
	2D5F  :   000000000000000000000000000001000000000011111001;
	2D60  :   000000000000000100000000000001000000000011110011;
	2D61  :   111111111111111100000000000000110000000011110101;
	2D62  :   000000000000001100000000000000010000000011111010;
	2D63  :   000000000000000100000000000001000000000011111010;
	2D64  :   111111111111110100000000000000110000000011110011;
	2D65  :   111111111111111100000000000000100000000011111010;
	2D66  :   111111111111110100000000000000000000000011110010;
	2D67  :   111111111111111000000000000001000000000011110000;
	2D68  :   000000000000001000000000000000110000000011111100;
	2D69  :   000000000000001000000000000000010000000011110111;
	2D6A  :   000000000000001100000000000001000000000011111001;
	2D6B  :   000000000000000100000000000001010000000011110101;
	2D6C  :   111111111111111100000000000000110000000011111010;
	2D6D  :   111111111111111100000000000001110000000011110011;
	2D6E  :   000000000000000100000000000001000000000011110011;
	2D6F  :   111111111111111100000000000000100000000011111000;
	2D70  :   000000000000000100000000000001010000000011110111;
	2D71  :   000000000000000100000000000000110000000011111000;
	2D72  :   111111111111111000000000000000110000000011111100;
	2D73  :   111111111111110100000000000000100000000011111000;
	2D74  :   000000000000001000000000000001010000000011110110;
	2D75  :   111111111111111000000000000001000000000011110101;
	2D76  :   111111111111110100000000000000110000000011111111;
	2D77  :   000000000000001100000000000000110000000011111000;
	2D78  :   111111111111110000000000000001100000000011111000;
	2D79  :   000000000000000100000000000000100000000011111100;
	2D7A  :   111111111111111100000000000000100000000011111000;
	2D7B  :   111111111111111000000000000000100000000011110101;
	2D7C  :   111111111111111100000000000000110000000011111001;
	2D7D  :   111111111111110000000000000000100000000011111000;
	2D7E  :   000000000000001000000000000000110000000011110100;
	2D7F  :   111111111111110100000000000000010000000011110110;
	2D80  :   111111111111101000000000000000010000000011110111;
	2D81  :   111111111111111000000000000000010000000011111000;
	2D82  :   000000000000000000000000000001000000000011110011;
	2D83  :   111111111111110000000000000001000000000011111010;
	2D84  :   000000000000000000000000000000010000000011110100;
	2D85  :   111111111111111000000000000001010000000011110111;
	2D86  :   000000000000000100000000000001010000000011111011;
	2D87  :   111111111111110100000000000000000000000011111000;
	2D88  :   000000000000000100000000000000010000000011111001;
	2D89  :   111111111111111111111111111111110000000011110011;
	2D8A  :   111111111111101100000000000000100000000011111000;
	2D8B  :   111111111111110000000000000000010000000011110110;
	2D8C  :   111111111111110111111111111111110000000011111010;
	2D8D  :   000000000000000100000000000000110000000011110010;
	2D8E  :   111111111111111100000000000000000000000011111000;
	2D8F  :   000000000000000100000000000000100000000011111001;
	2D90  :   111111111111110100000000000001000000000011111000;
	2D91  :   000000000000000100000000000000110000000011110001;
	2D92  :   000000000000000000000000000001010000000011111001;
	2D93  :   111111111111111000000000000000110000000011110111;
	2D94  :   111111111111111000000000000000100000000011111010;
	2D95  :   000000000000001000000000000001000000000011111100;
	2D96  :   111111111111111100000000000000110000000011111000;
	2D97  :   111111111111111100000000000000010000000011110011;
	2D98  :   000000000000000100000000000000010000000011110111;
	2D99  :   111111111111110000000000000000110000000011110111;
	2D9A  :   111111111111111100000000000000110000000011111000;
	2D9B  :   111111111111110100000000000001000000000011111010;
	2D9C  :   111111111111111100000000000000100000000011111011;
	2D9D  :   000000000000000100000000000000110000000011110100;
	2D9E  :   111111111111110000000000000000110000000011110110;
	2D9F  :   111111111111111100000000000000100000000011110100;
	2DA0  :   111111111111111100000000000000110000000011110110;
	2DA1  :   000000000000000000000000000000010000000011110100;
	2DA2  :   000000000000000000000000000000010000000011110111;
	2DA3  :   111111111111110100000000000000010000000011111010;
	2DA4  :   000000000000000100000000000001010000000011111000;
	2DA5  :   111111111111101000000000000000000000000011111001;
	2DA6  :   000000000000000100000000000000110000000011110111;
	2DA7  :   111111111111111100000000000001000000000011110110;
	2DA8  :   111111111111111000000000000001010000000011110100;
	2DA9  :   111111111111111100000000000001010000000011111001;
	2DAA  :   000000000000000000000000000001010000000011111000;
	2DAB  :   111111111111110000000000000001010000000011110111;
	2DAC  :   000000000000000100000000000000100000000011110010;
	2DAD  :   000000000000000000000000000000100000000011110110;
	2DAE  :   111111111111101100000000000000000000000011110101;
	2DAF  :   111111111111111100000000000000000000000011110111;
	2DB0  :   000000000000000000000000000000010000000011111011;
	2DB1  :   000000000000000100000000000000110000000011110101;
	2DB2  :   000000000000000000000000000000000000000011110101;
	2DB3  :   111111111111111100000000000000110000000011110101;
	2DB4  :   111111111111111000000000000000100000000011111011;
	2DB5  :   000000000000000000000000000000010000000011110111;
	2DB6  :   000000000000000100000000000001000000000011111011;
	2DB7  :   111111111111111100000000000000100000000011111010;
	2DB8  :   000000000000000000000000000000100000000011110111;
	2DB9  :   111111111111110100000000000000100000000011111000;
	2DBA  :   111111111111111000000000000001000000000011110110;
	2DBB  :   000000000000000000000000000000000000000011111100;
	2DBC  :   111111111111110100000000000000110000000011110100;
	2DBD  :   111111111111111000000000000000110000000011111010;
	2DBE  :   000000000000000000000000000001110000000011110111;
	2DBF  :   000000000000001000000000000000010000000011111001;
	2DC0  :   111111111111111100000000000001100000000011111010;
	2DC1  :   000000000000000000000000000000100000000011110010;
	2DC2  :   000000000000000100000000000000010000000011111000;
	2DC3  :   000000000000000000000000000001010000000011111011;
	2DC4  :   111111111111111100000000000000100000000011110110;
	2DC5  :   000000000000000000000000000000100000000011110010;
	2DC6  :   000000000000000000000000000001000000000011110100;
	2DC7  :   000000000000000100000000000000100000000011110101;
	2DC8  :   000000000000001100000000000000010000000011110010;
	2DC9  :   000000000000000000000000000000110000000011110111;
	2DCA  :   000000000000001000000000000000110000000011110101;
	2DCB  :   000000000000000000000000000000110000000011110101;
	2DCC  :   111111111111111000000000000010010000000011110101;
	2DCD  :   000000000000010000000000000000100000000011111001;
	2DCE  :   000000000000000000000000000000110000000011111010;
	2DCF  :   000000000000001000000000000000010000000011110100;
	2DD0  :   000000000000000000000000000000010000000011111100;
	2DD1  :   000000000000000100000000000000000000000011110111;
	2DD2  :   111111111111111100000000000001000000000011111101;
	2DD3  :   111111111111101000000000000000100000000011111000;
	2DD4  :   000000000000000100000000000000010000000011111001;
	2DD5  :   111111111111111100000000000000100000000011110101;
	2DD6  :   000000000000001000000000000000110000000011110101;
	2DD7  :   000000000000000000000000000001000000000011110101;
	2DD8  :   111111111111110100000000000010000000000011110111;
	2DD9  :   000000000000000000000000000001000000000011110110;
	2DDA  :   000000000000000000000000000000110000000011110101;
	2DDB  :   111111111111111100000000000000100000000011111010;
	2DDC  :   000000000000001100000000000000110000000011110110;
	2DDD  :   000000000000000000000000000000010000000011110110;
	2DDE  :   000000000000000100000000000000100000000011110110;
	2DDF  :   000000000000000100000000000000100000000011111001;
	2DE0  :   111111111111110000000000000000110000000011111001;
	2DE1  :   000000000000000000000000000000110000000011110110;
	2DE2  :   000000000000010000000000000000010000000011111011;
	2DE3  :   111111111111110000000000000000110000000011111001;
	2DE4  :   111111111111111100000000000000000000000011110110;
	2DE5  :   111111111111101000000000000001010000000011110011;
	2DE6  :   000000000000000100000000000001000000000011111001;
	2DE7  :   000000000000000000000000000001010000000011110111;
	2DE8  :   111111111111111100000000000000100000000011110100;
	2DE9  :   111111111111111100000000000000100000000011110010;
	2DEA  :   111111111111111000000000000000100000000011110110;
	2DEB  :   111111111111110100000000000000100000000011111000;
	2DEC  :   111111111111111100000000000000100000000011111010;
	2DED  :   000000000000000000000000000000110000000011111010;
	2DEE  :   000000000000000000000000000001000000000011110101;
	2DEF  :   111111111111111100000000000001100000000011111010;
	2DF0  :   000000000000000000000000000001000000000011110101;
	2DF1  :   000000000000000000000000000000100000000011111011;
	2DF2  :   111111111111111100000000000001000000000011110011;
	2DF3  :   000000000000000000000000000000010000000011110110;
	2DF4  :   000000000000000100000000000000100000000011110110;
	2DF5  :   111111111111110100000000000000100000000011111000;
	2DF6  :   111111111111110100000000000000110000000011111010;
	2DF7  :   000000000000000000000000000000110000000011110110;
	2DF8  :   000000000000000100000000000000010000000011110110;
	2DF9  :   000000000000001000000000000001110000000011110101;
	2DFA  :   000000000000000100000000000000010000000011110011;
	2DFB  :   000000000000000000000000000001110000000011110100;
	2DFC  :   111111111111111000000000000001100000000011111100;
	2DFD  :   111111111111110100000000000001010000000011110110;
	2DFE  :   000000000000001000000000000001000000000011110111;
	2DFF  :   000000000000001000000000000000100000000011111011;
	2E00  :   111111111111111100000000000000100000000011111110;
	2E01  :   111111111111110000000000000001010000000011110011;
	2E02  :   000000000000000000000000000000010000000011111010;
	2E03  :   111111111111111000000000000001110000000011111011;
	2E04  :   111111111111111111111111111111100000000011111000;
	2E05  :   000000000000000000000000000000100000000011111000;
	2E06  :   000000000000000100000000000000000000000011110111;
	2E07  :   000000000000000000000000000000010000000011111001;
	2E08  :   000000000000001000000000000000100000000011110111;
	2E09  :   111111111111111100000000000010010000000011111000;
	2E0A  :   111111111111111100000000000000110000000011111100;
	2E0B  :   111111111111111100000000000000100000000011110101;
	[2E0C..2E0D]  :   111111111111111000000000000000000000000011110111;
	2E0E  :   111111111111111100000000000000100000000011110110;
	2E0F  :   111111111111111100000000000001100000000011110101;
	2E10  :   111111111111110000000000000001010000000011111000;
	2E11  :   000000000000000100000000000000000000000011111010;
	2E12  :   000000000000000000000000000001010000000011111010;
	2E13  :   111111111111101100000000000000110000000011110111;
	2E14  :   000000000000000000000000000000110000000011111011;
	2E15  :   000000000000000000000000000000110000000011111001;
	2E16  :   000000000000000000000000000001010000000011110100;
	2E17  :   000000000000000000000000000000100000000011111000;
	2E18  :   111111111111110100000000000000010000000011110100;
	2E19  :   111111111111111100000000000000100000000011101110;
	2E1A  :   000000000000000000000000000001010000000011111000;
	2E1B  :   111111111111110100000000000001010000000011110111;
	2E1C  :   000000000000000000000000000001000000000011111001;
	2E1D  :   111111111111111100000000000000100000000011110101;
	2E1E  :   111111111111111100000000000000000000000011111001;
	2E1F  :   111111111111111000000000000001010000000011111000;
	2E20  :   111111111111110100000000000000100000000011111000;
	2E21  :   111111111111101100000000000000010000000011110011;
	2E22  :   111111111111111000000000000010010000000011111101;
	2E23  :   111111111111111100000000000000100000000011110111;
	2E24  :   111111111111111100000000000000110000000011110101;
	2E25  :   000000000000000000000000000000100000000011110111;
	2E26  :   111111111111111000000000000001000000000011110101;
	2E27  :   111111111111111100000000000000010000000011111001;
	2E28  :   111111111111111100000000000000100000000011111000;
	2E29  :   111111111111111000000000000000010000000011110011;
	2E2A  :   111111111111111000000000000000100000000011110110;
	2E2B  :   000000000000000000000000000000100000000011111010;
	2E2C  :   000000000000000100000000000001000000000011111001;
	2E2D  :   000000000000000000000000000000110000000011110100;
	2E2E  :   111111111111111000000000000000110000000011111000;
	2E2F  :   111111111111110100000000000000000000000011110101;
	2E30  :   111111111111110000000000000000010000000011111001;
	2E31  :   111111111111110100000000000000100000000011111000;
	2E32  :   000000000000000000000000000000110000000011110010;
	2E33  :   000000000000000000000000000000110000000011111000;
	2E34  :   111111111111111100000000000000010000000011110110;
	2E35  :   111111111111111100000000000000010000000011110111;
	2E36  :   111111111111110100000000000001000000000011110111;
	2E37  :   111111111111111000000000000000010000000011110111;
	2E38  :   111111111111110000000000000000100000000011110110;
	2E39  :   111111111111111000000000000000110000000011110011;
	2E3A  :   111111111111110100000000000000010000000011111010;
	2E3B  :   111111111111111000000000000000110000000011111010;
	2E3C  :   111111111111111100000000000001010000000011110101;
	2E3D  :   000000000000000000000000000000100000000011110111;
	2E3E  :   111111111111111100000000000001000000000011111100;
	2E3F  :   111111111111111100000000000000010000000011111000;
	2E40  :   111111111111111000000000000001010000000011110111;
	2E41  :   000000000000000000000000000001010000000011110110;
	2E42  :   111111111111111000000000000001000000000011111011;
	2E43  :   000000000000000100000000000000110000000011110110;
	2E44  :   111111111111111100000000000000110000000011110101;
	2E45  :   000000000000000000000000000000100000000011110001;
	2E46  :   111111111111111000000000000000110000000011111010;
	2E47  :   111111111111111100000000000000100000000011111001;
	2E48  :   111111111111111100000000000000110000000011111110;
	2E49  :   111111111111110100000000000001110000000011111011;
	2E4A  :   000000000000001100000000000000110000000011110010;
	2E4B  :   111111111111111000000000000000000000000011110100;
	2E4C  :   000000000000000000000000000000100000000011111000;
	2E4D  :   111111111111111100000000000000110000000011111011;
	2E4E  :   000000000000000100000000000001000000000011111010;
	2E4F  :   000000000000000000000000000000100000000011111010;
	2E50  :   000000000000000100000000000001000000000011111000;
	2E51  :   111111111111111100000000000001010000000011111001;
	2E52  :   000000000000000000000000000010000000000011111000;
	2E53  :   111111111111110100000000000000100000000011111000;
	2E54  :   000000000000000000000000000001000000000011110101;
	2E55  :   000000000000000000000000000000010000000011110101;
	2E56  :   000000000000000100000000000001010000000011110101;
	2E57  :   000000000000000000000000000000110000000011111001;
	2E58  :   111111111111110000000000000000100000000011111000;
	2E59  :   111111111111101100000000000000010000000011110011;
	2E5A  :   000000000000000000000000000001000000000011111010;
	2E5B  :   111111111111110000000000000001000000000011111011;
	2E5C  :   111111111111110000000000000001110000000011111101;
	2E5D  :   111111111111111000000000000001100000000011111000;
	2E5E  :   111111111111100000000000000001000000000011110101;
	2E5F  :   111111111111111000000000000001000000000011110111;
	2E60  :   000000000000001000000000000000110000000011110111;
	2E61  :   111111111111110100000000000001000000000011110100;
	2E62  :   111111111111111100000000000001010000000011111000;
	2E63  :   000000000000000000000000000000100000000011111100;
	2E64  :   111111111111101100000000000000110000000011111001;
	2E65  :   111111111111111100000000000000000000000011110111;
	2E66  :   111111111111111100000000000000010000000011110111;
	2E67  :   111111111111110000000000000000100000000011110110;
	2E68  :   111111111111111000000000000000110000000011111010;
	2E69  :   000000000000000100000000000001010000000011110011;
	2E6A  :   000000000000000000000000000001100000000011110110;
	2E6B  :   000000000000000000000000000000010000000011111000;
	2E6C  :   000000000000000000000000000001010000000011110100;
	2E6D  :   000000000000001000000000000000110000000011110111;
	2E6E  :   111111111111110100000000000001100000000011110110;
	2E6F  :   000000000000001000000000000001100000000011101111;
	2E70  :   111111111111111000000000000001000000000011110111;
	2E71  :   111111111111111000000000000000010000000011111000;
	2E72  :   111111111111111000000000000000100000000011111010;
	2E73  :   111111111111111000000000000000100000000011110110;
	2E74  :   000000000000000000000000000001110000000011110101;
	2E75  :   000000000000000000000000000001000000000011110111;
	2E76  :   111111111111110000000000000000100000000011111000;
	2E77  :   000000000000000100000000000000000000000011110111;
	2E78  :   000000000000000000000000000010000000000011110101;
	2E79  :   000000000000001000000000000001000000000011110111;
	2E7A  :   111111111111101000000000000001010000000011111000;
	2E7B  :   111111111111111100000000000001100000000011111010;
	2E7C  :   000000000000000000000000000000110000000011110110;
	2E7D  :   000000000000000000000000000001100000000011111001;
	2E7E  :   000000000000000000000000000001100000000011110101;
	2E7F  :   111111111111110100000000000000010000000011111000;
	2E80  :   000000000000000000000000000000110000000011110111;
	2E81  :   000000000000000000000000000000100000000011111000;
	2E82  :   000000000000000000000000000000010000000011111000;
	2E83  :   111111111111111100000000000000110000000011110111;
	2E84  :   111111111111110100000000000000110000000011111001;
	2E85  :   000000000000000000000000000000100000000011110010;
	2E86  :   111111111111110100000000000000100000000011110110;
	2E87  :   111111111111111000000000000001000000000011111011;
	2E88  :   000000000000001000000000000001010000000011110110;
	2E89  :   000000000000001000000000000001100000000011111000;
	2E8A  :   000000000000001000000000000001100000000011110111;
	2E8B  :   000000000000000000000000000001100000000011111000;
	2E8C  :   000000000000000000000000000000100000000011110110;
	2E8D  :   000000000000001100000000000001010000000011110111;
	2E8E  :   000000000000010100000000000001010000000011111011;
	2E8F  :   000000000000000000000000000000100000000011111011;
	2E90  :   000000000000001000000000000000000000000011110111;
	2E91  :   000000000000000000000000000000010000000011110111;
	2E92  :   000000000000000000000000000000110000000011111010;
	2E93  :   111111111111111100000000000000110000000011110101;
	2E94  :   000000000000000000000000000001000000000011111010;
	2E95  :   111111111111111100000000000000110000000011111011;
	2E96  :   000000000000000000000000000001000000000011110100;
	2E97  :   111111111111101100000000000001010000000011111001;
	2E98  :   000000000000000000000000000000010000000011111000;
	2E99  :   000000000000000000000000000001010000000011111011;
	2E9A  :   000000000000000000000000000001000000000011110100;
	2E9B  :   111111111111111100000000000001110000000011111000;
	2E9C  :   111111111111101100000000000001010000000011111011;
	2E9D  :   111111111111111000000000000001100000000011110010;
	2E9E  :   000000000000000011111111111111110000000011110110;
	2E9F  :   000000000000001000000000000000110000000011111001;
	2EA0  :   111111111111111100000000000000100000000011111010;
	2EA1  :   111111111111111100000000000000010000000011111000;
	2EA2  :   111111111111111100000000000001010000000011111100;
	2EA3  :   111111111111111100000000000000100000000011111011;
	2EA4  :   000000000000000000000000000001010000000011111001;
	2EA5  :   000000000000000100000000000000110000000011111000;
	2EA6  :   000000000000000000000000000000010000000011110101;
	2EA7  :   000000000000000100000000000000110000000011110101;
	2EA8  :   111111111111101100000000000000110000000011110111;
	2EA9  :   111111111111111100000000000001000000000011110110;
	2EAA  :   000000000000001000000000000000100000000011101111;
	2EAB  :   111111111111111000000000000000110000000011110001;
	2EAC  :   000000000000000000000000000000100000000011110111;
	2EAD  :   111111111111110100000000000000010000000011110011;
	2EAE  :   111111111111110100000000000000110000000011111011;
	2EAF  :   111111111111111000000000000000100000000011111010;
	2EB0  :   000000000000000100000000000000010000000011111011;
	2EB1  :   000000000000000100000000000000010000000011110111;
	2EB2  :   111111111111111000000000000000010000000011111001;
	2EB3  :   000000000000001000000000000000110000000011110110;
	2EB4  :   111111111111111100000000000000110000000011110111;
	2EB5  :   111111111111110100000000000001000000000011110111;
	2EB6  :   000000000000000000000000000001000000000011111010;
	2EB7  :   111111111111111100000000000001110000000011111000;
	2EB8  :   111111111111111100000000000000100000000011111000;
	2EB9  :   111111111111111000000000000000010000000011111001;
	2EBA  :   111111111111110000000000000000110000000011111000;
	2EBB  :   111111111111111000000000000001000000000011111100;
	2EBC  :   000000000000010000000000000000100000000011110101;
	2EBD  :   000000000000001000000000000000110000000011110111;
	2EBE  :   000000000000000100000000000001000000000011110101;
	2EBF  :   111111111111111000000000000001000000000011111110;
	2EC0  :   000000000000000000000000000000110000000011111001;
	2EC1  :   000000000000000000000000000000110000000011110101;
	2EC2  :   111111111111111100000000000000110000000011110110;
	2EC3  :   111111111111111100000000000000100000000011110111;
	2EC4  :   111111111111111000000000000001010000000011111010;
	2EC5  :   000000000000000000000000000000100000000011110110;
	2EC6  :   111111111111110000000000000000100000000011111001;
	2EC7  :   111111111111111100000000000000100000000011110011;
	2EC8  :   000000000000000000000000000001010000000011110110;
	2EC9  :   111111111111101100000000000001110000000011110000;
	2ECA  :   111111111111101100000000000000100000000011110101;
	2ECB  :   111111111111111000000000000001000000000011111001;
	2ECC  :   000000000000001000000000000000010000000011110000;
	2ECD  :   000000000000000111111111111111110000000011110011;
	2ECE  :   111111111111111011111111111111110000000011111011;
	2ECF  :   000000000000000100000000000000010000000011110111;
	2ED0  :   111111111111111000000000000001000000000011111010;
	2ED1  :   000000000000000100000000000000010000000011110100;
	2ED2  :   000000000000000000000000000000110000000011111010;
	2ED3  :   000000000000000000000000000000100000000011111000;
	2ED4  :   000000000000000100000000000001000000000011111001;
	2ED5  :   111111111111110100000000000000110000000011111001;
	2ED6  :   111111111111111100000000000000110000000011110100;
	2ED7  :   111111111111111100000000000000110000000011110101;
	2ED8  :   000000000000000000000000000001000000000011110110;
	2ED9  :   111111111111111100000000000000100000000011110101;
	2EDA  :   111111111111111100000000000000000000000011110101;
	2EDB  :   111111111111111100000000000000110000000011111000;
	2EDC  :   000000000000000100000000000001110000000011110100;
	2EDD  :   111111111111110100000000000000100000000011110111;
	2EDE  :   111111111111110000000000000000000000000011111001;
	2EDF  :   111111111111110000000000000001010000000011110100;
	2EE0  :   111111111111111000000000000001100000000011111000;
	2EE1  :   111111111111111000000000000000110000000100000000;
	2EE2  :   111111111111110100000000000000010000000011111000;
	2EE3  :   000000000000000100000000000000010000000011111001;
	2EE4  :   111111111111111100000000000000100000000011110101;
	2EE5  :   000000000000000000000000000000110000000011111010;
	2EE6  :   000000000000001000000000000001000000000011110101;
	2EE7  :   111111111111111100000000000001100000000011110111;
	2EE8  :   000000000000000000000000000001000000000011110100;
	2EE9  :   000000000000000000000000000000110000000011110100;
	2EEA  :   000000000000001000000000000000110000000011110111;
	2EEB  :   000000000000000100000000000000110000000011110111;
	2EEC  :   111111111111110000000000000000100000000011111010;
	2EED  :   111111111111111000000000000001100000000011110111;
	2EEE  :   111111111111110100000000000001110000000011111010;
	2EEF  :   000000000000000000000000000001000000000011111001;
	2EF0  :   000000000000001000000000000001100000000011110110;
	2EF1  :   000000000000000100000000000001010000000011111001;
	2EF2  :   111111111111111100000000000000010000000011111000;
	2EF3  :   000000000000001000000000000001000000000011111000;
	2EF4  :   111111111111110100000000000000100000000011110010;
	2EF5  :   000000000000001000000000000001010000000011111010;
	2EF6  :   111111111111110100000000000001000000000011110111;
	2EF7  :   000000000000000000000000000000100000000011111010;
	2EF8  :   000000000000000000000000000000010000000011111100;
	2EF9  :   111111111111110100000000000000100000000011110110;
	2EFA  :   111111111111111100000000000001000000000011110101;
	2EFB  :   111111111111111000000000000001000000000011111000;
	2EFC  :   111111111111111000000000000001000000000011110111;
	2EFD  :   111111111111101000000000000001010000000011110100;
	2EFE  :   111111111111111000000000000001010000000011111000;
	2EFF  :   111111111111111000000000000001110000000011110011;
	2F00  :   000000000000000000000000000000100000000011110011;
	2F01  :   111111111111101100000000000000100000000011111000;
	2F02  :   111111111111111100000000000000110000000011111000;
	2F03  :   000000000000000100000000000000100000000011110100;
	2F04  :   111111111111110100000000000001100000000011111011;
	2F05  :   111111111111111000000000000000100000000011110100;
	2F06  :   000000000000000100000000000000100000000011110001;
	2F07  :   000000000000000000000000000001010000000011110101;
	2F08  :   111111111111111000000000000000010000000011110110;
	2F09  :   000000000000000100000000000001010000000011110011;
	2F0A  :   000000000000000000000000000001100000000011110100;
	2F0B  :   000000000000000100000000000000000000000011110101;
	2F0C  :   000000000000010000000000000000100000000011110110;
	2F0D  :   000000000000000000000000000000100000000011110101;
	2F0E  :   000000000000000000000000000001100000000011110010;
	2F0F  :   000000000000000000000000000000100000000011110101;
	2F10  :   000000000000000000000000000000110000000011110110;
	2F11  :   111111111111111100000000000000100000000011110101;
	2F12  :   111111111111110100000000000001010000000011110011;
	2F13  :   111111111111110100000000000000110000000011110111;
	2F14  :   000000000000000100000000000000010000000011111000;
	2F15  :   111111111111110000000000000000010000000011111010;
	2F16  :   111111111111111100000000000000100000000011110111;
	2F17  :   111111111111111100000000000001000000000011110100;
	2F18  :   111111111111111100000000000000100000000011110010;
	2F19  :   000000000000000000000000000000100000000011110011;
	2F1A  :   111111111111111000000000000000000000000011111010;
	2F1B  :   000000000000001011111111111111100000000011110110;
	2F1C  :   111111111111111100000000000000110000000011111011;
	2F1D  :   111111111111110100000000000000100000000011110111;
	2F1E  :   111111111111111100000000000001000000000011110110;
	2F1F  :   111111111111110100000000000000010000000011111000;
	2F20  :   111111111111101000000000000000110000000011110100;
	2F21  :   111111111111111100000000000001100000000011111100;
	2F22  :   111111111111111100000000000000010000000011110111;
	2F23  :   111111111111111000000000000001110000000011111100;
	2F24  :   000000000000000000000000000000100000000011110100;
	2F25  :   000000000000000000000000000001000000000011111000;
	2F26  :   000000000000000000000000000000100000000011111010;
	2F27  :   111111111111110000000000000001000000000011111010;
	2F28  :   111111111111111000000000000000110000000011110100;
	2F29  :   000000000000000000000000000000110000000011111011;
	2F2A  :   000000000000001000000000000001010000000011110110;
	2F2B  :   000000000000000000000000000000110000000011111100;
	2F2C  :   111111111111111100000000000000000000000011111000;
	2F2D  :   000000000000000000000000000000100000000011110011;
	2F2E  :   000000000000000000000000000000110000000011110111;
	2F2F  :   000000000000000000000000000000110000000011111010;
	2F30  :   111111111111110100000000000000110000000011110111;
	2F31  :   111111111111111100000000000000110000000011111110;
	2F32  :   111111111111111100000000000001100000000011111000;
	2F33  :   000000000000000000000000000000000000000011110101;
	2F34  :   000000000000000000000000000000100000000011111101;
	2F35  :   111111111111101000000000000000110000000011110011;
	2F36  :   000000000000000000000000000000010000000011111011;
	2F37  :   111111111111110000000000000000110000000011110110;
	2F38  :   111111111111110100000000000000010000000011110111;
	2F39  :   111111111111111000000000000000000000000011110101;
	2F3A  :   111111111111101100000000000001100000000011101111;
	2F3B  :   111111111111110000000000000000100000000011110100;
	2F3C  :   111111111111110000000000000000110000000011111000;
	2F3D  :   111111111111110100000000000001010000000011111000;
	2F3E  :   000000000000001100000000000000100000000011110101;
	2F3F  :   000000000000000000000000000000000000000011110001;
	2F40  :   111111111111111100000000000000110000000011111010;
	2F41  :   111111111111101000000000000001000000000011110111;
	2F42  :   111111111111110000000000000000110000000011111000;
	2F43  :   000000000000000100000000000000010000000011110101;
	2F44  :   111111111111111000000000000000010000000011111001;
	2F45  :   000000000000001000000000000001010000000011111100;
	2F46  :   111111111111110100000000000001010000000011111111;
	2F47  :   000000000000000000000000000000010000000011111011;
	2F48  :   111111111111110100000000000001010000000011111010;
	2F49  :   000000000000000000000000000000100000000011111010;
	2F4A  :   111111111111111000000000000000110000000011110110;
	2F4B  :   111111111111111100000000000000100000000011110111;
	2F4C  :   111111111111111100000000000001010000000011111010;
	2F4D  :   000000000000000100000000000001000000000011110011;
	2F4E  :   111111111111101100000000000000110000000011110110;
	2F4F  :   000000000000000100000000000000100000000011110110;
	2F50  :   000000000000001000000000000000110000000011111010;
	2F51  :   000000000000000000000000000000100000000011110101;
	2F52  :   111111111111111000000000000001000000000011111001;
	2F53  :   111111111111111000000000000000010000000011110111;
	2F54  :   000000000000000000000000000000100000000011111010;
	2F55  :   111111111111111000000000000001010000000011110101;
	2F56  :   111111111111111100000000000000110000000011110100;
	2F57  :   000000000000001000000000000000110000000011111011;
	2F58  :   000000000000000000000000000001000000000011111001;
	2F59  :   000000000000000000000000000000100000000011111101;
	2F5A  :   111111111111111100000000000001010000000011110111;
	2F5B  :   111111111111111000000000000000100000000011111001;
	2F5C  :   111111111111110000000000000001010000000011110110;
	2F5D  :   111111111111110100000000000001000000000011110110;
	2F5E  :   111111111111111000000000000001010000000011111011;
	2F5F  :   111111111111111000000000000000110000000011111000;
	2F60  :   000000000000000000000000000000110000000011111000;
	2F61  :   000000000000000100000000000001010000000011110111;
	2F62  :   111111111111110100000000000000110000000011111000;
	2F63  :   000000000000000000000000000000110000000011110011;
	2F64  :   000000000000000100000000000000100000000011111011;
	2F65  :   111111111111110100000000000000010000000011110110;
	2F66  :   000000000000000100000000000001010000000011111010;
	2F67  :   111111111111110000000000000000100000000011111010;
	2F68  :   111111111111111100000000000000100000000011110111;
	2F69  :   000000000000001000000000000001110000000011110100;
	2F6A  :   000000000000000000000000000000100000000011111000;
	2F6B  :   000000000000000000000000000001000000000011111010;
	2F6C  :   000000000000000100000000000000110000000011111011;
	2F6D  :   111111111111111000000000000000100000000011110101;
	2F6E  :   111111111111110100000000000000110000000011110110;
	2F6F  :   000000000000000000000000000001000000000011110111;
	2F70  :   000000000000000000000000000001010000000011110110;
	2F71  :   111111111111110100000000000000100000000011111001;
	2F72  :   000000000000000100000000000001000000000011110111;
	2F73  :   111111111111111100000000000000100000000011111010;
	2F74  :   000000000000001000000000000000110000000011110110;
	2F75  :   111111111111111100000000000000100000000011111000;
	2F76  :   000000000000000000000000000000100000000011111100;
	2F77  :   000000000000001100000000000000110000000011111001;
	2F78  :   111111111111101000000000000000100000000011111011;
	2F79  :   111111111111111100000000000000100000000011111000;
	2F7A  :   111111111111111100000000000000010000000011111000;
	2F7B  :   000000000000000000000000000000010000000011110100;
	2F7C  :   000000000000000000000000000000000000000011110110;
	2F7D  :   111111111111111000000000000001000000000011111000;
	2F7E  :   111111111111110100000000000001010000000011110110;
	2F7F  :   111111111111111100000000000001110000000011110110;
	2F80  :   111111111111110000000000000000100000000011110101;
	2F81  :   111111111111111100000000000000010000000011110011;
	2F82  :   111111111111111100000000000000100000000011110111;
	2F83  :   000000000000000000000000000001100000000011110101;
	2F84  :   111111111111100100000000000000110000000011111001;
	2F85  :   111111111111101000000000000001000000000011110111;
	2F86  :   111111111111110000000000000000110000000011110101;
	2F87  :   000000000000000000000000000000010000000011111010;
	2F88  :   111111111111110100000000000000100000000011110101;
	2F89  :   111111111111110100000000000000110000000011110110;
	2F8A  :   111111111111110000000000000000100000000011110100;
	2F8B  :   111111111111111100000000000001000000000011111010;
	2F8C  :   000000000000000000000000000000110000000011111000;
	2F8D  :   000000000000000000000000000000110000000011111010;
	2F8E  :   111111111111111100000000000000010000000011111010;
	2F8F  :   111111111111110100000000000000110000000011110100;
	2F90  :   111111111111111100000000000000000000000011110111;
	2F91  :   111111111111111100000000000000100000000011111001;
	2F92  :   111111111111110111111111111111100000000011111000;
	2F93  :   000000000000000000000000000001000000000011110100;
	2F94  :   111111111111110100000000000001110000000011110111;
	2F95  :   111111111111110000000000000001000000000011110110;
	2F96  :   000000000000000000000000000001010000000011110011;
	2F97  :   000000000000001100000000000000000000000011110110;
	2F98  :   000000000000000000000000000001000000000011110111;
	2F99  :   111111111111111100000000000010000000000011110101;
	2F9A  :   000000000000000100000000000001010000000011111100;
	2F9B  :   111111111111111100000000000001000000000011110101;
	2F9C  :   111111111111111000000000000000010000000011111011;
	2F9D  :   000000000000000000000000000000100000000011111001;
	2F9E  :   000000000000000000000000000001000000000011111000;
	2F9F  :   111111111111110100000000000000000000000011111000;
	2FA0  :   111111111111110000000000000000110000000011111010;
	2FA1  :   000000000000000100000000000001010000000011111011;
	2FA2  :   111111111111110100000000000000010000000011110111;
	2FA3  :   111111111111111000000000000000110000000011111001;
	2FA4  :   111111111111111000000000000001010000000011111101;
	2FA5  :   000000000000000000000000000000000000000011110100;
	2FA6  :   000000000000000100000000000000100000000011111001;
	2FA7  :   111111111111111000000000000001000000000011110011;
	2FA8  :   111111111111111100000000000001100000000011110101;
	2FA9  :   111111111111110000000000000000100000000011111001;
	2FAA  :   111111111111110000000000000000110000000011110011;
	2FAB  :   111111111111111000000000000000110000000011110110;
	2FAC  :   000000000000000100000000000000010000000011111000;
	2FAD  :   000000000000000000000000000000100000000011110011;
	2FAE  :   111111111111110100000000000000110000000011110100;
	2FAF  :   111111111111111000000000000000110000000011110110;
	2FB0  :   111111111111110100000000000001100000000011111011;
	2FB1  :   000000000000000100000000000001000000000011111110;
	2FB2  :   111111111111111000000000000000010000000011110101;
	2FB3  :   000000000000000111111111111111110000000011111000;
	2FB4  :   000000000000000000000000000000100000000011111001;
	2FB5  :   111111111111111000000000000000110000000011111001;
	2FB6  :   111111111111110000000000000001000000000011110111;
	2FB7  :   111111111111111000000000000001000000000011111000;
	2FB8  :   111111111111100100000000000000100000000011110000;
	2FB9  :   111111111111101100000000000000110000000011110111;
	2FBA  :   000000000000000000000000000000010000000011110100;
	2FBB  :   000000000000000000000000000000110000000011110010;
	2FBC  :   111111111111111100000000000000110000000011110111;
	2FBD  :   111111111111111100000000000001000000000011110111;
	2FBE  :   111111111111101100000000000000100000000011111000;
	2FBF  :   111111111111111100000000000000100000000011110100;
	2FC0  :   000000000000000100000000000001000000000011111100;
	2FC1  :   111111111111111000000000000000100000000011110100;
	2FC2  :   111111111111111000000000000000100000000011110110;
	2FC3  :   111111111111111100000000000000100000000011111001;
	2FC4  :   000000000000000100000000000000100000000011111011;
	2FC5  :   111111111111111000000000000001000000000011110110;
	2FC6  :   000000000000000100000000000000010000000011110101;
	2FC7  :   000000000000000000000000000001000000000011111000;
	2FC8  :   111111111111111000000000000001000000000011111000;
	2FC9  :   111111111111111100000000000000000000000011110111;
	2FCA  :   111111111111100100000000000001000000000011110100;
	2FCB  :   000000000000000000000000000000110000000011110111;
	2FCC  :   111111111111111100000000000000100000000011110101;
	2FCD  :   000000000000000000000000000000000000000011111001;
	2FCE  :   111111111111110100000000000000000000000011110110;
	2FCF  :   000000000000001000000000000000110000000011111100;
	2FD0  :   111111111111111000000000000000100000000011110001;
	2FD1  :   111111111111111100000000000000110000000011111001;
	2FD2  :   000000000000001100000000000001010000000011111010;
	2FD3  :   111111111111111100000000000000100000000011111000;
	2FD4  :   111111111111111000000000000001100000000011110011;
	2FD5  :   000000000000001100000000000000100000000011110111;
	2FD6  :   111111111111111000000000000000010000000011110101;
	2FD7  :   111111111111111000000000000000000000000011111001;
	2FD8  :   111111111111111100000000000000100000000011110111;
	2FD9  :   111111111111110100000000000000010000000011110011;
	2FDA  :   111111111111111100000000000000010000000011111100;
	2FDB  :   111111111111110100000000000000000000000011110111;
	2FDC  :   111111111111111000000000000001000000000011110011;
	2FDD  :   000000000000000000000000000000010000000011110111;
	2FDE  :   000000000000000000000000000001000000000011110110;
	2FDF  :   111111111111111000000000000001100000000011111011;
	2FE0  :   000000000000001100000000000000110000000011110101;
	2FE1  :   000000000000000100000000000001000000000011110110;
	2FE2  :   111111111111110100000000000001010000000011110011;
	2FE3  :   111111111111111000000000000000100000000011111001;
	2FE4  :   111111111111111000000000000000000000000011110111;
	2FE5  :   111111111111111000000000000001100000000011111000;
	2FE6  :   111111111111111100000000000000010000000011110101;
	2FE7  :   000000000000000100000000000000110000000011111010;
	2FE8  :   000000000000000000000000000000100000000011110101;
	2FE9  :   111111111111111100000000000001100000000011110111;
	2FEA  :   111111111111110000000000000001010000000011110110;
	2FEB  :   111111111111101100000000000000110000000011111100;
	2FEC  :   111111111111111100000000000000100000000011111101;
	2FED  :   111111111111111100000000000000110000000011111010;
	2FEE  :   111111111111111100000000000000100000000011111000;
	2FEF  :   111111111111111000000000000000100000000011110111;
	2FF0  :   000000000000000000000000000000100000000011110100;
	2FF1  :   000000000000000000000000000001010000000011110110;
	2FF2  :   000000000000000100000000000001000000000011110101;
	2FF3  :   000000000000000000000000000000100000000011110111;
	2FF4  :   111111111111111100000000000000100000000011110110;
	2FF5  :   111111111111110100000000000000100000000011111001;
	2FF6  :   111111111111111000000000000000010000000011110001;
	2FF7  :   111111111111110100000000000001100000000011110111;
	2FF8  :   000000000000000000000000000001000000000011111010;
	2FF9  :   111111111111111100000000000001000000000011111001;
	2FFA  :   111111111111110100000000000000000000000011110110;
	2FFB  :   111111111111111000000000000000010000000011111010;
	2FFC  :   111111111111111100000000000001010000000011111100;
	2FFD  :   111111111111110000000000000000110000000011110111;
	2FFE  :   111111111111111100000000000001010000000011110110;
	2FFF  :   000000000000000000000000000000100000000011110101;
	3000  :   111111111111110100000000000000010000000011110100;
	3001  :   000000000000000000000000000000100000000011110101;
	3002  :   111111111111111000000000000000100000000011111000;
	3003  :   111111111111111100000000000001010000000011111001;
	3004  :   000000000000000000000000000001010000000011111001;
	3005  :   000000000000000000000000000000110000000011110011;
	3006  :   000000000000000100000000000001000000000011111010;
	3007  :   000000000000000000000000000000000000000011111100;
	3008  :   111111111111110100000000000000100000000011110110;
	3009  :   111111111111101000000000000000100000000011110111;
	300A  :   111111111111110000000000000000100000000011111001;
	300B  :   111111111111110000000000000000110000000011111010;
	300C  :   111111111111111100000000000001000000000011110111;
	300D  :   000000000000000100000000000000010000000011110111;
	300E  :   111111111111111100000000000000010000000011110100;
	300F  :   000000000000000100000000000000010000000011110101;
	3010  :   000000000000001100000000000001000000000011111010;
	3011  :   111111111111111100000000000001000000000011111001;
	3012  :   111111111111111000000000000000110000000011110110;
	3013  :   111111111111111000000000000001000000000011110101;
	3014  :   111111111111110111111111111111110000000011111010;
	3015  :   000000000000001000000000000001000000000011110110;
	3016  :   111111111111110000000000000000100000000011111001;
	3017  :   000000000000000100000000000001010000000011111001;
	3018  :   111111111111111000000000000001010000000011111001;
	3019  :   000000000000000000000000000001010000000011110111;
	301A  :   111111111111111100000000000000100000000011111011;
	301B  :   111111111111111100000000000000010000000011110010;
	301C  :   000000000000000000000000000000110000000011111011;
	301D  :   000000000000000000000000000000010000000011110101;
	301E  :   111111111111111000000000000000010000000011111010;
	301F  :   000000000000001000000000000001010000000011110111;
	3020  :   111111111111110100000000000001000000000011111000;
	3021  :   000000000000000100000000000000110000000011111000;
	3022  :   111111111111101100000000000000010000000011110101;
	3023  :   000000000000000000000000000000000000000011111001;
	3024  :   111111111111111100000000000000110000000011111000;
	3025  :   000000000000000000000000000001000000000011110111;
	3026  :   000000000000000100000000000000110000000011110110;
	3027  :   000000000000000000000000000001100000000011110111;
	3028  :   111111111111110100000000000000000000000011110100;
	3029  :   111111111111110100000000000001000000000011110111;
	302A  :   111111111111111000000000000001010000000011110111;
	302B  :   111111111111111000000000000000100000000011110101;
	302C  :   111111111111111000000000000001000000000011111001;
	302D  :   111111111111110000000000000000100000000011110110;
	302E  :   000000000000001000000000000000110000000011111000;
	302F  :   000000000000000100000000000000110000000011110111;
	3030  :   111111111111110000000000000000100000000011111001;
	3031  :   111111111111111000000000000001110000000011111001;
	3032  :   000000000000000000000000000000000000000011110110;
	3033  :   000000000000000000000000000001000000000011111000;
	3034  :   000000000000000000000000000000100000000011110011;
	3035  :   000000000000000100000000000001100000000011110110;
	3036  :   111111111111110100000000000001000000000011110101;
	3037  :   111111111111111100000000000001000000000011111001;
	3038  :   111111111111111000000000000010000000000011110111;
	3039  :   111111111111110100000000000000010000000011111011;
	303A  :   111111111111111000000000000000110000000011110111;
	303B  :   111111111111111000000000000000100000000011111001;
	303C  :   111111111111110100000000000001000000000011110101;
	303D  :   000000000000000100000000000001100000000011110101;
	303E  :   000000000000000000000000000001110000000011110110;
	303F  :   000000000000000000000000000001100000000011111001;
	3040  :   111111111111111100000000000001010000000011110101;
	3041  :   000000000000000000000000000001000000000011110101;
	3042  :   000000000000000000000000000000010000000011111000;
	3043  :   000000000000000100000000000001000000000011110101;
	3044  :   111111111111110100000000000000100000000011111000;
	3045  :   111111111111110000000000000000110000000011110100;
	3046  :   111111111111111000000000000000010000000011110110;
	3047  :   000000000000000000000000000001000000000011111000;
	3048  :   000000000000001000000000000000110000000011111110;
	3049  :   000000000000000000000000000001000000000011111001;
	304A  :   000000000000001100000000000000100000000011110111;
	304B  :   000000000000000000000000000001010000000011111001;
	304C  :   000000000000001000000000000001010000000011111001;
	304D  :   000000000000001000000000000000000000000011111011;
	304E  :   000000000000000100000000000000100000000011110010;
	304F  :   111111111111111100000000000001010000000011110101;
	3050  :   111111111111111100000000000001010000000011111100;
	3051  :   111111111111111100000000000000110000000011111000;
	3052  :   000000000000000000000000000000110000000011111001;
	3053  :   111111111111111100000000000000110000000011110111;
	3054  :   000000000000000100000000000000100000000011111000;
	3055  :   111111111111111000000000000010000000000011111010;
	[3056..3057]  :   000000000000000100000000000001000000000011110111;
	3058  :   000000000000000100000000000001100000000011111101;
	3059  :   000000000000000000000000000001000000000011110111;
	305A  :   000000000000000100000000000000100000000011111010;
	305B  :   111111111111110100000000000000010000000011111000;
	305C  :   111111111111111100000000000000110000000011111001;
	305D  :   111111111111111100000000000000100000000011111101;
	305E  :   000000000000000000000000000000100000000011111000;
	305F  :   000000000000010100000000000001000000000011110111;
	3060  :   111111111111111000000000000001000000000011110100;
	3061  :   000000000000001100000000000001100000000011111000;
	3062  :   000000000000000100000000000001000000000011111010;
	3063  :   111111111111111100000000000000010000000011110111;
	3064  :   000000000000000100000000000000110000000011111001;
	3065  :   000000000000000000000000000000010000000011111011;
	3066  :   111111111111110100000000000001000000000011110110;
	3067  :   000000000000000100000000000000110000000011111010;
	3068  :   000000000000000000000000000001100000000011110110;
	3069  :   111111111111111100000000000001110000000011110111;
	306A  :   000000000000001000000000000001010000000011111100;
	306B  :   111111111111111000000000000001100000000011111010;
	306C  :   111111111111110000000000000000000000000011110010;
	306D  :   111111111111111100000000000000100000000011110110;
	306E  :   000000000000000100000000000000110000000011111000;
	[306F..3070]  :   000000000000000000000000000001000000000011111000;
	3071  :   111111111111110100000000000000100000000011111000;
	3072  :   111111111111110100000000000000100000000011110100;
	3073  :   111111111111111100000000000000010000000011110111;
	3074  :   000000000000000000000000000001000000000011111010;
	3075  :   111111111111110100000000000000110000000011111001;
	3076  :   111111111111111000000000000000110000000011110100;
	3077  :   111111111111111100000000000001000000000011110100;
	3078  :   111111111111111000000000000000100000000011110101;
	3079  :   000000000000001000000000000000010000000011111100;
	307A  :   000000000000000000000000000001000000000011110100;
	307B  :   111111111111111000000000000001000000000011111001;
	307C  :   000000000000000000000000000000010000000011111011;
	307D  :   111111111111111100000000000001000000000011111011;
	307E  :   000000000000000100000000000001100000000011110101;
	307F  :   111111111111111100000000000000110000000011111001;
	3080  :   111111111111111100000000000000100000000011110100;
	3081  :   111111111111101100000000000000110000000011111010;
	3082  :   111111111111111100000000000000110000000011111001;
	3083  :   000000000000000100000000000000100000000011111001;
	3084  :   111111111111110100000000000000100000000011111000;
	3085  :   111111111111110100000000000000010000000011110111;
	3086  :   000000000000000000000000000001000000000011111000;
	3087  :   111111111111110100000000000000010000000011110110;
	3088  :   111111111111110100000000000000000000000011110101;
	3089  :   111111111111111111111111111111110000000011110011;
	308A  :   111111111111111000000000000001000000000011111010;
	308B  :   111111111111111000000000000001000000000011111110;
	308C  :   000000000000000000000000000001000000000011110101;
	308D  :   111111111111111000000000000000100000000011111010;
	308E  :   111111111111110000000000000000100000000011110100;
	308F  :   000000000000000000000000000000110000000011111001;
	3090  :   111111111111101100000000000000110000000011110011;
	3091  :   000000000000000100000000000000010000000011111001;
	3092  :   000000000000000000000000000000000000000011110110;
	3093  :   111111111111111000000000000000110000000011110111;
	3094  :   111111111111101100000000000001000000000011110111;
	3095  :   000000000000001000000000000000100000000011111011;
	3096  :   000000000000001000000000000000100000000011110100;
	3097  :   111111111111101100000000000000100000000011111001;
	3098  :   111111111111110100000000000000010000000011111000;
	3099  :   000000000000000100000000000000110000000011110111;
	309A  :   111111111111110000000000000001110000000011111000;
	309B  :   000000000000000100000000000000000000000011111011;
	309C  :   000000000000001000000000000000100000000011111101;
	309D  :   111111111111111100000000000001000000000011110111;
	309E  :   111111111111111100000000000000100000000011111011;
	309F  :   111111111111110100000000000000110000000011111001;
	30A0  :   111111111111110000000000000000110000000011111000;
	30A1  :   111111111111111100000000000000110000000011110111;
	30A2  :   000000000000001100000000000001000000000011110111;
	30A3  :   000000000000000100000000000001010000000011110110;
	30A4  :   000000000000000000000000000000010000000011111001;
	30A5  :   000000000000000100000000000000110000000011111010;
	30A6  :   111111111111111100000000000001100000000011110110;
	30A7  :   111111111111111000000000000000100000000011110111;
	30A8  :   000000000000000000000000000000000000000011111000;
	30A9  :   000000000000000111111111111111000000000011110101;
	30AA  :   111111111111111100000000000000000000000011111000;
	30AB  :   111111111111110100000000000000100000000011110111;
	30AC  :   111111111111111100000000000000010000000011110101;
	30AD  :   000000000000000000000000000000100000000011111100;
	30AE  :   111111111111111100000000000000010000000011110111;
	30AF  :   000000000000000100000000000000110000000011110111;
	30B0  :   000000000000001000000000000000100000000011111000;
	30B1  :   000000000000000000000000000000100000000011110110;
	30B2  :   000000000000000100000000000001000000000011111000;
	30B3  :   111111111111111100000000000000000000000011111000;
	30B4  :   000000000000001000000000000000110000000011110100;
	30B5  :   111111111111111011111111111111110000000011111000;
	30B6  :   111111111111111100000000000000100000000011110011;
	30B7  :   000000000000000100000000000001000000000011110100;
	30B8  :   111111111111111000000000000000100000000011110111;
	30B9  :   111111111111111000000000000000110000000011111000;
	30BA  :   111111111111111000000000000000100000000011110111;
	30BB  :   000000000000000000000000000000110000000011110111;
	30BC  :   111111111111111100000000000001010000000011110011;
	30BD  :   111111111111111000000000000001000000000011110101;
	30BE  :   111111111111111000000000000001000000000011111000;
	30BF  :   000000000000000100000000000001000000000011110110;
	30C0  :   111111111111110000000000000001010000000011111001;
	30C1  :   111111111111110100000000000000110000000011110100;
	30C2  :   111111111111111100000000000001010000000011110110;
	30C3  :   000000000000000000000000000001110000000011111011;
	30C4  :   000000000000000100000000000000000000000011111000;
	30C5  :   111111111111111100000000000000010000000011110111;
	30C6  :   000000000000000000000000000000000000000011110111;
	30C7  :   111111111111110000000000000000000000000011110100;
	30C8  :   111111111111110100000000000000010000000011110101;
	30C9  :   000000000000000000000000000000010000000011110011;
	30CA  :   111111111111111100000000000000010000000011110101;
	30CB  :   111111111111111111111111111111100000000011110100;
	30CC  :   111111111111111100000000000001000000000011111000;
	30CD  :   000000000000000000000000000000100000000011110111;
	30CE  :   111111111111111000000000000000110000000011110100;
	30CF  :   111111111111110000000000000000010000000011110110;
	30D0  :   111111111111111000000000000000100000000011111011;
	30D1  :   111111111111111100000000000010010000000011111011;
	30D2  :   111111111111111000000000000000110000000011110110;
	30D3  :   111111111111111000000000000000100000000011101110;
	30D4  :   111111111111111100000000000000110000000011110101;
	30D5  :   111111111111111000000000000001000000000011110100;
	30D6  :   000000000000000100000000000010000000000011110100;
	30D7  :   000000000000000000000000000001000000000011110101;
	30D8  :   111111111111111000000000000001000000000011110001;
	30D9  :   000000000000000100000000000000110000000011110110;
	30DA  :   000000000000000000000000000000110000000011110101;
	30DB  :   111111111111110000000000000000000000000011110110;
	30DC  :   111111111111111000000000000000010000000011111100;
	30DD  :   000000000000000000000000000001000000000011111001;
	30DE  :   111111111111111100000000000000000000000011110111;
	30DF  :   000000000000000100000000000001010000000011111101;
	30E0  :   111111111111110100000000000000110000000011110101;
	30E1  :   111111111111111000000000000001010000000011111001;
	30E2  :   111111111111111000000000000000110000000011110111;
	30E3  :   000000000000000000000000000000010000000011110101;
	30E4  :   111111111111111100000000000001100000000011110111;
	30E5  :   000000000000000000000000000001000000000011110111;
	30E6  :   111111111111110100000000000000100000000011110111;
	30E7  :   111111111111110100000000000000010000000011110011;
	30E8  :   111111111111110100000000000000110000000011111000;
	30E9  :   000000000000000000000000000001010000000011111100;
	30EA  :   000000000000000000000000000000100000000011111010;
	30EB  :   111111111111111000000000000001000000000011111000;
	30EC  :   000000000000010000000000000000100000000011110111;
	30ED  :   000000000000000000000000000001000000000011110100;
	30EE  :   111111111111111000000000000000100000000011111100;
	30EF  :   111111111111111000000000000000010000000011111010;
	30F0  :   000000000000000000000000000000010000000011111000;
	30F1  :   111111111111111000000000000000100000000011110110;
	30F2  :   111111111111111100000000000000100000000011111011;
	30F3  :   111111111111101100000000000000010000000011110011;
	30F4  :   111111111111111000000000000001000000000011110110;
	30F5  :   111111111111111100000000000001010000000011110101;
	30F6  :   111111111111110100000000000000010000000011111000;
	30F7  :   111111111111110100000000000000000000000011111001;
	30F8  :   111111111111111100000000000000010000000011111000;
	30F9  :   111111111111111000000000000000000000000011111000;
	30FA  :   000000000000001000000000000000100000000011111000;
	30FB  :   111111111111111100000000000000110000000011110110;
	30FC  :   000000000000000000000000000000010000000011111010;
	30FD  :   111111111111111000000000000010000000000011111001;
	30FE  :   111111111111110100000000000000100000000011110101;
	30FF  :   000000000000000100000000000000110000000011110110;
	3100  :   000000000000001000000000000000110000000011110110;
	3101  :   111111111111111100000000000001100000000011111000;
	3102  :   111111111111111000000000000000100000000011110111;
	3103  :   111111111111111100000000000000110000000011110111;
	3104  :   000000000000000000000000000000010000000011110101;
	3105  :   000000000000000100000000000000000000000011110101;
	3106  :   000000000000000100000000000000100000000011110101;
	3107  :   111111111111110100000000000000010000000011111010;
	3108  :   111111111111111100000000000000010000000011110011;
	3109  :   111111111111111100000000000001000000000011110101;
	310A  :   111111111111111000000000000000100000000011110100;
	310B  :   000000000000000000000000000001010000000011110011;
	310C  :   111111111111111100000000000000110000000011111001;
	310D  :   000000000000001000000000000000100000000011111001;
	310E  :   000000000000000000000000000000100000000011110101;
	310F  :   111111111111111100000000000000100000000011110101;
	3110  :   000000000000000100000000000001000000000011111010;
	3111  :   111111111111110100000000000000110000000011111010;
	3112  :   000000000000000000000000000000100000000011110110;
	3113  :   111111111111101000000000000000100000000011110111;
	3114  :   000000000000000011111111111111110000000011110110;
	3115  :   111111111111111100000000000000110000000011110101;
	3116  :   000000000000000000000000000000010000000011111010;
	3117  :   000000000000000000000000000001010000000011110111;
	3118  :   111111111111110100000000000000010000000011111011;
	3119  :   111111111111111000000000000000000000000011111110;
	311A  :   111111111111111100000000000000000000000011111100;
	311B  :   000000000000000000000000000001010000000011110110;
	311C  :   111111111111100100000000000001110000000011110101;
	311D  :   111111111111111000000000000000110000000011110100;
	311E  :   000000000000000000000000000001010000000011111010;
	311F  :   000000000000000000000000000001010000000011110011;
	3120  :   111111111111111000000000000000010000000011111011;
	3121  :   000000000000001100000000000000010000000011111000;
	3122  :   000000000000000000000000000001000000000011111001;
	3123  :   000000000000000000000000000000100000000011111011;
	3124  :   000000000000000000000000000000010000000011110111;
	3125  :   111111111111110100000000000000000000000011111001;
	3126  :   111111111111111100000000000001000000000011110111;
	3127  :   111111111111111000000000000000100000000011110110;
	3128  :   000000000000000000000000000001000000000011111001;
	3129  :   000000000000000100000000000001010000000011111000;
	312A  :   000000000000000100000000000000010000000011110100;
	312B  :   000000000000000100000000000001100000000011111000;
	312C  :   111111111111111100000000000001000000000011111000;
	312D  :   111111111111110100000000000001110000000011111100;
	312E  :   111111111111110100000000000000010000000011110111;
	312F  :   111111111111101000000000000000100000000011111010;
	3130  :   111111111111110000000000000000010000000011110010;
	3131  :   111111111111111100000000000001000000000011110111;
	3132  :   000000000000000000000000000001000000000011110110;
	3133  :   000000000000000000000000000000010000000011111000;
	3134  :   111111111111111000000000000000100000000011111001;
	3135  :   000000000000000000000000000000100000000011110101;
	3136  :   111111111111111100000000000000000000000011111010;
	3137  :   111111111111110000000000000000000000000011111010;
	3138  :   111111111111111000000000000000100000000011110010;
	3139  :   000000000000001000000000000000110000000011111011;
	313A  :   000000000000001100000000000001000000000011110011;
	313B  :   000000000000000000000000000001010000000011110000;
	313C  :   111111111111111100000000000001010000000011111000;
	313D  :   000000000000000000000000000000010000000011110111;
	313E  :   111111111111110100000000000001100000000011111000;
	313F  :   000000000000000000000000000001000000000011111000;
	3140  :   000000000000000000000000000000010000000011110011;
	3141  :   000000000000000000000000000001100000000011111011;
	3142  :   111111111111110100000000000000010000000011111000;
	3143  :   000000000000000100000000000000010000000011111010;
	3144  :   000000000000000000000000000000100000000011110110;
	3145  :   000000000000000000000000000001010000000011110101;
	3146  :   000000000000000100000000000000100000000011111010;
	3147  :   111111111111111100000000000001000000000011111100;
	3148  :   111111111111111100000000000000100000000011110111;
	3149  :   000000000000000000000000000000100000000011110100;
	314A  :   111111111111111100000000000000010000000011110011;
	314B  :   111111111111110000000000000000110000000011110111;
	314C  :   111111111111111000000000000000010000000011111011;
	314D  :   000000000000000000000000000000010000000011111010;
	314E  :   111111111111111100000000000000110000000011110111;
	314F  :   111111111111110100000000000000110000000011110010;
	3150  :   000000000000000000000000000001010000000011111001;
	3151  :   000000000000000000000000000000110000000011111010;
	3152  :   000000000000001100000000000000110000000011111011;
	3153  :   000000000000000000000000000000110000000011110111;
	3154  :   000000000000000000000000000000010000000011110101;
	3155  :   111111111111111100000000000000110000000011111010;
	3156  :   111111111111111000000000000000100000000011110100;
	3157  :   000000000000000000000000000000110000000011110010;
	3158  :   000000000000000100000000000001010000000011111001;
	3159  :   000000000000000100000000000000100000000011111000;
	315A  :   000000000000000000000000000000110000000011110111;
	315B  :   000000000000001100000000000000100000000011111010;
	315C  :   000000000000000100000000000001100000000011111001;
	315D  :   111111111111111111111111111111110000000011110101;
	315E  :   111111111111111100000000000001010000000011110111;
	315F  :   000000000000000100000000000000100000000011111010;
	3160  :   000000000000000100000000000000100000000011111011;
	3161  :   111111111111110000000000000000010000000011111001;
	3162  :   111111111111110100000000000000000000000011111100;
	3163  :   111111111111111000000000000000010000000011110101;
	3164  :   000000000000000000000000000001000000000011110111;
	3165  :   000000000000000000000000000001000000000011111001;
	3166  :   111111111111111100000000000000110000000011111101;
	3167  :   000000000000000100000000000000100000000011110011;
	3168  :   000000000000000000000000000000000000000011110101;
	3169  :   111111111111110100000000000000010000000011110110;
	316A  :   111111111111110100000000000000100000000011111010;
	316B  :   000000000000000000000000000000100000000011111100;
	316C  :   000000000000000000000000000001000000000011110010;
	316D  :   000000000000000000000000000000110000000011110101;
	316E  :   111111111111111100000000000000100000000011110101;
	316F  :   111111111111111100000000000001100000000011111000;
	3170  :   111111111111110100000000000001000000000011110111;
	3171  :   111111111111101100000000000000010000000011110110;
	3172  :   000000000000000100000000000000010000000011110110;
	3173  :   000000000000000100000000000001010000000011110111;
	3174  :   111111111111111000000000000000000000000011111000;
	3175  :   000000000000000000000000000000110000000011111010;
	3176  :   000000000000000000000000000000100000000011110111;
	3177  :   111111111111111100000000000001010000000011110010;
	3178  :   111111111111101100000000000000100000000011110100;
	3179  :   111111111111110000000000000001000000000011111000;
	317A  :   111111111111111100000000000000110000000011111001;
	317B  :   111111111111110000000000000001000000000011110010;
	317C  :   111111111111110100000000000000110000000011111101;
	317D  :   111111111111111000000000000001000000000011110010;
	317E  :   111111111111111100000000000000110000000011111011;
	317F  :   000000000000000000000000000000010000000011110110;
	3180  :   111111111111111000000000000000100000000011111010;
	3181  :   000000000000000100000000000000010000000011110110;
	3182  :   111111111111111000000000000000100000000011111000;
	3183  :   000000000000000100000000000001110000000011110010;
	3184  :   000000000000000000000000000001010000000011111101;
	3185  :   000000000000001000000000000000100000000011111010;
	3186  :   000000000000000100000000000001100000000011111011;
	3187  :   111111111111111000000000000000100000000011111001;
	3188  :   111111111111110100000000000000100000000011110110;
	3189  :   000000000000001000000000000000110000000011111010;
	318A  :   000000000000000000000000000000100000000011111010;
	318B  :   000000000000000111111111111111110000000011110100;
	318C  :   111111111111110000000000000000000000000011111011;
	318D  :   111111111111111100000000000000110000000011110110;
	318E  :   000000000000000000000000000001000000000011110101;
	318F  :   000000000000000000000000000000110000000011111010;
	3190  :   000000000000000000000000000000110000000011111100;
	3191  :   111111111111110000000000000000010000000011110100;
	3192  :   000000000000000000000000000000010000000011111001;
	3193  :   000000000000000000000000000001010000000011111001;
	3194  :   000000000000000000000000000000100000000011111000;
	3195  :   111111111111111100000000000000010000000011111001;
	3196  :   111111111111111000000000000001010000000011111001;
	3197  :   111111111111111100000000000000000000000011111010;
	3198  :   111111111111110100000000000001010000000011111000;
	3199  :   000000000000001000000000000001100000000011111011;
	319A  :   111111111111111100000000000000010000000011110111;
	319B  :   111111111111111100000000000000110000000011111010;
	319C  :   111111111111110000000000000000100000000011111000;
	319D  :   000000000000000000000000000000110000000011111101;
	319E  :   111111111111111100000000000001000000000011110111;
	319F  :   111111111111110100000000000000110000000011111000;
	31A0  :   111111111111110100000000000001000000000011110111;
	31A1  :   111111111111110100000000000001000000000011110110;
	31A2  :   111111111111111000000000000000010000000011110111;
	31A3  :   111111111111111100000000000000110000000011110111;
	31A4  :   111111111111110000000000000000100000000011110011;
	31A5  :   000000000000000011111111111111100000000011110101;
	31A6  :   000000000010101111111111101111000000000010100000;
	31A7  :   111111110110011100000000010111010000000010110111;
	31A8  :   000000000101010000000000011001100000001110000101;
	31A9  :   000000000001111100000000001101000000000000001100;
	31AA  :   000000000001010000000000000111110000000000100111;
	31AB  :   000000000101000100000000001001010000000011001100;
	31AC  :   111111111100100011111111110101110000000110000000;
	31AD  :   000000000001000100000000000001010000000010011000;
	31AE  :   000000000010001100000000010001100000000001111001;
	31AF  :   111111111110110000000000001100001111111111101001;
	31B0  :   111111111110010111111111110010110000000011010001;
	31B1  :   000000000011001100000000000101010000000010010110;
	31B2  :   000000000001011100000000000111000000000110001111;
	31B3  :   111111111111100011111111111010110000000100101011;
	31B4  :   000000000001010100000000000101010000000011000000;
	31B5  :   111111111111101000000000000011010000000100101010;
	31B6  :   111111111111000011111111111101010000000011010111;
	31B7  :   111111111111110100000000000010100000000011110111;
	31B8  :   000000000000010000000000000000110000000100001110;
	31B9  :   000000000000001100000000000001000000000011011111;
	31BA  :   000000000000001011111111111111000000000100001110;
	31BB  :   111111111111010100000000000000010000000011110101;
	31BC  :   111111111111101111111111111101100000000100001110;
	31BD  :   111111111111000111111111111111010000000011101011;
	31BE  :   111111111111100111111111111111000000000100011100;
	31BF  :   111111111111011111111111111110110000000011111100;
	31C0  :   000000000010011100000000001100100000000010011111;
	31C1  :   000000000001111100000000001001000000000010010001;
	31C2  :   111111111111111000000000000101010000000010110101;
	31C3  :   111111111111100000000000000001110000000110001000;
	31C4  :   111111111111111111111111111110010000000011000011;
	31C5  :   111111111101110000000000000101010000000100001111;
	31C6  :   000000000000100000000000000010000000000011011110;
	31C7  :   111111111111110000000000000011000000000011011011;
	31C8  :   000000000000000011111111111110110000000011111100;
	31C9  :   000000000000001000000000000011000000000011010101;
	31CA  :   000000000000000100000000000010010000000011101010;
	31CB  :   000000000000000111111111111111110000000100001011;
	31CC  :   111111111111110000000000000001000000000011110001;
	31CD  :   000000000000000000000000000001010000000011101000;
	31CE  :   000000000000001000000000000000100000000100000000;
	31CF  :   111111111111110100000000000000010000000100000110;
	31D0  :   000000000000010000000000000010000000000011101011;
	31D1  :   111111111111111100000000000001000000000011110110;
	31D2  :   000000000000000111111111111111110000000100000111;
	31D3  :   000000000000000000000000000000100000000011111000;
	31D4  :   111111111111111100000000000000100000000011110000;
	31D5  :   111111111111110000000000000000100000000011111111;
	31D6  :   000000000000000000000000000000110000000011111011;
	31D7  :   000000000000000000000000000001100000000011110000;
	31D8  :   000000000000000100000000000001000000000011111011;
	31D9  :   111111111111110000000000000000010000000011111100;
	31DA  :   111111111111110100000000000001000000000011110011;
	31DB  :   111111111111110000000000000001000000000011110001;
	31DC  :   111111111111111100000000000001010000000100000100;
	31DD  :   111111111111110100000000000000110000000011110110;
	31DE  :   111111111111110100000000000001100000000011110011;
	31DF  :   111111111111110100000000000001000000000011111000;
	31E0  :   111111111111111100000000000001000000000011110011;
	31E1  :   000000000000000100000000000000110000000011110000;
	31E2  :   111111111111110000000000000000010000000011111001;
	31E3  :   111111111111111000000000000001000000000011111101;
	31E4  :   111111111101010111111111111100001111111110111110;
	31E5  :   111111111110011100000000110111000000010001001010;
	31E6  :   111111111000011011111111111001100000000011001111;
	31E7  :   000000000010010111111111101001101111111000010110;
	31E8  :   000000000001110111111111101000000000001000111010;
	31E9  :   000000000100011111111111000110100000001001101100;
	31EA  :   111111111110101011111111101101110000001011010100;
	31EB  :   000000000100010111111111100010100000001111000111;
	31EC  :   000000000000000000000000001000110000000010010001;
	31ED  :   000000000010100111111111100000010000001001110011;
	31EE  :   000000000010100011111111110111110000000110010101;
	31EF  :   000000000011010100000000000010100000000001101111;
	31F0  :   000000000011001111111111111000110000000100010110;
	31F1  :   000000000100011011111111111111110000000010110001;
	31F2  :   000000000010100111111111110111110000000011101111;
	31F3  :   000000000000100100000000000111010000000101010111;
	31F4  :   111111111111001000000000000110010000000010111011;
	31F5  :   111111111111000011111111111101010000000011011111;
	31F6  :   111111111111110111111111111111100000000100011011;
	31F7  :   111111111111110011111111111111010000000011101011;
	31F8  :   111111111111111100000000000000000000000011110010;
	31F9  :   000000000000001111111111111100110000000100001001;
	31FA  :   000000000000101011111111111001010000000011111110;
	31FB  :   000000000001000011111111110111100000000100001101;
	31FC  :   000000000010000011111111110101110000000100000101;
	31FD  :   000000000001111111111111110100100000000100000000;
	31FE  :   111111111111010111111111110010000000000100010001;
	31FF  :   000000000000101111111111111101110000000001011111;
	3200  :   000000000001010011111111111101100000000101100101;
	3201  :   111111111100101000000000001001110000000101111101;
	3202  :   111111111110111000000000001010000000000011010101;
	3203  :   111111111111001000000000000100010000000011111100;
	3204  :   111111111111010100000000000111010000000011100011;
	3205  :   111111111111110000000000000110000000000011100111;
	3206  :   111111111111010100000000000110010000000100001011;
	3207  :   111111111111011100000000000011100000000011110000;
	3208  :   111111111111101000000000000011110000000011110000;
	3209  :   111111111111101000000000000000000000000011111000;
	320A  :   000000000000010000000000000000000000000011101010;
	320B  :   111111111111101100000000000001110000000011110110;
	320C  :   000000000000000100000000000000100000000100000000;
	320D  :   111111111111110100000000000000100000000100000000;
	320E  :   000000000000001011111111111111110000000011101100;
	320F  :   000000000000000100000000000000100000000011100110;
	3210  :   111111111111111000000000000001000000000100001000;
	3211  :   000000000000000000000000000000110000000011110110;
	3212  :   000000000000001100000000000001010000000011110011;
	3213  :   111111111111111100000000000000100000000100000001;
	3214  :   000000000000000000000000000000010000000011110110;
	3215  :   000000000000000000000000000000110000000011101010;
	3216  :   000000000000000000000000000000010000000011111100;
	3217  :   000000000000000000000000000000100000000100000010;
	3218  :   111111111111111000000000000000100000000011101101;
	3219  :   111111111111111000000000000000110000000011110101;
	321A  :   111111111111111100000000000000010000000100000001;
	321B  :   000000000000000100000000000000110000000011110010;
	321C  :   000000000000000000000000000001000000000011110100;
	321D  :   111111111111111100000000000000010000000011111000;
	321E  :   111111111111111100000000000000100000000011110101;
	321F  :   111111111111111100000000000000110000000011110000;
	3220  :   111111111111111100000000000000010000000011111010;
	3221  :   111111111111111000000000000001010000000011111110;
	3222  :   000000000000000000000000000001100000000011110111;
	3223  :   111111111111110100000000000000010000000011110101;
	3224  :   111111111111111100000000000000110000000011111001;
	3225  :   111111111111111100000000000000100000000011111001;
	3226  :   000000000000000100000000000000000000000011110110;
	3227  :   111111111111110100000000000000010000000011110011;
	3228  :   000000000000000000000000000001100000000011111001;
	3229  :   111111111111110100000000000001010000000011101111;
	322A  :   111111111111111100000000000001100000000011110110;
	322B  :   111111111111111000000000000000010000000011111010;
	322C  :   111111111111110100000000000000110000000011111101;
	322D  :   111111111111111100000000000000010000000011110101;
	322E  :   000000000000000100000000000001110000000011110101;
	322F  :   111111111111111100000000000000110000000011111011;
	3230  :   000000000000000000000000000001010000000011101110;
	3231  :   000000000000001000000000000000110000000011111000;
	3232  :   000000000000000000000000000000010000000011110111;
	3233  :   000000000000000000000000000001000000000011111001;
	3234  :   000000000000000000000000000000000000000011110100;
	3235  :   111111111111111000000000000000100000000011110100;
	3236  :   000000000000000000000000000001000000000011111110;
	3237  :   000000000000000100000000000000010000000011111010;
	3238  :   111111111111111000000000000000110000000011110110;
	3239  :   111111111111111000000000000000010000000011111010;
	323A  :   111111111111111000000000000000110000000011110101;
	323B  :   111111111111111011111111111111110000000011110111;
	323C  :   111111111111111000000000000000000000000011111010;
	323D  :   111111111111111000000000000000100000000011111001;
	323E  :   000000000000000100000000000000110000000011110100;
	323F  :   000000000000000000000000000001010000000011111010;
	3240  :   111111111111111100000000000001000000000011111011;
	3241  :   111111111111110000000000000000100000000011110101;
	3242  :   000000000000000100000000000000110000000011110011;
	3243  :   111111111111111100000000000000010000000011111000;
	3244  :   000000000000001000000000000000110000000011110101;
	3245  :   000000000000000000000000000000100000000011110010;
	3246  :   000000000000000011111111111111110000000011110101;
	3247  :   111111111111111011111111111111110000000011110110;
	3248  :   111111111111101100000000000001110000000011110001;
	3249  :   000000000000000100000000000000100000000011110101;
	324A  :   111111111111111100000000000001100000000011111001;
	324B  :   111111111111110100000000000000010000000011110101;
	324C  :   000000000000001000000000000000110000000011111100;
	324D  :   111111111111111000000000000000110000000011111011;
	324E  :   000000000000001000000000000000100000000011111101;
	324F  :   111111111111111000000000000000100000000011111001;
	3250  :   111111111111111000000000000000110000000011110110;
	3251  :   111111111111111000000000000000110000000011110101;
	3252  :   000000000000000000000000000010000000000011110111;
	3253  :   111111111111111000000000000000110000000011111010;
	3254  :   111111111111110100000000000000110000000011111011;
	3255  :   111111111111111000000000000000110000000011111101;
	3256  :   111111111111110100000000000001000000000011111001;
	3257  :   111111111111111000000000000001100000000011111001;
	3258  :   000000000000000000000000000000110000000011110111;
	3259  :   000000000000000100000000000001000000000011111000;
	325A  :   000000000000000000000000000000110000000011110110;
	325B  :   000000000000000000000000000000110000000011111010;
	325C  :   111111111111111000000000000000100000000011111101;
	325D  :   111111111111110100000000000000100000000011110011;
	325E  :   111111111111110100000000000001100000000011110111;
	325F  :   111111111111111100000000000000100000000011111001;
	3260  :   000000000000000100000000000000110000000011110110;
	3261  :   000000000000000011111111111111110000000011110111;
	3262  :   111111111111111100000000000000100000000011111011;
	3263  :   111111111111111100000000000000100000000011110011;
	3264  :   111111111111110100000000000000100000000011110100;
	3265  :   000000000000000100000000000000110000000011110111;
	3266  :   000000000000001000000000000000010000000011110110;
	3267  :   000000000000000100000000000001010000000011110111;
	3268  :   000000000000001000000000000000010000000011111011;
	3269  :   111111111111101000000000000000110000000011110101;
	326A  :   111111111111111000000000000000110000000011110100;
	326B  :   000000000000000000000000000000010000000011110111;
	326C  :   111111111111110000000000000000000000000011110111;
	326D  :   111111111111101000000000000000100000000011111011;
	326E  :   000000000000001000000000000001100000000011110100;
	326F  :   111111111111111000000000000001010000000011110001;
	3270  :   111111111111111100000000000000000000000011111001;
	3271  :   000000000000001100000000000000110000000011111001;
	3272  :   111111111111110100000000000001000000000011110111;
	3273  :   111111111111111100000000000000110000000011110110;
	3274  :   111111111111110100000000000001010000000011111000;
	3275  :   111111111111110000000000000000110000000011110110;
	3276  :   000000000000001000000000000001010000000011110111;
	3277  :   000000000000000000000000000000100000000011111001;
	3278  :   111111111111111100000000000000000000000011111011;
	3279  :   111111111111111000000000000001000000000011111000;
	327A  :   000000000000000000000000000000110000000011111100;
	327B  :   000000000000000100000000000000100000000011110100;
	327C  :   111111111111111000000000000001110000000011111100;
	327D  :   000000000000001000000000000001000000000011110100;
	327E  :   111111111111110000000000000000010000000011111011;
	327F  :   111111111111101100000000000000010000000011110101;
	3280  :   111111111111101000000000000000100000000011110110;
	3281  :   000000000000000000000000000001000000000011111010;
	3282  :   000000000000000000000000000000100000000011111010;
	3283  :   000000000000000100000000000000100000000011110111;
	3284  :   111111111111111100000000000000000000000011111010;
	3285  :   111111111111111100000000000001100000000011111011;
	3286  :   111111111111110000000000000000100000000011111001;
	3287  :   111111111111111000000000000001010000000011110100;
	3288  :   000000000000000100000000000000100000000011111001;
	3289  :   000000000000000100000000000001100000000011110111;
	328A  :   000000000000001000000000000010000000000011111001;
	328B  :   111111111111111100000000000000000000000011110101;
	328C  :   000000000000000000000000000000110000000011110111;
	328D  :   111111111111110100000000000001000000000011110111;
	328E  :   111111111111111100000000000000100000000011110111;
	328F  :   000000000000000100000000000001000000000011110100;
	3290  :   111111111111111100000000000000110000000011110111;
	3291  :   111111111111111000000000000000000000000011110101;
	3292  :   000000000000000000000000000001000000000011110100;
	3293  :   111111111111111100000000000000010000000011111001;
	3294  :   111111111111110100000000000000110000000011110110;
	3295  :   000000000000000000000000000000110000000011111011;
	3296  :   000000000000001000000000000000010000000011111010;
	3297  :   111111111111110100000000000001000000000011110111;
	3298  :   000000000000001000000000000001000000000011111000;
	3299  :   111111111111111000000000000000110000000011111000;
	329A  :   111111111111111000000000000000010000000011110111;
	329B  :   111111111111111100000000000000100000000011111110;
	329C  :   111111111111110000000000000000010000000011111010;
	329D  :   111111111111111100000000000000110000000011111001;
	329E  :   000000000000000000000000000000100000000011110101;
	329F  :   000000000000000100000000000001100000000011110110;
	32A0  :   111111111111111000000000000001100000000011110101;
	32A1  :   111111111111110100000000000000110000000011110111;
	32A2  :   111111111111111100000000000001000000000011111001;
	32A3  :   111111111111111000000000000000110000000011111100;
	32A4  :   111111111111111000000000000000110000000011111000;
	32A5  :   111111111111111100000000000000110000000011110011;
	32A6  :   111111111111110100000000000000110000000011110101;
	32A7  :   111111111111111000000000000000110000000011110101;
	32A8  :   000000000000000100000000000001100000000011110011;
	32A9  :   111111111111101100000000000001000000000011110111;
	32AA  :   000000000000000000000000000000010000000011110110;
	32AB  :   000000000000000000000000000000010000000011110111;
	32AC  :   111111111111111100000000000000010000000011110101;
	32AD  :   111111111111111000000000000000110000000011110111;
	32AE  :   000000000000000100000000000001100000000011111010;
	32AF  :   000000000000000100000000000000010000000011110110;
	32B0  :   000000000000000000000000000000110000000011111011;
	32B1  :   111111111111111100000000000000110000000011111000;
	32B2  :   111111111111110100000000000000010000000011110110;
	32B3  :   000000000000000100000000000001110000000011111010;
	32B4  :   111111111111110100000000000000100000000011110101;
	32B5  :   000000000000000011111111111111110000000011110101;
	32B6  :   000000000000000000000000000000010000000011110111;
	32B7  :   111111111111111100000000000000010000000011111001;
	32B8  :   000000000000000100000000000000110000000011111001;
	32B9  :   000000000000001100000000000000010000000011111011;
	32BA  :   000000000000010000000000000001110000000011110110;
	32BB  :   111111111111111000000000000001100000000011111001;
	32BC  :   000000000000001100000000000001110000000011111000;
	32BD  :   000000000000000100000000000000100000000011110100;
	32BE  :   000000000000000011111111111111110000000011111000;
	32BF  :   111111111111110100000000000000100000000011110101;
	32C0  :   111111111111111000000000000000000000000011110101;
	32C1  :   000000000000001000000000000000010000000011110100;
	32C2  :   111111111111111100000000000001000000000011111100;
	32C3  :   111111111111110100000000000000000000000011110101;
	32C4  :   111111111111110100000000000001000000000011110100;
	[32C5..32C6]  :   111111111111111100000000000000110000000011111001;
	32C7  :   111111111111111000000000000001000000000011111010;
	32C8  :   111111111111111000000000000000010000000011110111;
	32C9  :   111111111111111100000000000000100000000011110101;
	32CA  :   000000000000000100000000000000110000000011111000;
	32CB  :   000000000000000000000000000000100000000011110101;
	32CC  :   000000000000000111111111111111110000000011111001;
	32CD  :   000000000000000000000000000001000000000011111001;
	32CE  :   000000000000010000000000000000110000000011110111;
	32CF  :   111111111111110000000000000000100000000011110101;
	32D0  :   111111111111111100000000000000010000000011110110;
	32D1  :   111111111111111100000000000001010000000011111010;
	32D2  :   111111111111110100000000000000110000000011110111;
	32D3  :   111111111111111000000000000001100000000011111000;
	32D4  :   111111111111111000000000000000100000000011111010;
	32D5  :   000000000000000000000000000001000000000011111010;
	32D6  :   111111111111101100000000000001000000000011111001;
	32D7  :   111111111111101100000000000000010000000011110110;
	32D8  :   111111111111111100000000000000110000000011111110;
	32D9  :   000000000000000100000000000010000000000011111001;
	32DA  :   111111111111111100000000000001010000000011111001;
	32DB  :   111111111111111100000000000000000000000011111011;
	32DC  :   000000000000000100000000000000100000000011110100;
	32DD  :   000000000000000000000000000001010000000011110100;
	32DE  :   000000000000000100000000000001010000000011110100;
	32DF  :   111111111111111000000000000001010000000011110111;
	32E0  :   111111111111111100000000000000110000000011110011;
	32E1  :   111111111111110000000000000000100000000011111001;
	32E2  :   111111111111111100000000000000100000000011110001;
	32E3  :   000000000000000000000000000000000000000011110101;
	32E4  :   111111111111111100000000000001000000000011110111;
	32E5  :   111111111111111100000000000000100000000011111010;
	32E6  :   000000000000000000000000000000110000000011110110;
	32E7  :   111111111111110100000000000000100000000011110111;
	32E8  :   111111111111111000000000000000100000000011111010;
	32E9  :   111111111111101100000000000000110000000011110111;
	32EA  :   000000000000010000000000000000100000000011111011;
	32EB  :   000000000000001000000000000000100000000011110110;
	32EC  :   111111111111111000000000000001000000000011110010;
	32ED  :   111111111111110100000000000001000000000011110110;
	32EE  :   111111111111111000000000000001000000000011110111;
	32EF  :   111111111111111100000000000000110000000011111100;
	32F0  :   000000000000001011111111111111110000000011111001;
	32F1  :   000000000000000100000000000001000000000011111001;
	32F2  :   111111111111111100000000000001010000000011111000;
	32F3  :   000000000000000000000000000001000000000011111000;
	32F4  :   111111111111111000000000000001000000000011110111;
	32F5  :   000000000000000000000000000000100000000011111000;
	32F6  :   000000000000000000000000000000110000000011110101;
	32F7  :   000000000000000000000000000001110000000011110111;
	32F8  :   000000000000001000000000000000100000000011110111;
	32F9  :   000000000000000000000000000000010000000011111011;
	32FA  :   000000000000000111111111111111110000000011111010;
	32FB  :   000000000000000000000000000000110000000011110110;
	32FC  :   000000000000000100000000000000110000000011111101;
	32FD  :   000000000000001000000000000001000000000011111001;
	32FE  :   000000000000000000000000000001000000000011110101;
	32FF  :   111111111111110100000000000001100000000011111010;
	3300  :   000000000000001000000000000001000000000011110100;
	3301  :   111111111111110100000000000000110000000011110110;
	3302  :   000000000000000100000000000000110000000011110011;
	3303  :   000000000000000100000000000001010000000011110101;
	3304  :   000000000000000100000000000000100000000011111000;
	3305  :   111111111111111000000000000000010000000011110111;
	3306  :   111111111111111000000000000000110000000011111001;
	3307  :   111111111111111000000000000000100000000011110110;
	3308  :   111111111111111100000000000000100000000011111001;
	3309  :   111111111111111100000000000001000000000011111001;
	330A  :   000000000000000000000000000000100000000011101111;
	330B  :   000000000000000000000000000000010000000011110011;
	330C  :   111111111111111000000000000000100000000011111001;
	330D  :   111111111111110000000000000000010000000011111110;
	330E  :   000000000000000000000000000001100000000011110101;
	330F  :   000000000000000100000000000000110000000011111001;
	3310  :   000000000000000000000000000000010000000011111000;
	3311  :   111111111111110100000000000000100000000011110101;
	3312  :   000000000000000000000000000000100000000011110110;
	3313  :   111111111111111000000000000000100000000011110111;
	3314  :   111111111111111100000000000000000000000011111010;
	3315  :   000000000000000000000000000000100000000011111001;
	3316  :   000000000000001000000000000000110000000011111000;
	3317  :   000000000000000000000000000000100000000011110110;
	3318  :   000000000000000000000000000001000000000011110101;
	3319  :   000000000000000100000000000000110000000011110100;
	331A  :   111111111111111100000000000001010000000011111001;
	331B  :   111111111111111100000000000000010000000011110101;
	331C  :   111111111111101100000000000001010000000011111010;
	331D  :   111111111111110100000000000000110000000011111110;
	331E  :   000000000000000100000000000000110000000011110111;
	331F  :   111111111111111100000000000000100000000011110100;
	3320  :   111111111111111100000000000000110000000011110011;
	3321  :   111111111111111000000000000000100000000011110011;
	3322  :   000000000000000100000000000000100000000011111100;
	3323  :   111111111111110100000000000000010000000011111100;
	3324  :   111111111111110100000000000000100000000011110111;
	3325  :   000000000000000000000000000000000000000011110110;
	3326  :   111111111111110000000000000000100000000011110100;
	3327  :   111111111111111100000000000001010000000011111010;
	3328  :   000000000000000100000000000001000000000011110110;
	3329  :   111111111111111000000000000001100000000011110110;
	332A  :   000000000000000000000000000000100000000011111011;
	332B  :   000000000000000100000000000001000000000011111001;
	332C  :   111111111111111000000000000001010000000011111010;
	332D  :   111111111111111000000000000000110000000011111011;
	332E  :   111111111111111100000000000000100000000011110111;
	332F  :   000000000000000100000000000000110000000011110100;
	3330  :   111111111111100100000000000001010000000011111000;
	3331  :   111111111111111000000000000000110000000011110111;
	3332  :   111111111111111000000000000000000000000011110101;
	3333  :   111111111111101100000000000000110000000011110011;
	3334  :   111111111111110100000000000000110000000011110011;
	3335  :   000000000000010000000000000000100000000011110101;
	3336  :   111111111111111000000000000000100000000011111100;
	3337  :   111111111111111100000000000000100000000011111110;
	3338  :   000000000000001000000000000000100000000011111000;
	3339  :   000000000000000000000000000001000000000011110110;
	333A  :   111111111111111100000000000001000000000011111001;
	333B  :   000000000000000100000000000000110000000011111000;
	333C  :   000000000000000000000000000001000000000011110111;
	333D  :   111111111111110000000000000001000000000011110110;
	333E  :   111111111111111100000000000000010000000011110110;
	333F  :   111111111111111100000000000000110000000011110111;
	3340  :   000000000000000000000000000001100000000011111100;
	3341  :   111111111111111000000000000000010000000011110110;
	3342  :   000000000000000000000000000000100000000011110101;
	3343  :   000000000000000000000000000000110000000011111100;
	3344  :   000000000000000100000000000000100000000011111001;
	3345  :   111111111111111100000000000000100000000011111000;
	3346  :   111111111111110100000000000001110000000011111001;
	3347  :   000000000000001000000000000001000000000011111101;
	3348  :   111111111111111000000000000000110000000011111011;
	3349  :   111111111111111100000000000000000000000011110001;
	334A  :   111111111111110100000000000000100000000011111001;
	334B  :   000000000000000100000000000001000000000011110000;
	334C  :   111111111111110000000000000000100000000011111011;
	334D  :   000000000000000000000000000001000000000011111010;
	334E  :   000000000000000000000000000001100000000011111010;
	334F  :   000000000000000000000000000000110000000011111010;
	3350  :   111111111111111100000000000001110000000011110111;
	3351  :   000000000000000000000000000000100000000011110101;
	3352  :   111111111111111000000000000000110000000011111000;
	3353  :   000000000000000000000000000000010000000011110101;
	3354  :   111111111111111100000000000001010000000011111001;
	3355  :   111111111111111100000000000000110000000011110111;
	3356  :   111111111111110000000000000000000000000011111000;
	3357  :   111111111111111100000000000000100000000011111000;
	3358  :   000000000000000000000000000000010000000011111001;
	3359  :   111111111111111100000000000000100000000011111011;
	335A  :   000000000000000000000000000000110000000011111101;
	335B  :   111111111111111100000000000000100000000011110110;
	335C  :   000000000000000000000000000000100000000011110101;
	335D  :   111111111111111100000000000000010000000011111010;
	335E  :   000000000000000000000000000000100000000011111001;
	335F  :   111111111111111000000000000000100000000011110101;
	3360  :   111111111111110000000000000000110000000011110100;
	3361  :   000000000000001000000000000000010000000011110101;
	3362  :   000000000000000000000000000000110000000011110011;
	3363  :   111111111111111000000000000000010000000011110100;
	3364  :   000000000000000000000000000000010000000011111000;
	3365  :   000000000000001100000000000000100000000011111100;
	3366  :   000000000000000100000000000001100000000011111100;
	3367  :   111111111111110100000000000000100000000011110111;
	3368  :   111111111111110100000000000000010000000011110101;
	3369  :   111111111111111000000000000000000000000011110011;
	336A  :   111111111111101000000000000001010000000011110100;
	336B  :   111111111111111000000000000000110000000011110100;
	336C  :   111111111111111111111111111111110000000011111001;
	336D  :   000000000000001000000000000001010000000011111000;
	336E  :   111111111111111100000000000000010000000011110010;
	336F  :   111111111111111000000000000000000000000011110101;
	3370  :   000000000000000000000000000001000000000011110101;
	3371  :   111111111111110000000000000000010000000011110100;
	3372  :   000000000000000000000000000001010000000011110110;
	3373  :   111111111111110100000000000001010000000011111000;
	3374  :   111111111111111100000000000000110000000011110111;
	3375  :   000000000000000000000000000000010000000011101110;
	3376  :   000000000000000100000000000000110000000011111001;
	3377  :   111111111111111100000000000000100000000011110101;
	3378  :   000000000000000100000000000000110000000011111001;
	3379  :   000000000000000100000000000001010000000011110100;
	337A  :   000000000000000100000000000000000000000011110010;
	337B  :   000000000000000100000000000000000000000011110001;
	337C  :   111111111111111000000000000000110000000011110100;
	337D  :   111111111111110000000000000000110000000011110111;
	337E  :   111111111111101100000000000000010000000011111000;
	337F  :   111111111111110100000000000000110000000100000000;
	3380  :   000000000000000000000000000001010000000011111010;
	3381  :   111111111111111100000000000001000000000011110110;
	3382  :   111111111111111100000000000001000000000011111011;
	3383  :   111111111111111100000000000001000000000011111000;
	3384  :   000000000000000000000000000001000000000011111001;
	3385  :   000000000000001000000000000001110000000011110111;
	3386  :   111111111111101000000000000000010000000011110101;
	3387  :   000000000000000100000000000000110000000011110111;
	3388  :   000000000000000100000000000001100000000011111000;
	3389  :   000000000000001000000000000001010000000011111000;
	338A  :   000000000000000000000000000000110000000011110110;
	338B  :   000000000000000100000000000001100000000011111010;
	338C  :   111111111111111100000000000000010000000011110100;
	338D  :   111111111111110100000000000000110000000011110110;
	338E  :   111111111111111000000000000001100000000011111010;
	338F  :   000000000000001100000000000000010000000011111000;
	3390  :   000000000000000000000000000001010000000011110111;
	3391  :   111111111111110000000000000000110000000011110110;
	3392  :   000000000000001000000000000001000000000011110101;
	3393  :   111111111111111000000000000000000000000011111001;
	3394  :   000000000000000000000000000000110000000011110100;
	3395  :   000000000000000100000000000001000000000011111000;
	3396  :   111111111111111100000000000000100000000011111011;
	3397  :   111111111111111000000000000000000000000011111001;
	3398  :   111111111111101100000000000001010000000011110111;
	3399  :   000000000000000000000000000001010000000011111100;
	339A  :   000000000000000100000000000001000000000011110101;
	339B  :   000000000000000000000000000000000000000011110101;
	339C  :   111111111111111000000000000001000000000011111010;
	339D  :   111111111111111100000000000000100000000011110100;
	339E  :   000000000000000000000000000000010000000011110111;
	339F  :   000000000000000100000000000000000000000011111000;
	33A0  :   111111111111111000000000000001010000000011111000;
	33A1  :   000000000000000000000000000000100000000011110111;
	33A2  :   111111111111111100000000000000010000000011111001;
	33A3  :   111111111111111100000000000000110000000011110110;
	33A4  :   111111111111111000000000000000010000000011111000;
	33A5  :   111111111111111100000000000001000000000011111000;
	33A6  :   111111111111111100000000000000100000000011110100;
	33A7  :   000000000000000100000000000000110000000011111000;
	33A8  :   000000000000000000000000000000110000000011110100;
	33A9  :   111111111111111100000000000000010000000011110111;
	33AA  :   111111111111110100000000000000010000000011111001;
	33AB  :   111111111111111000000000000000010000000011111011;
	33AC  :   000000000000000000000000000000100000000011111000;
	33AD  :   000000000000000100000000000000100000000011110110;
	33AE  :   000000000000000000000000000000110000000011111101;
	33AF  :   111111111111111100000000000001000000000011111010;
	33B0  :   000000000000000000000000000001000000000011111011;
	33B1  :   111111111111110100000000000001010000000011110101;
	33B2  :   000000000000000100000000000000110000000011111001;
	33B3  :   111111111111101000000000000000110000000011110110;
	33B4  :   111111111111111100000000000000110000000011111000;
	33B5  :   111111111111111000000000000000010000000011111000;
	33B6  :   000000000000001000000000000000110000000011111011;
	33B7  :   000000000000000100000000000001010000000011110110;
	33B8  :   000000000000000000000000000001000000000011111000;
	33B9  :   000000000000000000000000000001100000000011110110;
	33BA  :   111111111111111100000000000000100000000011110001;
	33BB  :   111111111111110100000000000000000000000011111001;
	33BC  :   111111111111111100000000000001000000000011110111;
	33BD  :   111111111111111100000000000000110000000011110110;
	33BE  :   111111111111110100000000000001000000000011110110;
	33BF  :   111111111111111000000000000000100000000011110111;
	33C0  :   111111111111111100000000000000010000000011110011;
	33C1  :   000000000000000000000000000000100000000011110100;
	33C2  :   000000000000000000000000000000110000000011111000;
	33C3  :   111111111111111100000000000000000000000011110111;
	33C4  :   111111111111100000000000000001100000000011110100;
	33C5  :   111111111111111100000000000000000000000011111010;
	33C6  :   111111111111111100000000000000000000000011110011;
	33C7  :   111111111111111100000000000000100000000011110110;
	33C8  :   111111111111111000000000000000110000000011111010;
	33C9  :   111111111111110100000000000001110000000011111100;
	33CA  :   000000000000000000000000000001000000000011111010;
	33CB  :   111111111111110100000000000000010000000011111001;
	33CC  :   111111111111111000000000000001010000000011111000;
	33CD  :   111111111111110000000000000000010000000011111101;
	33CE  :   000000000000000100000000000000010000000011110111;
	33CF  :   000000000000000000000000000000110000000011111000;
	33D0  :   000000000000000000000000000000100000000011110101;
	33D1  :   000000000000000100000000000000100000000011110111;
	33D2  :   000000000000000000000000000000010000000011111010;
	33D3  :   111111111111111000000000000000100000000011110111;
	33D4  :   000000000000000000000000000000100000000011110111;
	33D5  :   111111111111111100000000000000000000000011111001;
	33D6  :   000000000000000100000000000001000000000011111001;
	33D7  :   000000000000000000000000000001010000000011111001;
	33D8  :   111111111111110000000000000000000000000011111001;
	33D9  :   111111111111110100000000000000010000000011111011;
	33DA  :   000000000000000000000000000000100000000011111001;
	33DB  :   111111111111111000000000000001000000000011111010;
	33DC  :   000000000000000000000000000000110000000011111110;
	33DD  :   000000000000000000000000000000110000000011111000;
	33DE  :   111111111111110000000000000000100000000011111011;
	33DF  :   000000000000000000000000000000110000000011110110;
	33E0  :   111111111111111000000000000001000000000011111000;
	33E1  :   000000000000000000000000000001000000000011110100;
	33E2  :   000000000000000000000000000000100000000011110111;
	33E3  :   111111111111111000000000000000100000000011110101;
	33E4  :   000000000000000100000000000001000000000011111001;
	33E5  :   111111111111111100000000000001010000000011111100;
	33E6  :   000000000000000100000000000000010000000011111000;
	33E7  :   111111111111111000000000000000110000000011110111;
	33E8  :   111111111111111000000000000000100000000011111010;
	33E9  :   000000000000000100000000000000100000000011110101;
	33EA  :   000000000000000100000000000000110000000011111000;
	33EB  :   111111111111111100000000000000110000000011111011;
	33EC  :   000000000000000000000000000000010000000011111000;
	33ED  :   111111111111111100000000000000010000000011110100;
	33EE  :   000000000000000100000000000000010000000011110110;
	33EF  :   111111111111110100000000000001100000000011110101;
	33F0  :   111111111111111000000000000000110000000011110100;
	33F1  :   111111111111111000000000000000100000000011110101;
	33F2  :   000000000000000000000000000000000000000011110110;
	33F3  :   000000000000000100000000000000110000000011111000;
	33F4  :   111111111111101100000000000000000000000011110111;
	33F5  :   000000000000000100000000000001000000000011110011;
	33F6  :   000000000000000100000000000000010000000011110111;
	33F7  :   111111111111111100000000000000110000000011110110;
	33F8  :   111111111111111100000000000000000000000011110100;
	33F9  :   000000000000000000000000000000000000000011110101;
	33FA  :   000000000000001000000000000001010000000011110101;
	33FB  :   000000000000010000000000000000100000000011111001;
	33FC  :   111111111111111100000000000000000000000011110001;
	33FD  :   000000000000000000000000000000010000000011110110;
	33FE  :   000000000000000000000000000000010000000011110100;
	33FF  :   000000000000000000000000000001100000000011110111;
	3400  :   111111111111111100000000000001010000000011110100;
	3401  :   000000000000000000000000000000110000000011111001;
	3402  :   111111111111111000000000000001010000000011111000;
	3403  :   111111111111110100000000000000100000000011110111;
	3404  :   111111111111111100000000000000010000000011110110;
	3405  :   111111111111111100000000000001100000000011111111;
	3406  :   000000000000000100000000000000110000000011110111;
	3407  :   111111111111111000000000000000010000000011111001;
	3408  :   111111111111111100000000000000110000000011110011;
	3409  :   000000000000000100000000000000010000000011110101;
	340A  :   000000000000000000000000000000010000000011111000;
	340B  :   111111111111110100000000000001100000000011111100;
	340C  :   111111111111111100000000000000100000000011110100;
	340D  :   000000000000000000000000000000110000000011111001;
	340E  :   111111111111110100000000000001000000000011111001;
	340F  :   000000000000000100000000000000100000000011110110;
	3410  :   111111111111111100000000000000100000000011111010;
	3411  :   000000000000000000000000000000000000000011111011;
	3412  :   111111111111110000000000000000010000000011110100;
	3413  :   111111111111111100000000000000110000000011111010;
	3414  :   111111111111110100000000000000010000000011110111;
	3415  :   111111111111111100000000000000110000000011110111;
	3416  :   111111111111111000000000000000110000000011111110;
	3417  :   000000000000001000000000000000110000000011111000;
	3418  :   111111111111111000000000000001110000000011110010;
	3419  :   111111111111111100000000000000100000000011110011;
	341A  :   000000000000001100000000000001000000000011111010;
	341B  :   111111111111111100000000000000010000000011111010;
	341C  :   111111111111111100000000000000100000000011111010;
	341D  :   111111111111111100000000000000100000000011110101;
	341E  :   000000000000000100000000000000010000000011110101;
	341F  :   111111111111111100000000000000100000000011110101;
	3420  :   000000000000000100000000000000010000000011110101;
	3421  :   111111111111110000000000000000110000000011111001;
	3422  :   111111111111110100000000000000100000000011111000;
	3423  :   000000000000000000000000000000010000000011110110;
	3424  :   000000000000000000000000000000000000000011111000;
	3425  :   111111111111111000000000000001000000000011111010;
	3426  :   000000000000001000000000000001000000000011110111;
	3427  :   111111111111111000000000000000010000000011110110;
	3428  :   111111111111111000000000000000100000000011110111;
	3429  :   000000000000000000000000000000110000000011110011;
	342A  :   111111111111111000000000000000010000000011111011;
	342B  :   000000000000000000000000000001010000000011110110;
	342C  :   111111111111111100000000000000100000000011110101;
	342D  :   000000000000000000000000000000100000000011111000;
	342E  :   111111111111111100000000000000000000000011110100;
	342F  :   111111111111111100000000000000010000000011111001;
	3430  :   000000000000000100000000000000110000000011111010;
	3431  :   111111111111111000000000000000100000000011111011;
	3432  :   000000000000001000000000000000010000000011110100;
	3433  :   111111111111111100000000000000000000000011111010;
	3434  :   000000000000000000000000000000100000000011110100;
	3435  :   111111111111111000000000000000010000000011110110;
	3436  :   111111111111111000000000000000000000000011111010;
	3437  :   000000000000000000000000000001000000000011111001;
	3438  :   111111111111110100000000000000010000000011110111;
	3439  :   111111111111110100000000000000110000000011111000;
	343A  :   000000000000001000000000000000100000000011111000;
	343B  :   111111111111111000000000000000000000000011110111;
	343C  :   000000000000000100000000000000010000000011110110;
	343D  :   000000000000000000000000000000000000000011110100;
	343E  :   000000000000000000000000000000110000000011111010;
	343F  :   111111111111110100000000000000110000000011111011;
	3440  :   111111111111111000000000000000110000000011111111;
	3441  :   000000000000000100000000000000100000000011111000;
	3442  :   111111111111111100000000000001000000000011111001;
	3443  :   000000000000001000000000000000010000000011110101;
	3444  :   000000000000000000000000000000100000000011111100;
	3445  :   111111111111111000000000000000110000000011110101;
	3446  :   111111111111110100000000000000100000000011111010;
	3447  :   111111111111110011111111111111100000000011110110;
	3448  :   111111111111111100000000000001010000000011110111;
	3449  :   111111111111111100000000000001010000000011110100;
	344A  :   000000000000000000000000000000100000000011111000;
	344B  :   111111111111111000000000000000010000000011111001;
	344C  :   111111111111111000000000000000100000000011110101;
	344D  :   111111111111111100000000000000100000000011110101;
	344E  :   000000000000000000000000000000100000000011110101;
	344F  :   000000000000000000000000000000110000000011110111;
	3450  :   000000000000001100000000000000010000000011111000;
	3451  :   111111111111111000000000000000100000000011110111;
	3452  :   111111111111110000000000000000110000000011110011;
	3453  :   000000000000000100000000000000010000000011110110;
	3454  :   111111111111111000000000000000010000000011110111;
	3455  :   111111111111110100000000000000110000000011111011;
	3456  :   111111111111111100000000000000110000000011111001;
	3457  :   000000000000000000000000000000110000000011110010;
	3458  :   111111111111110100000000000000010000000011111001;
	3459  :   111111111111111000000000000001010000000011111000;
	345A  :   111111111111111100000000000001000000000011110111;
	345B  :   111111111111111000000000000000010000000011111001;
	345C  :   111111111111110100000000000001000000000011111001;
	345D  :   000000000000000000000000000000110000000011110101;
	345E  :   000000000000000000000000000001010000000011110100;
	345F  :   111111111111111000000000000000110000000011110111;
	[3460..3461]  :   000000000000000000000000000001000000000011110111;
	3462  :   000000000000001000000000000001000000000011110110;
	3463  :   000000000000000100000000000001000000000011110101;
	3464  :   111111111111111000000000000001000000000011111001;
	3465  :   000000000000000100000000000001110000000011110111;
	3466  :   111111111111111000000000000001000000000011111010;
	3467  :   111111111111110000000000000000010000000011111011;
	3468  :   111111111111110000000000000001000000000011110111;
	3469  :   111111111111111100000000000000010000000011110110;
	346A  :   111111111111111000000000000001000000000011110100;
	346B  :   111111111111110100000000000000110000000011111001;
	346C  :   000000000000000000000000000000100000000011110111;
	346D  :   111111111111101100000000000000110000000011111001;
	346E  :   111111111111110100000000000000110000000011110110;
	346F  :   111111111111111100000000000000110000000011110110;
	3470  :   000000000000000000000000000000100000000011110101;
	3471  :   111111111111110000000000000000110000000011110111;
	3472  :   111111111111111100000000000001010000000011111001;
	3473  :   111111111111110000000000000001010000000011110110;
	3474  :   111111111111111100000000000000010000000011111000;
	3475  :   111111111111111100000000000001110000000011111010;
	3476  :   111111111111111100000000000000100000000011110001;
	3477  :   000000000000000000000000000000100000000011110110;
	3478  :   000000000000000000000000000000100000000011111110;
	3479  :   111111111111110000000000000001010000000011111001;
	347A  :   000000000000000000000000000000000000000011110100;
	347B  :   111111111111111100000000000001010000000011110101;
	347C  :   000000000000000000000000000001000000000011110111;
	347D  :   111111111111110100000000000000100000000011111001;
	347E  :   000000000000000000000000000000010000000011110010;
	347F  :   111111111111111100000000000000110000000011110111;
	3480  :   000000000000000100000000000000110000000011110100;
	3481  :   111111111111101100000000000001010000000011110000;
	3482  :   000000000000000000000000000000100000000011110111;
	3483  :   000000000000000000000000000001000000000011111000;
	3484  :   111111111111111100000000000000100000000011110110;
	3485  :   000000000000001000000000000001110000000011110101;
	3486  :   000000000000000100000000000000100000000011110101;
	3487  :   000000000000000000000000000000110000000011110011;
	3488  :   111111111111111100000000000000110000000011111100;
	3489  :   111111111111111111111111111111110000000011110111;
	348A  :   000000000000000000000000000000110000000011110111;
	348B  :   111111111111111100000000000000100000000011110100;
	348C  :   000000000000000100000000000000100000000011110010;
	348D  :   000000000000000000000000000000110000000011110111;
	348E  :   111111111111111000000000000001000000000011110100;
	348F  :   111111111111111100000000000000100000000011110111;
	3490  :   111111111111111000000000000001000000000011110110;
	3491  :   000000000000001000000000000000010000000011110101;
	3492  :   000000000000000100000000000000000000000011110011;
	3493  :   000000000000000100000000000000000000000011111000;
	3494  :   000000000000001000000000000000100000000011111001;
	3495  :   111111111111111100000000000001000000000011110101;
	3496  :   000000000000001000000000000000110000000011110101;
	3497  :   111111111111111100000000000001000000000011110111;
	3498  :   111111111111110100000000000000010000000011111000;
	3499  :   000000000000000000000000000001010000000011111011;
	349A  :   111111111111111100000000000000110000000011111000;
	349B  :   111111111111110000000000000010000000000011110110;
	349C  :   000000000000000100000000000001000000000011111011;
	349D  :   111111111111110000000000000000110000000011111000;
	349E  :   000000000000000000000000000001000000000011111001;
	349F  :   000000000000000000000000000000110000000011111000;
	34A0  :   000000000000000100000000000000100000000011111001;
	34A1  :   000000000000000000000000000000010000000011110100;
	34A2  :   111111111111111100000000000000100000000011110011;
	34A3  :   000000000000000000000000000000000000000011111001;
	34A4  :   111111111111111100000000000000100000000011110101;
	34A5  :   111111111111110100000000000000110000000011111001;
	34A6  :   111111111111111100000000000001110000000011111001;
	34A7  :   111111111111101100000000000001010000000011110111;
	34A8  :   000000000000000100000000000000110000000011110101;
	34A9  :   000000000000001011111111111111110000000011111011;
	34AA  :   111111111111111100000000000000110000000011110010;
	34AB  :   000000000000001100000000000001010000000011110110;
	34AC  :   000000000000000000000000000001000000000011111001;
	34AD  :   111111111111101100000000000000110000000011111100;
	34AE  :   111111111111111100000000000000110000000011110100;
	34AF  :   000000000000000000000000000000100000000011110101;
	34B0  :   000000000000001100000000000001010000000011111101;
	34B1  :   000000000000000000000000000001000000000011110110;
	34B2  :   111111111111111000000000000000100000000011111010;
	34B3  :   000000000000000000000000000001110000000011110011;
	34B4  :   000000000000001000000000000001010000000011111011;
	34B5  :   000000000000000000000000000000010000000011110100;
	34B6  :   111111111111110100000000000000110000000011111001;
	34B7  :   111111111111110100000000000001000000000011110101;
	34B8  :   111111111111111100000000000000100000000011110111;
	34B9  :   000000000000000000000000000000100000000011111001;
	34BA  :   111111111111110000000000000000110000000011111001;
	34BB  :   000000000000001000000000000000100000000011111100;
	34BC  :   111111111111110100000000000000100000000011111011;
	34BD  :   111111111111111100000000000001000000000011110101;
	34BE  :   111111111111111100000000000001010000000011110111;
	34BF  :   000000000000000100000000000001010000000011111100;
	34C0  :   111111111111111100000000000000110000000011111001;
	34C1  :   111111111111110100000000000000000000000011111000;
	34C2  :   000000000000000100000000000000110000000011111010;
	34C3  :   000000000000000000000000000000110000000011111001;
	34C4  :   111111111111111100000000000000010000000011110011;
	34C5  :   000000000000000100000000000001010000000011111000;
	34C6  :   111111111111111100000000000000110000000011111001;
	34C7  :   111111111111110000000000000000100000000011110110;
	34C8  :   111111111111111000000000000001000000000011111001;
	34C9  :   111111111111101100000000000000100000000011110101;
	34CA  :   111111111111110000000000000000010000000011110110;
	34CB  :   111111111111111100000000000000110000000011110110;
	34CC  :   111111111111110100000000000000110000000011111100;
	[34CD..34CE]  :   111111111111110100000000000000110000000011111000;
	34CF  :   000000000000000000000000000000100000000011111001;
	34D0  :   000000000000000000000000000000010000000011110110;
	34D1  :   111111111111110000000000000000100000000011110000;
	34D2  :   111111111111101000000000000000110000000011111000;
	34D3  :   000000000000000000000000000000100000000011110100;
	34D4  :   111111111111111100000000000000100000000011110110;
	34D5  :   000000000000000000000000000000110000000011111000;
	34D6  :   000000000000000000000000000001000000000011110111;
	34D7  :   000000000000000000000000000000100000000011110101;
	34D8  :   111111111111111000000000000001000000000011110101;
	34D9  :   111111111111111000000000000000100000000011111010;
	34DA  :   111111111111111000000000000000100000000011110011;
	34DB  :   111111111111110100000000000000100000000011110111;
	34DC  :   000000000000001000000000000000100000000011110010;
	34DD  :   111111111111110100000000000001100000000011111000;
	34DE  :   111111111111100100000000000000110000000011110111;
	34DF  :   111111111111111100000000000000110000000011110101;
	34E0  :   000000000000000000000000000001000000000011110111;
	34E1  :   111111111111111100000000000000110000000011110111;
	34E2  :   111111111111100100000000000000100000000011110101;
	34E3  :   111111111111111100000000000000010000000011110101;
	34E4  :   000000000000000000000000000000000000000011111001;
	34E5  :   000000000000000000000000000001000000000011110110;
	34E6  :   111111111111111100000000000000010000000011111011;
	34E7  :   111111111111111000000000000000100000000011111001;
	34E8  :   000000000000000100000000000000100000000011110100;
	34E9  :   111111111111111100000000000000100000000011111100;
	34EA  :   000000000000000000000000000000110000000011111000;
	34EB  :   111111111111110100000000000001000000000011110101;
	34EC  :   111111111111111100000000000000010000000011110111;
	34ED  :   111111111111110100000000000000110000000011110011;
	34EE  :   000000000000000100000000000000100000000011111100;
	34EF  :   000000000000000000000000000000110000000011111011;
	34F0  :   111111111111111100000000000001000000000011110111;
	34F1  :   000000000000000100000000000001010000000011110111;
	34F2  :   000000000000001100000000000000110000000011110111;
	34F3  :   000000000000000000000000000001000000000011110100;
	34F4  :   111111111111111100000000000001000000000011110100;
	34F5  :   111111111111111100000000000000010000000011110111;
	34F6  :   111111111111111000000000000000110000000011110100;
	34F7  :   000000000000000000000000000000110000000011110111;
	34F8  :   000000000000010000000000000000000000000011111100;
	34F9  :   111111111111111000000000000001000000000011110110;
	34FA  :   000000000000000100000000000000100000000011110110;
	34FB  :   000000000000001100000000000001000000000011111010;
	34FC  :   000000000000000100000000000001000000000011111000;
	34FD  :   111111111111111100000000000000110000000011111101;
	34FE  :   111111111111111000000000000000010000000011110100;
	34FF  :   000000000000000000000000000001110000000011110101;
	3500  :   111111111111111000000000000000000000000011110010;
	3501  :   111111111111111100000000000000010000000011111000;
	3502  :   111111111111111000000000000001000000000011111001;
	3503  :   000000000000001000000000000000000000000011110101;
	3504  :   111111111111111000000000000000100000000011110101;
	3505  :   111111111111111100000000000001100000000011111100;
	3506  :   111111111111111000000000000001010000000011111001;
	3507  :   111111111111111000000000000000010000000011110110;
	3508  :   000000000000000000000000000000110000000011110100;
	3509  :   000000000011000011111111101000010000000010011100;
	350A  :   111111111011010000000010001011011111110110110010;
	350B  :   111111110010110100000000010111110000001101000001;
	350C  :   111111111100000100000000000111100000000001100110;
	350D  :   111111111100001100000000000000000000000110101100;
	350E  :   000000000010000011111111110001000000001101101100;
	350F  :   000000000100010000000000000010010000000010111001;
	3510  :   111111111111011000000000000111110000000001001111;
	3511  :   111111111011110000000000010001110000000100010111;
	3512  :   000000000000000111111111110100110000000110001100;
	3513  :   000000000000010100000000000001110000000001010100;
	3514  :   111111111110010011111111111010100000000011111000;
	3515  :   000000000000110011111111110111110000000101101111;
	3516  :   000000000001010011111111111001100000000010000110;
	3517  :   000000000001010111111111111011100000000011111110;
	3518  :   000000000010001011111111111010000000000100100100;
	3519  :   000000000010000111111111111101100000000011111010;
	351A  :   000000000001100111111111111110000000000010101111;
	351B  :   000000000001110011111111111110000000000100100110;
	351C  :   111111111111011011111111111111010000000100001001;
	351D  :   111111111111101111111111111111010000000011110000;
	351E  :   111111111111001111111111111101100000000011111110;
	351F  :   111111111111010111111111111100110000000100001101;
	3520  :   111111111111000111111111111100000000000011011010;
	3521  :   111111111111100011111111111110000000000011101010;
	3522  :   000000000000001000000000000001010000000100001011;
	3523  :   000000000001100000000000000110000000000011100101;
	3524  :   000000000001010000000000000110100000000011101110;
	3525  :   000000000000111000000000000110100000000100000000;
	3526  :   111111111111101000000000000011000000000011100100;
	3527  :   111111111111110100000000000000100000000011110101;
	3528  :   111111111111100100000000000000100000000011111100;
	3529  :   111111111111111100000000000001000000000011110111;
	352A  :   111111111111111000000000000001100000000011110000;
	352B  :   111111111111111000000000000000110000000011111100;
	352C  :   111111111111110100000000000010100000000011110100;
	352D  :   000000000000000000000000000001100000000011110110;
	352E  :   000000000000000011111111111111110000000011111100;
	352F  :   111111111111111000000000000001110000000011110101;
	3530  :   111111111111111100000000000001000000000011110111;
	3531  :   111111111111110100000000000000010000000011111010;
	3532  :   111111111111111100000000000001000000000011110101;
	3533  :   111111111111111100000000000001100000000011110111;
	3534  :   000000000000000111111111111111110000000011111011;
	3535  :   111111111111111100000000000001010000000011110101;
	3536  :   000000000000001000000000000000110000000011111000;
	3537  :   111111111111111100000000000000010000000011111001;
	3538  :   111111111111111100000000000000100000000011110100;
	3539  :   111111111111111100000000000000010000000011111011;
	353A  :   111111111111111100000000000000110000000011111011;
	353B  :   111111111111110100000000000000110000000011111000;
	353C  :   111111111111110000000000000000110000000011111010;
	353D  :   000000000000000000000000000000000000000011111011;
	353E  :   000000000000000100000000000000010000000011110000;
	353F  :   000000000000000000000000000001000000000011111000;
	3540  :   000000000000000000000000000000100000000011110101;
	3541  :   111111111111111000000000000000100000000011110111;
	3542  :   000000000000000100000000000000110000000011111100;
	3543  :   111111111111111100000000000000110000000011110111;
	3544  :   000000000000001000000000000000110000000011110101;
	3545  :   111111111111110000000000000000000000000011110110;
	3546  :   111111111111111100000000000000010000000011110101;
	3547  :   000000000000000100000000000001000000000011110110;
	3548  :   111111111111111100000000000000100000000011110111;
	3549  :   000000000000000000000000000001000000000011111001;
	354A  :   111111111111111000000000000001000000000011110100;
	354B  :   000000000000000111111111111111110000000011110111;
	354C  :   111111111111110100000000000000010000000011110101;
	354D  :   111111111111110100000000000000100000000011110100;
	354E  :   000000000000000000000000000000010000000011111000;
	354F  :   111111111111111000000000000000100000000011111100;
	3550  :   111111111111111100000000000001100000000011110100;
	3551  :   000000000011111011111111011101110000000000100111;
	3552  :   111111111001101100000010000110101111111111111001;
	3553  :   111111110000010011111111100011000000000001101111;
	3554  :   000000000101010100000000001001101111111111110010;
	3555  :   111111111100011100000000100111000000000000110001;
	3556  :   000000000100111111111111111001010000000111110110;
	3557  :   000000000011110000000000100110000000000000101101;
	3558  :   111111111100111000000000000000010000000100001110;
	3559  :   000000000000000111111111111010010000000101010100;
	355A  :   000000000001000000000000000010110000000001011010;
	355B  :   000000000010000111111111111011100000000100001010;
	355C  :   000000000001111011111111111100100000000100010100;
	355D  :   000000000010000111111111111011100000000011001111;
	355E  :   000000000010001011111111111011110000000011110000;
	355F  :   111111111111111011111111111101110000000100000000;
	3560  :   000000000000010111111111111110110000000100001011;
	3561  :   111111111111110100000000000001100000000011110101;
	3562  :   111111111111010100000000000001010000000100000100;
	3563  :   000000000000000011111111111111110000000011100000;
	3564  :   000000000000001000000000000011000000000011010100;
	3565  :   111111111111100111111111111111110000000100011010;
	3566  :   111111111111101011111111111111110000000011110110;
	3567  :   000000000000000100000000000001010000000011100110;
	3568  :   000000000000010111111111111111100000000011111011;
	3569  :   000000000000010011111111111011110000000011111110;
	356A  :   000000000000111111111111111001100000000011101111;
	356B  :   000000000000111011111111111001010000000011101000;
	356C  :   000000000000101111111111111001110000000011111010;
	356D  :   000000000000011011111111111010110000000011100001;
	356E  :   111111111111011100000000001000010000000011011111;
	356F  :   111111111111000100000000001001110000000100001001;
	3570  :   111111111111001000000000000110010000000011111011;
	3571  :   111111111110111100000000000111010000000011011110;
	3572  :   111111111111001000000000000110000000000011110100;
	3573  :   111111111111100011111111111111110000000011111100;
	3574  :   111111111111111000000000000000110000000011110100;
	3575  :   111111111111101100000000000001010000000011110101;
	3576  :   111111111111110100000000000000010000000011111011;
	3577  :   111111111111110000000000000001000000000011110001;
	3578  :   000000000000000100000000000001100000000011110011;
	3579  :   111111111111111100000000000000100000000011111001;
	357A  :   111111111111110100000000000000110000000011111011;
	357B  :   000000000000001000000000000001010000000011110110;
	357C  :   000000000000000000000000000001000000000011111001;
	357D  :   000000000000000100000000000001000000000100000011;
	357E  :   000000000000000000000000000001000000000011111100;
	357F  :   111111111111111000000000000000000000000011111000;
	[3580..3581]  :   000000000000000000000000000000010000000011111010;
	3582  :   111111111111111100000000000001000000000011110110;
	3583  :   111111111111110100000000000000110000000011111010;
	3584  :   111111111111111000000000000000110000000011111100;
	3585  :   111111111111111000000000000000010000000011111001;
	3586  :   111111111111111000000000000000100000000011111000;
	3587  :   000000000000000000000000000000010000000011110110;
	3588  :   111111111111111000000000000000010000000011111001;
	3589  :   111111111111111000000000000001000000000011110011;
	358A  :   000000000000000000000000000000010000000011110100;
	358B  :   111111111111111000000000000001000000000011110111;
	358C  :   000000000000000100000000000001010000000011111100;
	358D  :   111111111111111000000000000001000000000011110111;
	358E  :   111111111111111100000000000000110000000011101110;
	358F  :   111111111111111100000000000000110000000011110100;
	3590  :   111111111111101100000000000000100000000011111000;
	3591  :   111111111111110000000000000000110000000011110110;
	3592  :   111111111111111000000000000001000000000011110111;
	3593  :   000000000000000000000000000000110000000011111110;
	3594  :   000000000000000000000000000000110000000011111000;
	3595  :   000000000000000000000000000000110000000011110100;
	3596  :   000000000000000011111111111111110000000011111000;
	3597  :   111111111111111100000000000001000000000011111100;
	3598  :   111111111111110100000000000001000000000011110001;
	3599  :   111111111111110100000000000001010000000011110111;
	359A  :   111111111111110000000000000000100000000011111010;
	359B  :   000000000000000100000000000000100000000011110101;
	359C  :   000000000000000100000000000001000000000011110100;
	359D  :   111111111111110000000000000000100000000011111010;
	359E  :   111111111111111100000000000000100000000011111001;
	359F  :   000000000000000111111111111111110000000011110010;
	35A0  :   111111111111101000000000000000010000000011110111;
	35A1  :   111111111111111100000000000000110000000011111010;
	35A2  :   000000000000000000000000000000010000000011110000;
	35A3  :   111111111111111000000000000000100000000011111010;
	35A4  :   000000000000001000000000000000010000000011110100;
	35A5  :   111111111111111000000000000000010000000011111011;
	35A6  :   111111111111110000000000000000100000000011111000;
	35A7  :   000000000000000100000000000001010000000011111000;
	35A8  :   000000000000000000000000000000100000000011110101;
	35A9  :   000000000000000000000000000000100000000011110111;
	35AA  :   111111111111111100000000000000110000000011110111;
	35AB  :   000000000000000000000000000001010000000011110110;
	35AC  :   111111111111111100000000000000100000000011110110;
	35AD  :   000000000000000000000000000001000000000011110010;
	35AE  :   000000000000000000000000000010000000000011110111;
	35AF  :   111111111111111100000000000001000000000011111011;
	35B0  :   000000000000000000000000000001100000000011111001;
	35B1  :   111111111111111000000000000001010000000011110110;
	35B2  :   111111111111111100000000000000100000000011111001;
	35B3  :   111111111111111100000000000001010000000011111011;
	35B4  :   111111111111111100000000000001100000000011110101;
	35B5  :   111111111111111000000000000000100000000011110100;
	35B6  :   111111111111101000000000000000110000000011110110;
	35B7  :   111111111111101100000000000001000000000011111001;
	35B8  :   000000000000000000000000000001000000000011110110;
	35B9  :   111111111111111000000000000000100000000011110110;
	35BA  :   000000000000001000000000000000010000000011111001;
	35BB  :   111111111111110000000000000000000000000011110111;
	35BC  :   111111111111101100000000000000100000000011111010;
	35BD  :   000000000000000100000000000000100000000011111001;
	[35BE..35BF]  :   000000000000000000000000000000100000000011111001;
	35C0  :   111111111111111100000000000000100000000011110111;
	35C1  :   111111111111111100000000000000010000000011111000;
	35C2  :   111111111111111000000000000000110000000011111000;
	35C3  :   000000000000001100000000000001010000000011111001;
	35C4  :   111111111111110000000000000000010000000011110101;
	35C5  :   111111111111110000000000000000010000000011111000;
	35C6  :   000000000000000000000000000000100000000011111001;
	35C7  :   111111111111111000000000000000000000000011110110;
	35C8  :   000000000000001000000000000000110000000011110101;
	35C9  :   111111111111110100000000000001010000000011110111;
	35CA  :   000000000000000000000000000000100000000011110110;
	35CB  :   000000000000000000000000000000010000000011111010;
	35CC  :   111111111111111100000000000000110000000011110110;
	35CD  :   000000000000000000000000000001000000000011110101;
	35CE  :   111111111111111100000000000000000000000011110111;
	35CF  :   111111111111111000000000000000100000000011110111;
	35D0  :   000000000000001000000000000000110000000011110100;
	35D1  :   000000000000000000000000000001100000000011110110;
	35D2  :   000000000000001000000000000000110000000011110111;
	35D3  :   000000000000000100000000000000000000000011111001;
	35D4  :   111111111111110100000000000000010000000011110011;
	35D5  :   111111111111101100000000000000110000000011110110;
	35D6  :   111111111111111000000000000000000000000011111000;
	35D7  :   111111111111111100000000000000100000000011110111;
	35D8  :   000000000000000000000000000000100000000011111000;
	35D9  :   111111111111111000000000000000010000000011110110;
	35DA  :   000000000000000100000000000000100000000011111000;
	35DB  :   111111111111111000000000000001000000000011110111;
	35DC  :   111111111111101100000000000000100000000011110100;
	35DD  :   111111111111111100000000000000100000000011111001;
	35DE  :   000000000000000000000000000001000000000011111000;
	35DF  :   000000000000001000000000000000110000000011110111;
	35E0  :   111111111111111100000000000000100000000011110110;
	35E1  :   000000000000000111111111111111100000000011110110;
	35E2  :   111111111111111100000000000000110000000011110001;
	35E3  :   111111111111111000000000000000110000000011110101;
	35E4  :   000000000000000100000000000000100000000011111101;
	35E5  :   111111111111111000000000000000100000000011110101;
	35E6  :   111111111111110100000000000000100000000011111001;
	35E7  :   111111111111111100000000000001110000000011110011;
	35E8  :   111111111111111000000000000000110000000011111101;
	35E9  :   111111111111110000000000000000110000000011111011;
	35EA  :   000000000000000000000000000000110000000011111000;
	35EB  :   111111111111110100000000000000010000000011111000;
	35EC  :   111111111111101100000000000000110000000011111101;
	35ED  :   111111111111111100000000000000010000000011110101;
	[35EE..35EF]  :   111111111111111100000000000000100000000011110111;
	35F0  :   111111111111101000000000000000100000000011111001;
	35F1  :   111111111111110100000000000000100000000011111001;
	35F2  :   111111111111111111111111111111110000000011110110;
	35F3  :   111111111111111000000000000000010000000011111101;
	35F4  :   000000000000000100000000000000110000000011110011;
	35F5  :   000000000000000100000000000000110000000011110111;
	35F6  :   111111111111111100000000000000110000000011110010;
	35F7  :   111111111111111000000000000000010000000011110100;
	35F8  :   111111111111101000000000000000100000000011111010;
	35F9  :   111111111111111000000000000000100000000011110101;
	35FA  :   111111111111110100000000000001000000000011110101;
	35FB  :   000000000000000000000000000000000000000011111001;
	35FC  :   111111111111111100000000000000100000000011110110;
	35FD  :   111111111111111100000000000000110000000011110100;
	35FE  :   111111111111101100000000000001000000000011110111;
	35FF  :   000000000000000000000000000000000000000011111011;
	3600  :   000000000000000000000000000000110000000011110010;
	3601  :   000000000000000000000000000000010000000011110010;
	3602  :   111111111111110100000000000000010000000011111001;
	3603  :   111111111111111000000000000000110000000011111011;
	3604  :   111111111111101100000000000000100000000011111000;
	3605  :   000000000000000100000000000000110000000011110111;
	3606  :   111111111111110000000000000000110000000011111011;
	3607  :   111111111111110000000000000001000000000011111011;
	3608  :   111111111111111000000000000001000000000011110110;
	3609  :   111111111111111100000000000000010000000011111001;
	360A  :   111111111111111000000000000000100000000011111010;
	360B  :   111111111111111100000000000000110000000011111010;
	360C  :   000000000000000000000000000001100000000011111001;
	360D  :   000000000000001000000000000001010000000011111000;
	360E  :   000000000000000100000000000001000000000011110111;
	360F  :   000000000000000000000000000000010000000011110111;
	3610  :   000000000000000100000000000001110000000011111000;
	3611  :   000000000000010000000000000000110000000011111000;
	3612  :   000000000000001000000000000000110000000011110110;
	3613  :   000000000000000100000000000000100000000011111000;
	3614  :   000000000000000100000000000001000000000011110111;
	3615  :   111111111111111000000000000000010000000011110110;
	3616  :   111111111111110100000000000001000000000011111010;
	3617  :   000000000000000000000000000000010000000011110101;
	3618  :   111111111111111000000000000001000000000011110010;
	3619  :   000000000000001000000000000000100000000011110101;
	361A  :   111111111111101100000000000000010000000011110101;
	361B  :   000000000000000000000000000000100000000011111011;
	361C  :   111111111111111100000000000000000000000011110111;
	361D  :   000000000000000000000000000001000000000011110101;
	361E  :   111111111111111100000000000001010000000011111000;
	361F  :   000000000000001000000000000000100000000011111001;
	3620  :   000000000000000100000000000000110000000011110111;
	3621  :   000000000000000100000000000000110000000011111001;
	3622  :   111111111111111100000000000000010000000011111001;
	3623  :   000000000000000000000000000000100000000011110100;
	3624  :   111111111111110100000000000000110000000011110110;
	3625  :   111111111111111000000000000000100000000011111100;
	3626  :   000000000000000000000000000001110000000011110110;
	3627  :   000000000000000000000000000001010000000011110101;
	3628  :   111111111111111000000000000000110000000011110111;
	3629  :   000000000000000000000000000000100000000011110011;
	362A  :   111111111111111100000000000000110000000011111100;
	362B  :   111111111111110000000000000000010000000011110101;
	362C  :   111111111111111000000000000000100000000011111011;
	362D  :   000000000000001000000000000000110000000011111100;
	362E  :   111111111111111100000000000000110000000011111010;
	362F  :   000000000000000000000000000001000000000011110110;
	3630  :   000000000000000000000000000001000000000011110100;
	3631  :   111111111111111100000000000001000000000011110001;
	3632  :   000000000000000100000000000000110000000011110111;
	3633  :   111111111111110100000000000000110000000011110111;
	3634  :   000000000000000000000000000001010000000011110100;
	3635  :   111111111111111100000000000000110000000011110100;
	3636  :   111111111111111000000000000000110000000011111000;
	3637  :   111111111111111000000000000001000000000011111010;
	3638  :   000000000000000100000000000001000000000011110110;
	3639  :   111111111111111000000000000000100000000011110101;
	363A  :   111111111111111100000000000000100000000011111001;
	363B  :   111111111111111000000000000001010000000011110101;
	363C  :   000000000000000000000000000001000000000011110110;
	363D  :   111111111111111100000000000000100000000011110111;
	363E  :   111111111111111000000000000000100000000011110111;
	363F  :   111111111111111100000000000000110000000011110111;
	3640  :   111111111111110100000000000001000000000011110110;
	3641  :   000000000000000000000000000000010000000011110110;
	[3642..3643]  :   000000000000000100000000000001000000000011110111;
	3644  :   111111111111111000000000000000100000000011111010;
	3645  :   000000000000000000000000000000110000000011111000;
	3646  :   111111111111110000000000000001000000000011111010;
	3647  :   000000000000000100000000000001000000000011111010;
	3648  :   111111111111110100000000000000110000000011110110;
	3649  :   000000000000000100000000000001000000000011110100;
	364A  :   111111111111110100000000000001010000000011111000;
	364B  :   111111111111111100000000000000100000000011111011;
	364C  :   111111111111110000000000000001000000000011110110;
	364D  :   000000000000000000000000000000100000000011110111;
	364E  :   000000000000001000000000000000000000000011110011;
	364F  :   111111111111111011111111111111100000000011110101;
	3650  :   000000000000000000000000000000100000000011110001;
	3651  :   111111111111111100000000000000010000000011110111;
	3652  :   111111111111110100000000000000110000000011110110;
	3653  :   000000000000000000000000000000100000000011110110;
	3654  :   111111111111110100000000000001010000000011111010;
	3655  :   000000000000001000000000000000110000000011111000;
	3656  :   000000000000000000000000000000110000000011110110;
	3657  :   111111111111110100000000000000000000000011110111;
	3658  :   000000000000000100000000000000000000000011110101;
	3659  :   111111111111111100000000000000010000000011111001;
	365A  :   111111111111111100000000000000000000000011111000;
	365B  :   111111111111111000000000000001000000000011110110;
	365C  :   000000000000000100000000000000000000000011110101;
	365D  :   111111111111111100000000000001010000000011110110;
	365E  :   111111111111111000000000000000110000000011111001;
	365F  :   000000000000001000000000000000100000000011110111;
	3660  :   000000000000000100000000000000000000000011110111;
	3661  :   111111111111111100000000000000000000000011110110;
	3662  :   111111111111111000000000000000100000000011111100;
	3663  :   111111111111110100000000000001010000000011111000;
	3664  :   111111111111110100000000000000010000000011110111;
	3665  :   111111111111110100000000000001000000000011111111;
	3666  :   111111111111111100000000000000100000000011111000;
	3667  :   000000000000000100000000000000010000000011111000;
	3668  :   000000000000000000000000000000110000000011111000;
	3669  :   000000000000000000000000000001000000000011110111;
	366A  :   000000000000000000000000000001000000000011111000;
	366B  :   111111111111111100000000000000010000000011111000;
	366C  :   111111111111111000000000000001110000000011110011;
	366D  :   111111111111110100000000000001010000000011110110;
	366E  :   000000000000000000000000000001010000000011110101;
	366F  :   000000000000000000000000000001010000000011110011;
	3670  :   000000000000000000000000000000010000000011111000;
	3671  :   111111111111111100000000000000100000000011111010;
	3672  :   000000000000000100000000000000100000000011110110;
	3673  :   111111111111110000000000000000110000000011111100;
	3674  :   111111111111111000000000000001000000000011110011;
	3675  :   000000000000000000000000000000000000000011110101;
	3676  :   111111111111111100000000000000010000000011110111;
	3677  :   111111111111110000000000000000010000000011111011;
	3678  :   111111111111111100000000000001100000000011111001;
	3679  :   000000000000000000000000000000000000000011110101;
	367A  :   111111111111111100000000000010010000000011111010;
	367B  :   111111111111110100000000000000100000000011110110;
	367C  :   000000000000000000000000000000010000000011111010;
	367D  :   111111111111111000000000000000100000000011111000;
	367E  :   000000000000000000000000000000100000000011110111;
	367F  :   000000000000000100000000000000100000000011111001;
	3680  :   111111111111110100000000000000100000000011110000;
	3681  :   111111111111101000000000000000010000000011110011;
	3682  :   000000000000000000000000000000110000000011111001;
	3683  :   111111111111111000000000000000000000000011110111;
	3684  :   000000000000001000000000000000100000000011110011;
	3685  :   000000000000001000000000000000100000000011111000;
	3686  :   111111111111110100000000000001110000000011110011;
	3687  :   111111111111100100000000000000010000000011111011;
	3688  :   000000000000000100000000000001010000000011111000;
	3689  :   000000000000000000000000000000110000000011111010;
	368A  :   111111111111110100000000000000100000000011111001;
	368B  :   000000000000000000000000000000010000000011111001;
	368C  :   111111111111110100000000000001110000000011110110;
	368D  :   111111111111111000000000000000100000000011110110;
	368E  :   111111111111111100000000000000100000000011111011;
	368F  :   111111111111101000000000000000110000000011110101;
	3690  :   111111111111110100000000000000110000000011111011;
	3691  :   111111111111110100000000000000000000000011111000;
	3692  :   000000000000000000000000000001000000000011111000;
	3693  :   000000000000000000000000000000110000000011111001;
	3694  :   000000000000000100000000000001010000000011110100;
	3695  :   111111111111110100000000000000110000000011111000;
	3696  :   111111111111111000000000000000110000000011111001;
	3697  :   111111111111111100000000000000010000000011111001;
	3698  :   000000000000000000000000000000010000000011111001;
	3699  :   111111111111110100000000000001000000000011111011;
	369A  :   111111111111111000000000000000010000000011110011;
	369B  :   000000000000000000000000000000010000000011111000;
	369C  :   111111111111111100000000000001010000000011110101;
	369D  :   111111111111111100000000000001010000000011110111;
	369E  :   111111111111111100000000000000010000000011111010;
	369F  :   111111111111101100000000000000100000000011111000;
	36A0  :   111111111111111100000000000001110000000011110111;
	36A1  :   000000000000000100000000000000110000000011110110;
	36A2  :   000000000000001100000000000000000000000011111011;
	36A3  :   111111111111110000000000000000010000000011110011;
	36A4  :   111111111111111100000000000000110000000011111001;
	36A5  :   000000000000000000000000000000010000000011110111;
	36A6  :   111111111111110000000000000000110000000011110101;
	36A7  :   111111111111100100000000000000110000000011110110;
	36A8  :   111111111111111100000000000000010000000011110111;
	36A9  :   000000000000001000000000000000010000000011110110;
	36AA  :   000000000000001000000000000000100000000011110101;
	36AB  :   111111111111111100000000000000110000000011111010;
	36AC  :   000000000000001000000000000001010000000011110111;
	36AD  :   000000000000000000000000000001010000000011110111;
	36AE  :   111111111111111100000000000000110000000011110111;
	36AF  :   000000000000000100000000000000000000000011111100;
	36B0  :   111111111111101000000000000000110000000011111010;
	36B1  :   111111111111110000000000000001100000000011111001;
	36B2  :   111111111111110100000000000001000000000011111010;
	36B3  :   111111111111111000000000000000100000000011110110;
	36B4  :   111111111111111000000000000001000000000011111001;
	36B5  :   111111111111111100000000000000010000000011111010;
	36B6  :   111111111111111100000000000000100000000011110110;
	36B7  :   111111111111111000000000000000100000000011111000;
	36B8  :   000000000000000100000000000001110000000011110111;
	36B9  :   111111111111111100000000000000100000000011111000;
	36BA  :   000000000000010000000000000000010000000011111010;
	36BB  :   000000000000000000000000000000100000000011110110;
	36BC  :   111111111111111000000000000001000000000011111010;
	36BD  :   111111111111111100000000000000110000000011111011;
	36BE  :   000000000000000100000000000001000000000011110111;
	36BF  :   000000000000000000000000000000110000000011110111;
	36C0  :   111111111111111100000000000000100000000011111001;
	36C1  :   000000000000000011111111111111110000000011110111;
	36C2  :   111111111111111100000000000000100000000011111011;
	36C3  :   000000000000001100000000000000100000000011110101;
	36C4  :   111111111111101100000000000001000000000011110101;
	36C5  :   111111111111110000000000000000110000000011110100;
	36C6  :   000000000000000100000000000000100000000011111010;
	36C7  :   000000000000000000000000000001000000000011110110;
	36C8  :   000000000000000000000000000000100000000011110101;
	36C9  :   000000000000000000000000000001000000000011110111;
	36CA  :   111111111111111000000000000000100000000011111010;
	36CB  :   000000000000000100000000000001000000000011111001;
	36CC  :   111111111111111100000000000000100000000011110111;
	36CD  :   111111111111111100000000000000100000000011111010;
	36CE  :   000000000000000000000000000001010000000011111010;
	36CF  :   111111111111110000000000000000100000000011111100;
	36D0  :   111111111111111100000000000000000000000011110110;
	36D1  :   111111111111111100000000000000110000000011110101;
	36D2  :   111111111111111000000000000000110000000011111000;
	36D3  :   000000000000000000000000000001010000000011110111;
	36D4  :   000000000000000000000000000000110000000011110101;
	36D5  :   111111111111111000000000000000010000000011111010;
	36D6  :   000000000000001100000000000001100000000011111000;
	36D7  :   111111111111111100000000000000100000000011110101;
	36D8  :   111111111111110000000000000000110000000011110101;
	36D9  :   111111111111110100000000000000010000000011111101;
	36DA  :   000000000000000000000000000001000000000011111010;
	36DB  :   111111111111110100000000000001010000000011110100;
	36DC  :   111111111111111000000000000000010000000011111010;
	36DD  :   111111111111110000000000000001010000000011110110;
	36DE  :   111111111111111100000000000001000000000011110100;
	36DF  :   000000000000001000000000000000100000000011110110;
	36E0  :   000000000000000000000000000000010000000011110111;
	36E1  :   000000000000000000000000000001000000000011110111;
	36E2  :   111111111111111100000000000000100000000011110110;
	36E3  :   000000000000000000000000000000100000000011110010;
	36E4  :   000000000000000100000000000000000000000011111010;
	36E5  :   000000000000000100000000000000100000000011110111;
	36E6  :   111111111111111000000000000000010000000011110100;
	36E7  :   111111111111110100000000000000110000000011110101;
	36E8  :   000000000000000000000000000000010000000011111100;
	36E9  :   000000000000001100000000000000110000000011110110;
	36EA  :   000000000000000111111111111111100000000011110011;
	36EB  :   111111111111111000000000000000110000000011110110;
	36EC  :   000000000000000000000000000001010000000011110000;
	36ED  :   111111111111111100000000000001010000000011111000;
	36EE  :   111111111111101100000000000000010000000011110110;
	36EF  :   111111111111111000000000000000110000000011110111;
	36F0  :   111111111111111111111111111111110000000011110110;
	36F1  :   111111111111111100000000000000010000000011111100;
	36F2  :   000000000000000100000000000000100000000011111110;
	36F3  :   000000000000000000000000000000100000000011111010;
	36F4  :   111111111111111100000000000000110000000011110111;
	36F5  :   000000000000000000000000000000100000000011111101;
	36F6  :   111111111111111100000000000001000000000011110110;
	36F7  :   111111111111110100000000000000110000000011111010;
	36F8  :   000000000000000100000000000001100000000011110111;
	36F9  :   111111111111111000000000000001010000000011110111;
	36FA  :   111111111111111000000000000000100000000011110101;
	36FB  :   111111111111111100000000000000110000000011110101;
	36FC  :   111111111111110100000000000000110000000011110110;
	36FD  :   000000000000000000000000000001000000000011111101;
	36FE  :   111111111111111100000000000001010000000011111010;
	36FF  :   111111111111110100000000000001000000000011110011;
	3700  :   111111111111110100000000000001000000000011111000;
	3701  :   000000000000001000000000000001110000000011111001;
	3702  :   000000000000000100000000000000110000000011110011;
	3703  :   111111111111111100000000000000100000000011110100;
	3704  :   111111111111111000000000000000110000000011111010;
	3705  :   111111111111110100000000000001000000000011111001;
	3706  :   111111111111111000000000000000100000000011110111;
	3707  :   111111111111110000000000000001100000000011110110;
	3708  :   111111111111111000000000000000010000000011110010;
	3709  :   000000000000000000000000000001100000000011110101;
	370A  :   000000000000000100000000000001000000000011111011;
	370B  :   000000000000000100000000000000010000000011110111;
	370C  :   111111111111111100000000000000100000000011111001;
	370D  :   000000000000000000000000000000100000000011110101;
	370E  :   111111111111110000000000000001000000000011110001;
	370F  :   111111111111111100000000000000100000000011110100;
	3710  :   000000000000000100000000000000110000000011111010;
	3711  :   000000000000000100000000000000010000000011111000;
	3712  :   111111111111110100000000000001100000000011111010;
	3713  :   111111111111110100000000000001000000000011110110;
	3714  :   111111111111110100000000000000000000000011110110;
	3715  :   111111111111110000000000000000010000000011110011;
	3716  :   111111111111110100000000000000100000000011110110;
	3717  :   000000000000000100000000000000010000000011110111;
	3718  :   111111111111110000000000000001000000000011110110;
	3719  :   000000000000001100000000000001000000000011110111;
	371A  :   000000000000000100000000000010000000000011110101;
	371B  :   111111111111101100000000000001000000000011110100;
	371C  :   000000000000000000000000000001010000000011110111;
	371D  :   111111111111111000000000000000100000000011110111;
	371E  :   000000000000001000000000000000110000000011110111;
	371F  :   111111111111111100000000000000100000000011111011;
	3720  :   000000000000000011111111111111010000000011111000;
	3721  :   000000000000000000000000000000000000000011110110;
	3722  :   111111111111110000000000000000100000000011111000;
	3723  :   111111111111110000000000000000010000000011111000;
	3724  :   111111111111111100000000000000100000000011111000;
	3725  :   111111111111110100000000000000010000000011111010;
	3726  :   111111111111101000000000000000110000000011110011;
	3727  :   111111111111101000000000000000010000000011111001;
	3728  :   111111111111111000000000000000110000000011111010;
	3729  :   111111111111110100000000000000100000000011111000;
	372A  :   000000000000000000000000000000100000000011111010;
	372B  :   111111111111110000000000000000100000000011111001;
	372C  :   111111111111111100000000000000110000000011110111;
	372D  :   111111111111110100000000000001000000000011111011;
	372E  :   000000000000000000000000000001000000000011111011;
	372F  :   111111111111111100000000000000100000000011110011;
	3730  :   111111111111110100000000000000100000000011110101;
	3731  :   111111111111101100000000000000100000000011110111;
	3732  :   111111111111111100000000000000100000000011110111;
	3733  :   111111111111110000000000000000110000000011111000;
	3734  :   000000000000000000000000000000100000000011111011;
	3735  :   111111111111111000000000000001000000000011111001;
	3736  :   111111111111111000000000000000110000000011110111;
	3737  :   111111111111111100000000000000010000000011111011;
	3738  :   000000000000000000000000000001010000000011110101;
	3739  :   000000000000000100000000000001000000000011110110;
	373A  :   000000000000000000000000000000000000000011110100;
	373B  :   111111111111111100000000000000100000000011111011;
	373C  :   000000000000001000000000000000010000000011111000;
	373D  :   000000000000000100000000000000010000000011110100;
	373E  :   111111111111101100000000000000010000000011110110;
	373F  :   000000000000000000000000000001000000000011111010;
	3740  :   000000000000000000000000000000100000000011110110;
	3741  :   111111111111111100000000000000110000000011110110;
	3742  :   111111111111111000000000000000110000000011111100;
	3743  :   000000000000000100000000000000100000000011110111;
	3744  :   000000000000000000000000000000110000000011111011;
	3745  :   111111111111111000000000000000110000000011111010;
	3746  :   000000000000000100000000000000100000000011110101;
	3747  :   111111111111111000000000000000100000000011110101;
	3748  :   000000000000000000000000000001010000000011111011;
	3749  :   111111111111111100000000000000010000000011111001;
	374A  :   000000000000000000000000000000100000000011110111;
	374B  :   111111111111111100000000000001010000000011111001;
	374C  :   111111111111101100000000000000100000000011110011;
	374D  :   111111111111111100000000000000100000000011110100;
	374E  :   000000000000000100000000000000110000000011111001;
	374F  :   000000000000000000000000000000100000000011110100;
	3750  :   111111111111111000000000000001100000000011110101;
	3751  :   111111111111111100000000000001000000000011110101;
	3752  :   111111111111110100000000000000100000000011111011;
	3753  :   111111111111101100000000000010000000000011111010;
	3754  :   000000000000000000000000000000110000000011110110;
	3755  :   111111111111111100000000000000010000000011110010;
	3756  :   111111111111111100000000000001000000000011111101;
	3757  :   111111111111111100000000000000100000000011110101;
	3758  :   111111111111111000000000000000000000000011110110;
	3759  :   000000000000000100000000000000110000000011111001;
	375A  :   000000000000000000000000000000000000000011110100;
	375B  :   111111111111110000000000000001010000000011110100;
	375C  :   111111111111111000000000000001000000000011110010;
	375D  :   111111111111111000000000000000110000000011110100;
	375E  :   000000000000000100000000000000110000000011111000;
	375F  :   111111111111110100000000000000010000000011110111;
	3760  :   111111111111111100000000000001100000000011111001;
	3761  :   000000000000000100000000000010000000000011111011;
	3762  :   000000000000000100000000000001010000000011111000;
	3763  :   000000000000000100000000000001100000000011111010;
	3764  :   111111111111111100000000000000100000000011110101;
	3765  :   111111111111111100000000000001000000000011111001;
	3766  :   000000000000000100000000000000110000000011110101;
	3767  :   000000000000000100000000000000110000000011110110;
	3768  :   111111111111111100000000000000100000000011111011;
	3769  :   000000000000000000000000000001000000000011111000;
	376A  :   111111111111110000000000000001100000000011110100;
	376B  :   111111111111110000000000000000100000000011110101;
	376C  :   111111111111110100000000000001000000000011111001;
	376D  :   111111111111111100000000000000100000000011110111;
	376E  :   111111111111110100000000000000100000000011110110;
	376F  :   000000000000000000000000000000010000000011110110;
	3770  :   111111111111111000000000000000000000000011111000;
	3771  :   111111111111101100000000000000110000000011110001;
	3772  :   111111111111111000000000000001000000000011110111;
	3773  :   111111111111101100000000000001010000000011110111;
	3774  :   000000000000000100000000000000100000000011110111;
	3775  :   000000000000001000000000000001010000000011110011;
	3776  :   000000000000000000000000000000100000000011111010;
	3777  :   111111111111111000000000000000000000000011110101;
	3778  :   111111111111111100000000000000100000000011111011;
	3779  :   111111111111111100000000000000100000000011111000;
	377A  :   000000000000000000000000000000000000000011110111;
	377B  :   000000000000000000000000000000010000000011111001;
	377C  :   111111111111110000000000000000110000000011110110;
	377D  :   000000000000000100000000000000100000000011110101;
	377E  :   000000000000001011111111111111110000000011110111;
	377F  :   111111111111110100000000000000100000000011110101;
	3780  :   111111111111111100000000000000110000000011110001;
	3781  :   000000000000000000000000000000100000000011110111;
	3782  :   111111111111110100000000000000110000000011111101;
	3783  :   000000000000000000000000000000100000000011110101;
	3784  :   000000000000000100000000000000000000000011110111;
	3785  :   000000000000000100000000000000110000000011111001;
	3786  :   111111111111111100000000000000110000000011111000;
	3787  :   111111111111110111111111111111110000000011110100;
	3788  :   000000000000000100000000000000100000000011110110;
	3789  :   111111111111111100000000000000110000000011110100;
	378A  :   111111111111101000000000000000100000000011111000;
	378B  :   111111111111111100000000000000100000000011110111;
	378C  :   111111111111111100000000000000110000000011110111;
	378D  :   111111111111111000000000000000110000000011110011;
	378E  :   111111111111110000000000000001010000000011110101;
	378F  :   111111111111101100000000000000100000000011111000;
	3790  :   000000000000000000000000000000000000000011111001;
	3791  :   111111111111111100000000000000010000000011111001;
	3792  :   111111111111111100000000000000110000000011111010;
	3793  :   111111111111101100000000000001000000000011111010;
	3794  :   111111111111111000000000000001010000000011110110;
	3795  :   111111111111111000000000000000100000000011110100;
	3796  :   111111111111110100000000000000110000000011111001;
	3797  :   111111111111111100000000000001100000000011110010;
	3798  :   111111111111110000000000000000110000000011110111;
	3799  :   000000000000000000000000000000110000000011111000;
	379A  :   000000000000000100000000000000100000000011110110;
	379B  :   000000000000000100000000000000100000000011110111;
	379C  :   000000000000001000000000000001000000000011110101;
	379D  :   000000000000001000000000000001010000000011111010;
	379E  :   111111111111111111111111111111110000000011110111;
	379F  :   000000000000000000000000000000010000000011110101;
	37A0  :   111111111111110100000000000000100000000011110100;
	37A1  :   111111111111111100000000000000100000000011111010;
	37A2  :   000000000000000000000000000001000000000011110101;
	37A3  :   111111111111101100000000000000110000000011110001;
	37A4  :   111111111111111100000000000000010000000011111101;
	37A5  :   000000000000000100000000000000110000000011111101;
	37A6  :   111111111111111000000000000001000000000011111001;
	37A7  :   111111111111111000000000000001110000000011110101;
	37A8  :   111111111111101100000000000000100000000011111001;
	37A9  :   111111111111110100000000000001000000000011111000;
	37AA  :   111111111111110000000000000000100000000011111001;
	37AB  :   000000000000000000000000000010110000000011110010;
	37AC  :   111111111111111100000000000000110000000011110110;
	37AD  :   111111111111111000000000000000100000000011111001;
	37AE  :   111111111111101100000000000000100000000011111000;
	37AF  :   000000000000000000000000000000010000000011110111;
	37B0  :   111111111111111100000000000000010000000011111010;
	37B1  :   111111111111111000000000000000100000000011111001;
	37B2  :   111111111111100100000000000001000000000011111001;
	37B3  :   111111111111111100000000000000010000000011111011;
	37B4  :   111111111111111100000000000000110000000011111100;
	37B5  :   000000000000000000000000000001000000000011110110;
	37B6  :   000000000000001000000000000000110000000011111100;
	37B7  :   111111111111111000000000000000100000000011111001;
	37B8  :   111111111111100100000000000000100000000011110100;
	37B9  :   111111111111111000000000000001000000000011111001;
	37BA  :   111111111111100100000000000000110000000011111000;
	37BB  :   111111111111111100000000000000010000000011111000;
	37BC  :   111111111111111100000000000001000000000011111001;
	37BD  :   111111111111111100000000000000110000000011110110;
	37BE  :   111111111111110100000000000000110000000011111000;
	37BF  :   000000000000000100000000000001000000000011111001;
	37C0  :   000000000000000000000000000001000000000011111001;
	37C1  :   000000000000000000000000000001100000000011111001;
	37C2  :   000000000000000100000000000000110000000011110110;
	37C3  :   111111111111111000000000000000010000000011110110;
	37C4  :   000000000000001000000000000000000000000011111010;
	37C5  :   000000000000000100000000000000100000000011111110;
	37C6  :   000000000000000100000000000001010000000011111010;
	37C7  :   000000000000000000000000000001000000000011111000;
	37C8  :   000000000000000000000000000001000000000011111001;
	37C9  :   000000000000000000000000000001100000000011110110;
	37CA  :   111111111111110100000000000000100000000011111001;
	37CB  :   000000000000000100000000000001110000000011111010;
	37CC  :   000000000000000000000000000000100000000011110001;
	37CD  :   000000000000000000000000000001000000000011110101;
	37CE  :   111111111111101100000000000000010000000011111010;
	37CF  :   111111111111110100000000000000100000000011111010;
	37D0  :   000000000000001000000000000000110000000011110111;
	37D1  :   000000000000000100000000000001100000000011110100;
	37D2  :   000000000000001100000000000000010000000011110110;
	37D3  :   111111111111111000000000000001010000000011110110;
	37D4  :   111111111111111000000000000001010000000011111000;
	37D5  :   111111111111101000000000000000100000000011110100;
	37D6  :   111111111111110100000000000000110000000011110111;
	37D7  :   111111111111110100000000000000110000000011111000;
	37D8  :   000000000000000000000000000000110000000011111000;
	37D9  :   000000000000000000000000000001100000000011111001;
	37DA  :   111111111111110000000000000001000000000011110110;
	37DB  :   111111111111111100000000000000010000000011111001;
	37DC  :   000000000000001000000000000000110000000011110010;
	37DD  :   111111111111110100000000000000110000000011110101;
	37DE  :   111111111111111100000000000001100000000011110110;
	37DF  :   111111111111101000000000000000100000000011110110;
	37E0  :   000000000000001100000000000000110000000011111001;
	37E1  :   111111111111111100000000000000110000000011111001;
	37E2  :   111111111111111111111111111111100000000011110111;
	37E3  :   111111111111111000000000000001000000000011110111;
	37E4  :   111111111111110100000000000000100000000011111011;
	37E5  :   111111111111110100000000000000100000000011110100;
	37E6  :   111111111111111100000000000001000000000011111000;
	37E7  :   000000000000000100000000000001010000000011110111;
	37E8  :   111111111111101100000000000001100000000011110101;
	37E9  :   111111111111111000000000000000100000000011111001;
	37EA  :   000000000000000000000000000000010000000011110100;
	37EB  :   000000000000000000000000000001100000000011111001;
	37EC  :   000000000000001100000000000001110000000011110110;
	37ED  :   000000000000000000000000000001000000000011110111;
	37EE  :   111111111111110100000000000000000000000011111011;
	37EF  :   000000000000000100000000000000010000000011110010;
	37F0  :   000000000000000100000000000001010000000011110100;
	37F1  :   000000000000000000000000000001010000000011111001;
	37F2  :   000000000000001000000000000001000000000011111011;
	37F3  :   000000000000001000000000000000000000000011111000;
	37F4  :   111111111111111000000000000000010000000011110011;
	37F5  :   000000000000000100000000000000000000000011111000;
	37F6  :   000000000000001100000000000001010000000011111000;
	37F7  :   111111111111111100000000000001000000000011111100;
	37F8  :   111111111111101100000000000000010000000011111000;
	37F9  :   111111111111111100000000000000010000000011111001;
	37FA  :   111111111111111100000000000000100000000011110011;
	37FB  :   111111111111110100000000000000100000000011110111;
	37FC  :   111111111111111100000000000000110000000011111001;
	37FD  :   000000000000000100000000000000110000000011110111;
	37FE  :   000000000000000100000000000000100000000011110011;
	37FF  :   111111111111101111111111111111110000000011111001;
	3800  :   111111111111110100000000000000010000000011110110;
	3801  :   000000000000000000000000000001000000000011111010;
	3802  :   111111111111111100000000000000110000000011111011;
	3803  :   111111111111101100000000000000110000000011111011;
	3804  :   111111111111110000000000000001110000000011111001;
	3805  :   111111111111110100000000000001100000000011111000;
	3806  :   111111111111111100000000000000110000000011111000;
	3807  :   111111111111111000000000000000000000000011111001;
	3808  :   000000000000000100000000000000100000000011110110;
	3809  :   000000000000000000000000000000100000000011110111;
	380A  :   111111111111101000000000000000100000000011111001;
	380B  :   000000000000001000000000000000100000000011111011;
	380C  :   000000000000000000000000000000000000000011110111;
	380D  :   000000000000010000000000000000110000000011110011;
	380E  :   111111111111111100000000000000110000000011110001;
	380F  :   111111111111110100000000000000010000000011110010;
	3810  :   000000000000000000000000000000110000000011111000;
	3811  :   000000000000000100000000000000100000000011110101;
	3812  :   111111111111111000000000000000100000000011110011;
	3813  :   111111111111111000000000000010000000000011110101;
	3814  :   111111111111110100000000000001010000000011111100;
	3815  :   111111111111111000000000000000100000000011111000;
	3816  :   111111111111111000000000000000110000000011110110;
	3817  :   111111111111111000000000000001000000000011110110;
	3818  :   111111111111111100000000000000110000000011111000;
	3819  :   111111111111110000000000000000010000000011111010;
	381A  :   111111111111111000000000000000000000000011111100;
	381B  :   111111111111111000000000000000010000000011111010;
	381C  :   111111111111111100000000000001000000000011111000;
	381D  :   111111111111111000000000000000110000000011110111;
	381E  :   111111111111111100000000000000110000000011110111;
	381F  :   000000000000001000000000000000110000000011111000;
	3820  :   111111111111111100000000000000110000000011111000;
	3821  :   000000000000000000000000000000100000000011111011;
	3822  :   111111111111110100000000000000110000000011111001;
	3823  :   111111111111111100000000000000000000000011111010;
	3824  :   000000000000000100000000000001100000000011111000;
	3825  :   111111111111111000000000000001110000000011110110;
	3826  :   111111111111111000000000000000100000000011110011;
	3827  :   111111111111111100000000000000110000000011110110;
	3828  :   111111111111111100000000000001000000000011110101;
	3829  :   111111111111110100000000000000100000000011110111;
	382A  :   000000000000000000000000000000000000000011110110;
	382B  :   111111111111110100000000000000100000000011111001;
	382C  :   111111111111110000000000000001010000000011111000;
	382D  :   000000000000000000000000000001000000000011111001;
	382E  :   111111111111111000000000000001010000000011110111;
	382F  :   111111111111111100000000000000110000000011111011;
	3830  :   000000000000001100000000000000110000000011110100;
	3831  :   000000000000000100000000000001000000000011110111;
	3832  :   000000000000000000000000000001000000000011110110;
	3833  :   000000000000001000000000000001000000000011110111;
	3834  :   111111111111111000000000000000110000000011111100;
	3835  :   111111111111111100000000000000100000000011111001;
	3836  :   000000000000000100000000000000100000000011111001;
	3837  :   000000000000000100000000000000110000000011110111;
	3838  :   111111111111111100000000000000010000000011110011;
	3839  :   111111111111111000000000000001000000000011110101;
	383A  :   111111111111110100000000000001000000000011110101;
	383B  :   000000000000000100000000000000010000000011111011;
	383C  :   000000000000001000000000000000100000000011111010;
	383D  :   000000000000000100000000000001010000000011110110;
	383E  :   111111111111111100000000000000010000000011111000;
	383F  :   000000000000000000000000000001100000000011111011;
	3840  :   111111111111110100000000000001000000000011111010;
	3841  :   111111111111111011111111111111100000000011111011;
	3842  :   000000000000000100000000000000110000000011110101;
	3843  :   111111111111111000000000000001110000000011111111;
	3844  :   111111111111110100000000000000110000000011110111;
	3845  :   111111111111110000000000000001000000000011111010;
	3846  :   000000000000001000000000000000010000000011111100;
	3847  :   000000000000000000000000000001010000000011111100;
	3848  :   000000000000000100000000000000110000000011110101;
	3849  :   111111111111110100000000000000010000000011111001;
	384A  :   000000000000000100000000000010000000000011110101;
	384B  :   111111111111111000000000000000110000000011110100;
	384C  :   000000000000000011111111111111100000000011110101;
	384D  :   000000000000000000000000000000100000000011111010;
	384E  :   000000000000000000000000000001010000000011110111;
	384F  :   000000000000000000000000000001010000000011110110;
	3850  :   000000000000000100000000000001100000000011111101;
	3851  :   000000000000000000000000000001000000000011111000;
	3852  :   111111111111110100000000000000110000000011111010;
	3853  :   000000000000000000000000000000000000000011111000;
	3854  :   111111111111111100000000000000010000000011111001;
	3855  :   111111111111110100000000000000100000000011110100;
	3856  :   111111111111111000000000000000110000000011110101;
	3857  :   111111111111111100000000000000100000000011110111;
	3858  :   111111111111110000000000000001000000000011111001;
	3859  :   111111111111111100000000000000110000000011111010;
	385A  :   111111111111111100000000000001010000000011111001;
	385B  :   111111111111111000000000000001000000000011110100;
	385C  :   000000000000000000000000000000010000000011111001;
	385D  :   111111111111110100000000000000110000000011110111;
	385E  :   111111111111111100000000000001010000000011111001;
	385F  :   000000000000000100000000000000110000000011110111;
	3860  :   111111111111111000000000000000010000000011111010;
	3861  :   111111111111111100000000000000100000000011111100;
	3862  :   000000000000000000000000000000010000000011111000;
	3863  :   111111111111110100000000000000100000000011110011;
	3864  :   111111111111110000000000000000010000000011110000;
	3865  :   000000000000001000000000000000100000000011111001;
	3866  :   111111111111111000000000000001010000000011111100;
	3867  :   111111111111111000000000000001000000000011111011;
	3868  :   000000000000000000000000000001100000000011110111;
	3869  :   000000000000000000000000000000010000000011111000;
	386A  :   111111111111110100000000000001000000000011110010;
	386B  :   111111111111110100000000000001000000000011111101;
	386C  :   111111111111111100000000000001100000000011111010;
	386D  :   111111111111100100000000000000110000000011110101;
	386E  :   000000000000000000000000000000110000000011110111;
	386F  :   111111111111111100000000000000110000000011110111;
	3870  :   000000000000001000000000000000110000000011111001;
	3871  :   111111111111111100000000000001010000000011111010;
	3872  :   111111111111101000000000000001010000000011110101;
	3873  :   111111111111101100000000000001000000000011111010;
	3874  :   111111111111101100000000000000110000000100000010;
	3875  :   111111111111111000000000000000000000000011110111;
	3876  :   000000000000000000000000000001000000000011110111;
	3877  :   111111111111110100000000000000110000000011111010;
	3878  :   000000000000000100000000000000010000000011111010;
	3879  :   111111111111111100000000000001110000000011111001;
	387A  :   111111111111110100000000000000000000000011110101;
	387B  :   111111111111111000000000000000010000000011110110;
	387C  :   111111111111110100000000000001000000000011110110;
	387D  :   000000000000000000000000000001000000000011110111;
	387E  :   000000000000000100000000000001000000000011110111;
	387F  :   111111111111111100000000000000010000000011110111;
	3880  :   111111111111111100000000000000010000000011111000;
	3881  :   111111111111110000000000000001010000000011110101;
	3882  :   000000000000000011111111111111110000000011110111;
	3883  :   111111111111110000000000000000010000000011110011;
	3884  :   111111111111111000000000000000100000000011111000;
	3885  :   111111111111111100000000000000110000000011111011;
	3886  :   111111111111110000000000000001010000000011110101;
	3887  :   000000000000000000000000000000110000000011111011;
	3888  :   111111111111111100000000000000100000000011110110;
	3889  :   000000000000000000000000000000110000000011111000;
	388A  :   111111111111101000000000000001010000000011111011;
	388B  :   000000000000000000000000000000000000000011110111;
	388C  :   000000000000000000000000000000110000000011110101;
	388D  :   000000000000000100000000000000110000000011110101;
	388E  :   111111111111111100000000000000010000000011110100;
	388F  :   000000000000000000000000000001010000000011110110;
	3890  :   000000000000000100000000000000010000000011110000;
	3891  :   111111111111111100000000000001000000000011110110;
	3892  :   111111111111110100000000000001000000000011111000;
	3893  :   111111111111111100000000000000010000000011111000;
	3894  :   111111111111111000000000000000100000000011111001;
	3895  :   111111111111111000000000000000110000000011110111;
	3896  :   111111111111111000000000000000110000000011111101;
	3897  :   000000000000000000000000000000110000000011111100;
	3898  :   111111111111100100000000000000010000000011110101;
	3899  :   111111111111110000000000000000100000000011111010;
	389A  :   111111111111111000000000000000010000000011111011;
	389B  :   000000000000000000000000000000010000000011111001;
	389C  :   111111111111111000000000000001000000000011110111;
	389D  :   000000000000000000000000000001010000000011111000;
	389E  :   000000000000000000000000000001000000000011111010;
	389F  :   111111111111110000000000000000110000000011110110;
	38A0  :   000000000000000100000000000001000000000011111001;
	38A1  :   000000000000000000000000000000000000000011111001;
	38A2  :   111111111111111011111111111111110000000011110101;
	38A3  :   111111111111111100000000000000010000000011110000;
	38A4  :   000000000000000000000000000000100000000011110000;
	38A5  :   000000000000000100000000000001100000000011110101;
	38A6  :   000000000000000100000000000000110000000011110110;
	38A7  :   000000000000000000000000000000100000000011110111;
	38A8  :   000000000000000100000000000010000000000011110110;
	38A9  :   000000000000000000000000000001110000000011111000;
	38AA  :   111111111111111100000000000001010000000011111000;
	38AB  :   111111111111111100000000000010000000000011111001;
	38AC  :   000000000000001000000000000001110000000011110110;
	38AD  :   000000000000000000000000000000110000000011111010;
	38AE  :   111111111111101100000000000000110000000011111010;
	38AF  :   111111111111101000000000000001000000000011111000;
	38B0  :   111111111111111000000000000000010000000011110110;
	38B1  :   111111111111111100000000000001000000000011110110;
	38B2  :   111111111111111100000000000001010000000011110101;
	38B3  :   111111111111111000000000000001010000000011110110;
	38B4  :   111111111111111000000000000000010000000011110100;
	38B5  :   111111111111111100000000000000010000000011110111;
	38B6  :   111111111111110100000000000000100000000011111000;
	38B7  :   111111111111111100000000000000110000000011110110;
	38B8  :   111111111111110100000000000000110000000011110111;
	38B9  :   000000000000000000000000000000110000000011110110;
	38BA  :   000000000000000000000000000000100000000011111101;
	38BB  :   111111111111101100000000000000110000000011111000;
	38BC  :   000000000000001000000000000000110000000011111110;
	38BD  :   111111111111111000000000000000010000000011111010;
	38BE  :   000000000000000000000000000000010000000011110101;
	38BF  :   111111111111111100000000000001010000000011111000;
	38C0  :   000000000000000100000000000000100000000011110101;
	38C1  :   111111111111111100000000000001000000000011111010;
	38C2  :   111111111111111000000000000000000000000011111100;
	38C3  :   111111111111111100000000000000100000000011110101;
	38C4  :   000000000000000000000000000000010000000011111011;
	38C5  :   000000000000000011111111111111110000000011110101;
	38C6  :   000000000000000100000000000000100000000011110110;
	38C7  :   000000000000000000000000000000010000000011110111;
	38C8  :   111111111111111100000000000001010000000011111010;
	38C9  :   000000000000000000000000000001100000000011110111;
	38CA  :   000000000000000000000000000000110000000011110100;
	38CB  :   000000000000000000000000000001000000000011110110;
	38CC  :   111111111111110100000000000000110000000011110110;
	38CD  :   111111111111110100000000000000110000000011110111;
	38CE  :   111111111111111000000000000000000000000011110110;
	38CF  :   000000000000000000000000000001100000000011111101;
	38D0  :   000000000000000000000000000001000000000011110100;
	38D1  :   000000000000010000000000000001000000000011111001;
	38D2  :   111111111111110100000000000000110000000011111000;
	38D3  :   000000000000000000000000000000100000000011110101;
	38D4  :   111111111111100100000000000000100000000011110100;
	38D5  :   111111111111110100000000000000100000000011110011;
	38D6  :   000000000000000100000000000000010000000011110000;
	38D7  :   000000000000000100000000000000010000000011110100;
	38D8  :   111111111111111000000000000000100000000011110110;
	38D9  :   111111111111111000000000000000100000000011110010;
	38DA  :   000000000000000011111111111111110000000011110111;
	38DB  :   111111111111111100000000000000010000000011110111;
	38DC  :   000000000000000100000000000001010000000011111010;
	38DD  :   111111111111110100000000000000010000000011110100;
	38DE  :   111111111111110100000000000000000000000011111010;
	38DF  :   000000000000000000000000000000110000000011111011;
	38E0  :   111111111111110100000000000000000000000011110111;
	38E1  :   000000000000000000000000000001000000000011110101;
	38E2  :   111111111111110000000000000001000000000011110101;
	38E3  :   111111111111111100000000000000110000000011110100;
	38E4  :   000000000000000100000000000000110000000011110001;
	38E5  :   111111111111111100000000000000100000000011111000;
	38E6  :   111111111111111100000000000000110000000011111000;
	38E7  :   111111111111111100000000000001100000000011111101;
	38E8  :   000000000000000100000000000001100000000011111000;
	38E9  :   111111111111111000000000000000110000000011111000;
	38EA  :   000000000000000000000000000000010000000011111000;
	38EB  :   111111111111110000000000000000100000000011110111;
	38EC  :   000000000000000111111111111111110000000011110111;
	38ED  :   111111111111111100000000000000110000000011110111;
	38EE  :   111111111111111000000000000000110000000011111010;
	38EF  :   000000000000000000000000000000000000000011110101;
	38F0  :   111111111111111000000000000001000000000011111011;
	38F1  :   111111111111110100000000000000100000000011110110;
	38F2  :   111111111111110100000000000001010000000011111000;
	38F3  :   111111111111110000000000000001110000000011111000;
	38F4  :   111111111111111100000000000000110000000011110100;
	38F5  :   000000000000000000000000000000100000000011110111;
	38F6  :   111111111111110100000000000000010000000011111101;
	38F7  :   111111111111110100000000000000110000000011110110;
	38F8  :   111111111111111111111111111111110000000011110111;
	38F9  :   111111111111111000000000000000110000000011111010;
	38FA  :   111111111111111000000000000001000000000011110101;
	38FB  :   111111111111111100000000000000110000000011110101;
	38FC  :   000000000000000100000000000001000000000011110100;
	38FD  :   111111111111110000000000000000100000000011110011;
	38FE  :   111111111111111100000000000001110000000011111010;
	38FF  :   111111111111111100000000000000100000000011111010;
	3900  :   111111111111110100000000000000000000000011110110;
	3901  :   111111111111111100000000000001010000000011110010;
	3902  :   000000000000000000000000000000110000000011111100;
	3903  :   000000000000000000000000000000010000000011111000;
	3904  :   111111111111111100000000000000000000000011111000;
	3905  :   111111111111111100000000000000000000000011111100;
	3906  :   000000000000000100000000000000100000000011111000;
	3907  :   111111111111111100000000000000010000000011110101;
	3908  :   111111111111111100000000000000110000000011111000;
	3909  :   111111111111111000000000000000110000000011110111;
	390A  :   000000000000001000000000000000100000000011111010;
	390B  :   111111111111111100000000000000100000000011110110;
	390C  :   111111111111110100000000000001000000000011111001;
	390D  :   111111111111101000000000000000110000000011110001;
	390E  :   111111111111111000000000000000100000000011110101;
	390F  :   000000000000000000000000000000010000000011111011;
	3910  :   000000000000000000000000000000100000000011110011;
	3911  :   111111111111111100000000000001000000000011110011;
	3912  :   000000000000001100000000000000100000000011111000;
	3913  :   000000000000000000000000000000010000000011111010;
	3914  :   000000000000000100000000000001110000000011111011;
	3915  :   000000000000000000000000000000110000000011110111;
	3916  :   000000000000000000000000000000110000000011110100;
	3917  :   000000000000001000000000000000100000000011110011;
	3918  :   111111111111110000000000000001110000000011110011;
	3919  :   111111111111110000000000000001100000000011110110;
	391A  :   111111111111111100000000000000010000000011111001;
	391B  :   111111111111111100000000000000100000000011110111;
	391C  :   111111111111111100000000000001000000000011111111;
	391D  :   000000000000000000000000000001000000000011110011;
	391E  :   000000000000000000000000000001000000000011111000;
	391F  :   000000000000000000000000000000110000000011110100;
	3920  :   000000000000000000000000000000110000000011111011;
	3921  :   111111111111111100000000000001100000000011110100;
	3922  :   000000000000000000000000000000110000000011111001;
	3923  :   111111111111111000000000000000110000000011111000;
	3924  :   111111111111111000000000000001000000000011110110;
	3925  :   000000000000001000000000000000100000000011110011;
	3926  :   000000000000000000000000000001000000000011111001;
	3927  :   111111111111110100000000000001000000000011111001;
	3928  :   111111111111111100000000000000010000000011110011;
	3929  :   000000000000000100000000000001110000000011110111;
	392A  :   000000000000010000000000000000110000000011110110;
	392B  :   000000000000000100000000000000000000000011111100;
	392C  :   111111111111101100000000000000100000000011110100;
	392D  :   111111111111111100000000000010000000000011110111;
	392E  :   111111111111110000000000000001010000000011110110;
	392F  :   111111111111111100000000000001010000000011110101;
	3930  :   000000000000000000000000000001000000000011111001;
	3931  :   111111111111110100000000000001000000000011111000;
	3932  :   111111111111110000000000000000100000000011111000;
	3933  :   000000000000000000000000000001010000000011111000;
	3934  :   000000000000000000000000000000100000000011110110;
	3935  :   111111111111110000000000000000100000000011110110;
	3936  :   111111111111110100000000000001000000000011110110;
	3937  :   111111111111111011111111111111110000000011111001;
	3938  :   111111111111110100000000000000000000000011111000;
	3939  :   000000000000001000000000000000110000000011111000;
	393A  :   000000000000000000000000000000100000000011110101;
	393B  :   111111111111110000000000000001000000000011111001;
	393C  :   111111111111111000000000000000110000000011110101;
	393D  :   000000000000001000000000000000100000000011111101;
	393E  :   111111111111110100000000000000010000000011111011;
	393F  :   000000000000000000000000000000110000000011111001;
	3940  :   111111111111110100000000000000110000000011110101;
	3941  :   000000000000000000000000000000100000000011111000;
	3942  :   111111111111111100000000000000110000000011110101;
	3943  :   000000000000000100000000000000100000000011110111;
	3944  :   000000000000001000000000000001100000000011111000;
	3945  :   000000000000000000000000000001000000000011111110;
	3946  :   000000000000000100000000000001000000000011111010;
	3947  :   000000000000000100000000000001000000000011110111;
	3948  :   000000000000010000000000000000100000000011111010;
	3949  :   000000000000000100000000000000010000000011110110;
	394A  :   111111111111110000000000000000000000000011111001;
	394B  :   000000000000000000000000000000100000000011110111;
	394C  :   000000000000000000000000000001000000000011110111;
	394D  :   111111111111110000000000000000110000000011111000;
	394E  :   000000000000000000000000000000110000000011110110;
	394F  :   111111111111111100000000000000100000000011111011;
	3950  :   111111111111110100000000000001000000000011111011;
	3951  :   111111111111111100000000000001010000000011110101;
	3952  :   111111111111111000000000000001000000000011111001;
	3953  :   000000000000000000000000000001010000000011110100;
	3954  :   000000000000000000000000000001000000000011110110;
	3955  :   000000000000000100000000000001010000000011110111;
	3956  :   111111111111111000000000000000100000000011110101;
	3957  :   000000000000000000000000000000010000000011111010;
	3958  :   111111111111111100000000000000110000000011110111;
	3959  :   000000000000000000000000000001000000000011111011;
	395A  :   000000000000000000000000000001010000000011111000;
	395B  :   000000000000000000000000000001110000000011110011;
	395C  :   111111111111110000000000000000100000000011111000;
	395D  :   000000000000000000000000000000010000000011110110;
	395E  :   111111111111111100000000000000100000000011111010;
	395F  :   111111111111110100000000000000100000000011111010;
	3960  :   111111111111111100000000000000100000000011110110;
	3961  :   000000000011010111111111010100101111111110101110;
	3962  :   111110100100010011111110101110100000011000101101;
	3963  :   111111110101010100000000000011101111111101110101;
	3964  :   000000000111000011111111011011101111111111101010;
	3965  :   000000000101001111111111111011001111111100001001;
	3966  :   000000001011110111111110101110010000000000001011;
	3967  :   000000001010010000000000011111110000010001010011;
	3968  :   000000000010011011111111111001010000000101100100;
	3969  :   111111111111000111111111101011110000000000010110;
	396A  :   111111111100111011111111111101100000000110101000;
	396B  :   000000000000010011111111110111110000001000000101;
	396C  :   000000000001000111111111111001111111111110010101;
	396D  :   000000000001011111111111111001110000000100101011;
	396E  :   000000000000100011111111111000100000000110110100;
	396F  :   000000000000101100000000000001100000000010100000;
	3970  :   000000000000101100000000000101110000000010111001;
	3971  :   111111111111001111111111111001100000000100110000;
	3972  :   000000000000000000000000000010110000000011010001;
	3973  :   111111111111110011111111111111100000000011101111;
	3974  :   111111111111101011111111111101010000000100001101;
	3975  :   000000000000000111111111111110110000000011010110;
	3976  :   111111111111101011111111111101010000000011101000;
	3977  :   111111111111110111111111111011100000000100110011;
	3978  :   111111111111110011111111111000010000000011101101;
	3979  :   111111111111101111111111111010100000000011001001;
	397A  :   000000000000011100000000001000010000000011110001;
	397B  :   000000000000001000000000001001010000000011110100;
	397C  :   111111111111100100000000001010000000000011111001;
	397D  :   111111111111101000000000000011100000000011111000;
	397E  :   111111111111101111111111111111010000000011110110;
	397F  :   111111111111101111111111111111100000000011110000;
	3980  :   111111111111110100000000000001110000000011100111;
	3981  :   000000000000000000000000000000100000000100000001;
	3982  :   000000000000001000000000000000100000000011110010;
	3983  :   000000000000000000000000000001000000000011110111;
	3984  :   111111111111110000000000000000010000000011111001;
	3985  :   111111111111111000000000000001000000000011101101;
	3986  :   111111111111111000000000000000010000000011111101;
	3987  :   000000000000001000000000000000010000000011110111;
	3988  :   111111111111111100000000000001000000000011110010;
	3989  :   111111111111111000000000000001010000000011111101;
	398A  :   111111111111111000000000000001000000000011111011;
	398B  :   000000000000000000000000000000100000000011110011;
	398C  :   000000000000000000000000000000100000000011110100;
	398D  :   111111111111111111111111111111110000000011111110;
	398E  :   111111111111111000000000000000110000000011110011;
	398F  :   000000000000000000000000000000110000000011110000;
	3990  :   000000000000000100000000000000000000000100000001;
	3991  :   111111111111111100000000000001010000000011110111;
	3992  :   000000000000000100000000000001100000000011110101;
	3993  :   000000000000000100000000000000000000000011111101;
	3994  :   111111111111110000000000000001010000000011111101;
	3995  :   111111111111111000000000000000010000000011110100;
	3996  :   111111111111111100000000000000010000000011110010;
	3997  :   111111111111110000000000000000100000000011111100;
	3998  :   111111111111110100000000000000110000000011110111;
	3999  :   000000000000001100000000000001010000000011110011;
	399A  :   111111111111101100000000000000100000000011111010;
	399B  :   000000000000000000000000000000010000000011111100;
	399C  :   111111111111111100000000000000110000000011110000;
	399D  :   111111111111111100000000000001000000000011110110;
	399E  :   111111111111111100000000000000100000000011111100;
	399F  :   000000000000000000000000000000010000000011110101;
	39A0  :   000000000000000100000000000000110000000011110010;
	39A1  :   000000000000000100000000000001000000000011111001;
	39A2  :   000000000010010011111111101111001111111101011011;
	39A3  :   111111001100110011111111101000010000011001000110;
	39A4  :   111111110110010100000000100000111111111101001110;
	39A5  :   000000000011010111111111111001101111111001000111;
	39A6  :   000000001000000100000000001010010000000001111110;
	39A7  :   000000000000100000000000000000010000000100011101;
	39A8  :   111111111011111100000000001110000000000110101000;
	39A9  :   111111111110101011111111111011000000000101001111;
	39AA  :   111111111111000000000000000001000000000010110110;
	39AB  :   111111111111101100000000000101100000000011010111;
	39AC  :   000000000001001111111111110101100000000100001100;
	39AD  :   000000000001111011111111110111000000000100100001;
	39AE  :   000000000011001011111111111000000000000100000111;
	39AF  :   000000000011011011111111110011000000000011111001;
	39B0  :   000000000011011011111111101010000000000011100010;
	39B1  :   000000000011100111111111100011110000000011111010;
	39B2  :   000000000001011111111111110001100000000011111100;
	39B3  :   000000000000011000000000000000100000000011110101;
	39B4  :   000000000000001000000000000001110000000011110100;
	39B5  :   000000000000001011111111111110110000000011101100;
	39B6  :   000000000000010011111111111110100000000100000110;
	39B7  :   000000000001000011111111111000010000000011101001;
	39B8  :   000000000010000111111111110010000000000011110101;
	39B9  :   000000000010011011111111101100100000000100001011;
	39BA  :   000000000010101111111111101011100000000011110011;
	39BB  :   000000000010010011111111101100000000000011110010;
	39BC  :   000000000010010011111111101011010000000011111111;
	39BD  :   000000000000000100000000000001010000000011111010;
	39BE  :   111111111111011000000000001001000000000011101000;
	39BF  :   111111111111011000000000001001000000000100000111;
	39C0  :   111111111111000000000000001000110000000011111001;
	39C1  :   111111111110110000000000001001000000000011100000;
	39C2  :   111111111110110100000000001000100000000100000001;
	39C3  :   111111111110110100000000000111010000000011111100;
	39C4  :   111111111110101100000000000111100000000011010110;
	39C5  :   111111111110110100000000001000100000000011110100;
	39C6  :   111111111110111000000000001000010000000100000011;
	39C7  :   111111111110111000000000001001010000000011110101;
	39C8  :   111111111111000000000000000111110000000011101000;
	39C9  :   111111111110110000000000001001100000000100001000;
	39CA  :   111111111110111100000000000111010000000011111101;
	39CB  :   111111111110111100000000001000100000000011101001;
	39CC  :   111111111111001000000000000111010000000011111110;
	39CD  :   111111111111101000000000000010000000000100000101;
	39CE  :   000000000000000000000000000001000000000011110011;
	39CF  :   111111111111111100000000000000100000000011110100;
	39D0  :   111111111111111000000000000000010000000011111110;
	39D1  :   000000000000001000000000000000010000000011110110;
	39D2  :   000000000000000100000000000001010000000011101100;
	39D3  :   000000000000000100000000000000100000000011111010;
	39D4  :   111111111111100100000000000001000000000100000001;
	39D5  :   111111111111110100000000000001010000000011110010;
	39D6  :   111111111111111100000000000000110000000011110110;
	39D7  :   111111111111110100000000000000010000000011111110;
	39D8  :   000000000000000000000000000000100000000011110101;
	39D9  :   000000000000000000000000000000100000000011110000;
	39DA  :   000000000000000100000000000000100000000011111001;
	39DB  :   111111111111110100000000000001000000000011110100;
	39DC  :   000000000000001000000000000000110000000011110110;
	39DD  :   000000000000000100000000000001000000000011111001;
	39DE  :   111111111111111000000000000000110000000011111011;
	39DF  :   000000000000000100000000000000100000000011110101;
	39E0  :   000000000000000000000000000001000000000011111001;
	39E1  :   111111111111110000000000000000100000000011111011;
	39E2  :   111111111111111000000000000000110000000011111010;
	39E3  :   111111111111111100000000000010100000000011110011;
	39E4  :   000000000000000000000000000000000000000011111100;
	39E5  :   111111111111111100000000000000000000000011110111;
	39E6  :   000000000000000000000000000000110000000011101100;
	39E7  :   111111111111111100000000000000100000000011110011;
	39E8  :   111111111111101000000000000001000000000011110110;
	39E9  :   111111111111111100000000000000100000000011110011;
	39EA  :   000000000000000011111111111111110000000011110110;
	39EB  :   111111111111111000000000000000110000000011111101;
	39EC  :   000000000000000111111111111111110000000011111000;
	39ED  :   111111111111111100000000000001000000000011110100;
	39EE  :   111111111111111100000000000000110000000011110110;
	39EF  :   111111111111110100000000000000100000000011111000;
	39F0  :   000000000000000000000000000001000000000011110001;
	39F1  :   111111111111111000000000000001010000000011111010;
	39F2  :   111111111111111000000000000000010000000011110110;
	39F3  :   000000000000000100000000000000000000000011110111;
	39F4  :   000000000000000000000000000001100000000011110110;
	39F5  :   111111111111110000000000000001000000000011110110;
	39F6  :   111111111111111100000000000000110000000011110111;
	39F7  :   000000000000001100000000000001010000000011110110;
	39F8  :   000000000000000111111111111111110000000011111100;
	39F9  :   111111111111111100000000000000110000000011111010;
	39FA  :   000000000000000000000000000000110000000011111101;
	39FB  :   000000000000000000000000000000100000000011110101;
	39FC  :   111111111111110100000000000000010000000011111001;
	39FD  :   000000000000000000000000000001010000000011111001;
	39FE  :   111111111111111000000000000001000000000011110101;
	39FF  :   111111111111111000000000000000010000000011111000;
	3A00  :   111111111111110000000000000000010000000011110111;
	3A01  :   111111111111111100000000000000010000000011110100;
	3A02  :   000000000000000000000000000001010000000011110111;
	3A03  :   000000000000000000000000000000110000000011111010;
	3A04  :   000000000000000100000000000000110000000011111000;
	3A05  :   000000000000001000000000000001110000000011111011;
	3A06  :   000000000000000000000000000001110000000011111001;
	3A07  :   111111111111110000000000000000110000000011111011;
	3A08  :   000000000000000000000000000000110000000011111010;
	3A09  :   000000000000000000000000000001010000000011111001;
	3A0A  :   111111111111111000000000000001010000000011110101;
	3A0B  :   000000000000000000000000000001000000000011110000;
	3A0C  :   111111111111111000000000000001010000000011110111;
	3A0D  :   111111111111111100000000000000100000000011111000;
	3A0E  :   111111111111111000000000000000100000000011111011;
	3A0F  :   000000000000000100000000000000010000000011111010;
	3A10  :   111111111111110000000000000000010000000011111001;
	3A11  :   000000000000000000000000000000010000000011111100;
	3A12  :   000000000000001000000000000001010000000011111100;
	3A13  :   000000000000000000000000000000110000000011111010;
	3A14  :   000000000000001000000000000000010000000011110111;
	3A15  :   111111111111110000000000000001000000000011110111;
	3A16  :   000000000000000000000000000001010000000011111000;
	3A17  :   000000000000001100000000000000010000000011110111;
	3A18  :   000000000000000000000000000000010000000011111001;
	3A19  :   000000000000010000000000000000110000000011110011;
	3A1A  :   111111111111110111111111111111110000000011110111;
	3A1B  :   111111111111111100000000000000000000000011111000;
	3A1C  :   111111111111101100000000000001000000000011111010;
	3A1D  :   000000000000001000000000000000100000000011110111;
	3A1E  :   111111111111110000000000000000100000000011110101;
	3A1F  :   111111111111111000000000000000110000000011110101;
	3A20  :   111111111111111100000000000001100000000011110111;
	3A21  :   000000000000000000000000000001000000000011111001;
	3A22  :   111111111111110100000000000000000000000011110100;
	3A23  :   111111111111111100000000000000110000000011110111;
	3A24  :   111111111111110100000000000001010000000011110010;
	3A25  :   111111111111111000000000000000100000000011111100;
	3A26  :   000000000000000100000000000001100000000011110111;
	3A27  :   000000000000000000000000000001000000000011110110;
	3A28  :   111111111111111100000000000000100000000011110110;
	3A29  :   111111111111110000000000000000100000000011110111;
	3A2A  :   111111111111111100000000000001010000000011111110;
	3A2B  :   111111111111111100000000000000110000000011111000;
	3A2C  :   000000000000000000000000000000110000000011110100;
	3A2D  :   111111111111111100000000000000100000000011110111;
	3A2E  :   000000000000001000000000000001000000000011110110;
	3A2F  :   111111111111111100000000000000110000000011111001;
	3A30  :   111111111111111000000000000000010000000011110100;
	3A31  :   111111111111111011111111111111110000000011111001;
	3A32  :   111111111111111000000000000000110000000011110101;
	3A33  :   000000000000000100000000000000110000000011111001;
	3A34  :   111111111111110100000000000000110000000011111001;
	3A35  :   111111111111110011111111111111100000000011110111;
	3A36  :   111111111111111000000000000000010000000011111011;
	3A37  :   111111111111111100000000000000100000000011111000;
	3A38  :   111111111111111011111111111111110000000011110111;
	3A39  :   111111111111111100000000000000010000000011111010;
	3A3A  :   000000000000001000000000000000010000000011110011;
	3A3B  :   111111111111110100000000000000010000000011111000;
	3A3C  :   000000000000000000000000000000100000000011110110;
	3A3D  :   111111111111110100000000000000110000000011110111;
	3A3E  :   000000000000000000000000000000100000000011110111;
	3A3F  :   111111111111110100000000000001010000000011111000;
	3A40  :   000000000000000000000000000000100000000011110111;
	3A41  :   111111111111110100000000000000110000000011110101;
	3A42  :   111111111111111100000000000001000000000011111010;
	3A43  :   111111111111111100000000000000100000000011111011;
	3A44  :   111111111111111100000000000000110000000011111000;
	3A45  :   111111111111111000000000000001000000000011111101;
	3A46  :   000000000000000000000000000001100000000011110110;
	3A47  :   000000000000000100000000000000110000000011110110;
	3A48  :   000000000000001000000000000001100000000011111001;
	3A49  :   000000000000000000000000000001000000000011111000;
	3A4A  :   000000000000001100000000000001000000000011110101;
	3A4B  :   111111111111111000000000000000100000000011111001;
	3A4C  :   111111111111110000000000000000010000000011110110;
	3A4D  :   000000000000000000000000000000110000000011111001;
	3A4E  :   111111111111110100000000000001010000000011110101;
	3A4F  :   111111111111111000000000000001010000000011110111;
	3A50  :   000000000000000100000000000000110000000011111000;
	3A51  :   111111111111100100000000000001100000000011111111;
	3A52  :   111111111111111100000000000000000000000011111001;
	3A53  :   000000000000000000000000000000100000000011110111;
	3A54  :   111111111111110000000000000000010000000011110111;
	3A55  :   111111111111111100000000000001000000000011110011;
	3A56  :   000000000000000000000000000000110000000011110101;
	3A57  :   111111111111111000000000000000110000000011111001;
	3A58  :   111111111111110100000000000000110000000011111000;
	3A59  :   111111111111111000000000000000100000000011111100;
	3A5A  :   111111111111111000000000000000110000000011111101;
	3A5B  :   000000000000000000000000000001000000000011110110;
	3A5C  :   111111111111110100000000000000100000000011110111;
	3A5D  :   111111111111110100000000000000010000000011110111;
	3A5E  :   111111111111110100000000000000100000000011111001;
	3A5F  :   111111111111111100000000000000000000000011111011;
	3A60  :   111111111111110100000000000001000000000011110100;
	3A61  :   111111111111110100000000000001010000000011110111;
	3A62  :   111111111111111000000000000000110000000011111000;
	3A63  :   000000000000000000000000000000110000000011111001;
	3A64  :   111111111111110000000000000001000000000011110110;
	3A65  :   000000000000000000000000000001000000000011110111;
	3A66  :   000000000000001000000000000000110000000011110110;
	3A67  :   111111111111111100000000000000100000000011111100;
	3A68  :   000000000000000100000000000001000000000011110111;
	3A69  :   000000000000000000000000000001100000000011111000;
	3A6A  :   000000000000000100000000000001010000000011110011;
	3A6B  :   111111111111110000000000000001000000000011110110;
	3A6C  :   111111111111110000000000000000110000000011111000;
	3A6D  :   000000000000000000000000000001010000000011110111;
	3A6E  :   111111111111101100000000000000100000000011110101;
	3A6F  :   111111111111111000000000000000110000000011111010;
	3A70  :   111111111111101100000000000000100000000011110110;
	3A71  :   111111111111111000000000000000010000000011111001;
	3A72  :   111111111111110100000000000000110000000011110000;
	3A73  :   000000000000000000000000000000100000000011110110;
	3A74  :   000000000000001000000000000001010000000011111010;
	3A75  :   000000000000000100000000000001000000000011110101;
	3A76  :   000000000000000100000000000001010000000011111001;
	3A77  :   000000000000000100000000000001010000000011110011;
	3A78  :   000000000000001100000000000000110000000011111001;
	3A79  :   000000000000000000000000000001010000000011111000;
	3A7A  :   111111111111111000000000000001100000000011111000;
	3A7B  :   000000000000000100000000000001000000000011111010;
	3A7C  :   000000000000000100000000000000100000000011110110;
	3A7D  :   000000000000000000000000000000110000000011110111;
	3A7E  :   000000000000000100000000000001000000000011111010;
	3A7F  :   000000000000000100000000000000010000000011111000;
	3A80  :   000000000000000000000000000000110000000011111111;
	3A81  :   111111111111101100000000000001000000000011110111;
	3A82  :   111111111111111000000000000001010000000011111001;
	3A83  :   000000000000000100000000000000010000000011110101;
	3A84  :   000000000000000000000000000001000000000011110110;
	3A85  :   111111111111111100000000000001010000000011111101;
	3A86  :   000000000000010000000000000000100000000011111011;
	3A87  :   111111111111110100000000000000010000000011111000;
	3A88  :   000000000000000000000000000000010000000011110110;
	3A89  :   111111111111110100000000000001010000000011110100;
	3A8A  :   000000000000000000000000000001010000000011110100;
	3A8B  :   000000000000000100000000000000010000000011111010;
	3A8C  :   000000000000000100000000000001000000000011110111;
	3A8D  :   111111111111111000000000000000100000000011111010;
	3A8E  :   000000000000000000000000000000010000000011110100;
	3A8F  :   000000000000000100000000000000100000000011110011;
	3A90  :   111111111111110100000000000000010000000011110011;
	3A91  :   111111111111111100000000000000110000000011111000;
	3A92  :   111111111111110100000000000000010000000011110111;
	3A93  :   111111111111111111111111111111110000000011110111;
	3A94  :   111111111111110100000000000000110000000011111010;
	3A95  :   111111111111110100000000000000100000000011110100;
	3A96  :   111111111111110000000000000000110000000011111001;
	3A97  :   000000000000000000000000000000010000000011111000;
	3A98  :   000000000000000000000000000001000000000011110101;
	3A99  :   000000000000000000000000000000000000000011110101;
	3A9A  :   111111111111111100000000000000010000000011111010;
	3A9B  :   111111111111110100000000000001100000000011110101;
	3A9C  :   000000000000000000000000000001000000000011110011;
	3A9D  :   111111111111101100000000000001010000000011111100;
	3A9E  :   111111111111101100000000000001000000000011111001;
	3A9F  :   000000000000000000000000000000100000000011111001;
	3AA0  :   111111111111111000000000000001000000000011111010;
	3AA1  :   000000000000000000000000000000000000000011110100;
	3AA2  :   000000000000000000000000000000110000000011111101;
	3AA3  :   111111111111110111111111111111110000000011110010;
	3AA4  :   111111111111111000000000000000100000000011111010;
	3AA5  :   111111111111111100000000000001000000000011111011;
	3AA6  :   000000000000000000000000000000110000000011111010;
	3AA7  :   000000000000000000000000000000100000000011110101;
	3AA8  :   000000000000000000000000000000100000000011111000;
	3AA9  :   000000000000001000000000000000100000000011110110;
	[3AAA..3AAB]  :   111111111111111100000000000000100000000011110100;
	3AAC  :   111111111111111100000000000001000000000011111101;
	3AAD  :   111111111111111100000000000000110000000011111011;
	3AAE  :   111111111111111000000000000001000000000011110111;
	3AAF  :   111111111111110000000000000000100000000011110110;
	3AB0  :   111111111111111100000000000000100000000011110110;
	3AB1  :   000000000000000000000000000000010000000011110011;
	3AB2  :   000000000000000100000000000001110000000011110110;
	3AB3  :   000000000000000000000000000000110000000011111100;
	3AB4  :   111111111111110100000000000000100000000011110011;
	3AB5  :   000000000000000000000000000000110000000011110110;
	3AB6  :   111111111111111100000000000001100000000011110101;
	3AB7  :   111111111111111100000000000001000000000011110101;
	3AB8  :   111111111111110100000000000001000000000011111011;
	3AB9  :   111111111111111100000000000000110000000011111001;
	3ABA  :   111111111111110100000000000000100000000011110110;
	3ABB  :   111111111111101100000000000001000000000011110110;
	3ABC  :   111111111111111000000000000000100000000011110100;
	3ABD  :   000000000000000000000000000001000000000011111000;
	3ABE  :   111111111111111000000000000001000000000011111000;
	3ABF  :   000000000000000100000000000000110000000011111001;
	3AC0  :   111111111111111100000000000000110000000011111000;
	3AC1  :   000000000000000000000000000000100000000011110100;
	3AC2  :   111111111111111100000000000001000000000011111011;
	3AC3  :   111111111111101100000000000000110000000011111010;
	3AC4  :   111111111111111000000000000000100000000011110111;
	3AC5  :   111111111111110000000000000000100000000011110111;
	3AC6  :   111111111111111000000000000000010000000011110111;
	3AC7  :   000000000000000000000000000000010000000011110101;
	3AC8  :   000000000000000100000000000000010000000011110100;
	3AC9  :   111111111111111100000000000000100000000011110100;
	3ACA  :   111111111111110000000000000000010000000011110110;
	3ACB  :   000000000000000000000000000000100000000011111000;
	3ACC  :   111111111111111000000000000001000000000011111000;
	3ACD  :   000000000000000100000000000001000000000011111001;
	3ACE  :   111111111111111100000000000000110000000011110111;
	3ACF  :   000000000000001100000000000000100000000011110101;
	3AD0  :   111111111111111000000000000000110000000011111010;
	3AD1  :   111111111111110100000000000001000000000011110101;
	3AD2  :   000000000000000100000000000001000000000011111000;
	3AD3  :   111111111111111000000000000000100000000011111011;
	3AD4  :   000000000000000100000000000001000000000011111011;
	3AD5  :   111111111111110000000000000001000000000011111000;
	3AD6  :   111111111111111000000000000000110000000011111000;
	3AD7  :   000000000000000100000000000000100000000011111010;
	3AD8  :   000000000000000100000000000001100000000011111001;
	3AD9  :   111111111111110100000000000001010000000011110111;
	3ADA  :   111111111111111100000000000010010000000011110110;
	3ADB  :   000000000000000000000000000000100000000011111000;
	3ADC  :   111111111111110000000000000000110000000011110101;
	3ADD  :   000000000000000100000000000001100000000011111001;
	3ADE  :   111111111111111000000000000000110000000011110001;
	3ADF  :   111111111111110100000000000001010000000011110011;
	3AE0  :   111111111111101100000000000001000000000011110110;
	3AE1  :   111111111111111000000000000000000000000011110111;
	3AE2  :   000000000000000000000000000001000000000011110111;
	3AE3  :   111111111111111100000000000000110000000011110111;
	3AE4  :   111111111111111100000000000000010000000011111010;
	3AE5  :   111111111111110000000000000000010000000011110110;
	3AE6  :   111111111111111000000000000000010000000011110011;
	3AE7  :   111111111111111000000000000000010000000011110111;
	3AE8  :   000000000000000000000000000000000000000011111010;
	3AE9  :   111111111111111000000000000001000000000011110110;
	3AEA  :   000000000000000000000000000000110000000011110101;
	3AEB  :   111111111111110000000000000000010000000011110111;
	3AEC  :   111111111111111000000000000001010000000011110100;
	3AED  :   000000000000000100000000000001000000000011111000;
	3AEE  :   111111111111110000000000000000110000000011110011;
	3AEF  :   000000000000000100000000000000100000000011110101;
	3AF0  :   000000000000000000000000000000110000000011110100;
	3AF1  :   000000000000001100000000000000010000000011111011;
	3AF2  :   111111111111111000000000000000110000000011110100;
	3AF3  :   111111111111111100000000000000110000000011110100;
	3AF4  :   000000000000001100000000000000110000000011110011;
	3AF5  :   111111111111110000000000000001010000000011110001;
	3AF6  :   111111111111111000000000000000110000000011110110;
	3AF7  :   000000000000000100000000000000010000000011111001;
	3AF8  :   000000000000000000000000000000110000000011110111;
	3AF9  :   111111111111111000000000000000100000000011110111;
	3AFA  :   111111111111111100000000000000110000000011111001;
	3AFB  :   111111111111110000000000000000110000000011110111;
	3AFC  :   000000000000000100000000000000110000000011110111;
	3AFD  :   111111111111110000000000000001000000000011110000;
	[3AFE..3AFF]  :   000000000000000000000000000001000000000011111001;
	3B00  :   000000000000000100000000000001010000000011110110;
	3B01  :   000000000000000100000000000001010000000011111001;
	3B02  :   000000000000000000000000000000000000000011111001;
	3B03  :   111111111111111100000000000000010000000011110110;
	3B04  :   111111111111111100000000000000100000000011110110;
	3B05  :   111111111111110100000000000000110000000100000001;
	3B06  :   111111111111111100000000000000000000000011111100;
	3B07  :   000000000000001000000000000000110000000011111100;
	3B08  :   000000000000000000000000000001010000000011111010;
	3B09  :   000000000000000000000000000000100000000011110101;
	3B0A  :   111111111111110100000000000000100000000011111000;
	3B0B  :   111111111111111000000000000000010000000011111000;
	3B0C  :   111111111111110000000000000001100000000011110111;
	3B0D  :   000000000000000000000000000001110000000011110110;
	3B0E  :   000000000000000000000000000000010000000011111011;
	3B0F  :   111111111111110000000000000001010000000011110110;
	3B10  :   111111111111110000000000000001100000000011110111;
	3B11  :   000000000000000100000000000000010000000011110101;
	3B12  :   111111111111110000000000000001010000000011111001;
	3B13  :   000000000000001000000000000001010000000011111000;
	3B14  :   000000000000001100000000000000010000000011111000;
	3B15  :   111111111111110000000000000001000000000011111001;
	3B16  :   111111111111110100000000000001000000000011111100;
	3B17  :   111111111111111100000000000001000000000011111001;
	3B18  :   000000000000001000000000000000100000000011111100;
	3B19  :   000000000000000000000000000000110000000011110100;
	3B1A  :   111111111111111000000000000000100000000011111000;
	3B1B  :   111111111111111100000000000000110000000011110101;
	3B1C  :   000000000000000000000000000000100000000011111000;
	3B1D  :   111111111111111000000000000000100000000011110111;
	3B1E  :   111111111111110000000000000000010000000011111000;
	3B1F  :   111111111111111100000000000000010000000011111001;
	3B20  :   111111111111111000000000000001000000000011111000;
	3B21  :   000000000000000000000000000000000000000011111000;
	3B22  :   000000000000000000000000000001000000000011111001;
	3B23  :   111111111111111000000000000001000000000011111000;
	3B24  :   111111111111110000000000000000100000000011111101;
	3B25  :   111111111111110100000000000000010000000011111001;
	3B26  :   111111111111110100000000000000110000000011110111;
	3B27  :   111111111111111100000000000000110000000011111101;
	3B28  :   000000000000000000000000000001000000000011110101;
	3B29  :   111111111111110100000000000000100000000011111010;
	3B2A  :   000000000000000100000000000000100000000011111010;
	3B2B  :   111111111111111000000000000000100000000011111011;
	3B2C  :   000000000000000000000000000000100000000011111011;
	3B2D  :   000000000000000000000000000000100000000011110110;
	3B2E  :   111111111111101100000000000000110000000011111001;
	3B2F  :   111111111111110100000000000000010000000011110001;
	3B30  :   000000000000000000000000000000100000000011110110;
	3B31  :   111111111111111100000000000001010000000011110110;
	3B32  :   111111111111111000000000000000010000000011110110;
	3B33  :   111111111111111100000000000001000000000011110110;
	3B34  :   000000000000001000000000000001000000000011111011;
	3B35  :   000000000000000100000000000000110000000011111100;
	3B36  :   111111111111111100000000000000110000000011111011;
	3B37  :   111111111111110000000000000000100000000011111101;
	3B38  :   000000000000000100000000000001000000000011111010;
	3B39  :   000000000000001000000000000000110000000011111010;
	3B3A  :   000000000000000000000000000000010000000011110100;
	3B3B  :   000000000000000100000000000000110000000011110111;
	3B3C  :   000000000000000100000000000001000000000011110101;
	3B3D  :   111111111111101100000000000000100000000011111010;
	3B3E  :   000000000000000000000000000000110000000011110110;
	3B3F  :   111111111111111000000000000001110000000011110101;
	3B40  :   111111111111110000000000000001010000000011110111;
	3B41  :   000000000000000000000000000000110000000011111010;
	3B42  :   111111111111111100000000000001000000000011111010;
	3B43  :   000000000000000000000000000000100000000011110100;
	3B44  :   111111111111110100000000000000010000000011111000;
	3B45  :   000000000000000100000000000000100000000011111000;
	3B46  :   000000000000000000000000000001010000000011110010;
	3B47  :   000000000000001000000000000001100000000011111010;
	3B48  :   111111111111111000000000000000110000000011110110;
	3B49  :   000000000000001100000000000001000000000011111010;
	3B4A  :   000000000000000000000000000000100000000011110111;
	3B4B  :   000000000000000000000000000000110000000011111000;
	3B4C  :   111111111111111100000000000000110000000011110111;
	3B4D  :   111111111111111100000000000001010000000011111111;
	3B4E  :   111111111111111000000000000000100000000100000010;
	3B4F  :   111111111111111100000000000000110000000011111011;
	3B50  :   000000000000000000000000000000100000000011110111;
	3B51  :   000000000000001100000000000001000000000011111011;
	3B52  :   111111111111111000000000000001000000000011111011;
	3B53  :   111111111111110100000000000000100000000011111000;
	3B54  :   111111111111111100000000000000100000000011110101;
	3B55  :   000000000000001000000000000000110000000011110010;
	3B56  :   000000000000000011111111111111110000000011110110;
	3B57  :   111111111111111011111111111111100000000011110110;
	3B58  :   000000000000000000000000000000010000000011110101;
	3B59  :   111111111111110000000000000001000000000011110110;
	3B5A  :   111111111111111000000000000000110000000011110100;
	3B5B  :   000000000000000000000000000001100000000011110011;
	3B5C  :   111111111111110100000000000001100000000011111010;
	3B5D  :   000000000000001000000000000000110000000011110110;
	3B5E  :   000000000000001000000000000001000000000011110110;
	3B5F  :   111111111111110100000000000000100000000011110111;
	3B60  :   111111111111111100000000000000010000000011110011;
	3B61  :   111111111111111111111111111111110000000011110111;
	3B62  :   111111111111111000000000000000100000000011111011;
	3B63  :   000000000000000000000000000001010000000011111011;
	3B64  :   000000000000000000000000000001100000000011111001;
	3B65  :   111111111111110100000000000001010000000011111001;
	3B66  :   000000000000000000000000000000100000000011110111;
	3B67  :   111111111111111000000000000000110000000011110110;
	3B68  :   000000000000001000000000000001000000000011111000;
	3B69  :   000000000000000000000000000001000000000011111010;
	3B6A  :   111111111111110100000000000000010000000011111000;
	3B6B  :   000000000000000000000000000000110000000011111010;
	3B6C  :   111111111111111100000000000000100000000011111000;
	3B6D  :   111111111111111100000000000000000000000011110110;
	3B6E  :   000000000000000000000000000001000000000011111001;
	3B6F  :   000000000000000100000000000000100000000011110111;
	3B70  :   111111111111111000000000000000110000000011110110;
	3B71  :   111111111111110100000000000000110000000011111001;
	3B72  :   111111111111101100000000000001000000000011110111;
	3B73  :   000000000000000100000000000001010000000011111011;
	3B74  :   000000000000000100000000000001000000000011111100;
	3B75  :   111111111111110000000000000000010000000011111100;
	3B76  :   111111111111111100000000000000110000000011110111;
	3B77  :   000000000000000100000000000000010000000011110010;
	3B78  :   000000000000000000000000000001100000000011110101;
	3B79  :   000000000000000000000000000000110000000011111010;
	3B7A  :   111111111111110100000000000001000000000011111011;
	3B7B  :   000000000000000000000000000000000000000011110110;
	3B7C  :   111111111111111000000000000001100000000011111001;
	3B7D  :   111111111111110000000000000001010000000011111011;
	3B7E  :   111111111111110000000000000000010000000011111000;
	3B7F  :   111111111111111100000000000000000000000011111000;
	3B80  :   111111111111110000000000000000100000000011111000;
	3B81  :   111111111111111100000000000001000000000011111100;
	3B82  :   111111111111101100000000000000110000000011111001;
	3B83  :   000000000000001100000000000001010000000011111001;
	3B84  :   111111111111111100000000000010000000000011111010;
	3B85  :   111111111111111000000000000000100000000011111010;
	3B86  :   111111111111111100000000000000110000000011110110;
	3B87  :   111111111111111100000000000001100000000011110011;
	3B88  :   000000000000000000000000000000010000000011110101;
	3B89  :   000000000000000000000000000000010000000011111000;
	3B8A  :   111111111111111000000000000000110000000011111010;
	3B8B  :   000000000000000000000000000001100000000011111010;
	3B8C  :   111111111111110000000000000001000000000011110110;
	3B8D  :   111111111111111100000000000000100000000011110110;
	3B8E  :   111111111111111000000000000000110000000011111000;
	3B8F  :   111111111111110100000000000001000000000011110011;
	3B90  :   111111111111111000000000000000100000000011110111;
	3B91  :   111111111111110100000000000000100000000011110111;
	3B92  :   000000000000000000000000000000000000000011110101;
	3B93  :   111111111111110000000000000000010000000011110110;
	3B94  :   000000000000000000000000000000100000000011110111;
	3B95  :   111111111111110100000000000000100000000011110110;
	3B96  :   000000000000000000000000000001010000000011110110;
	3B97  :   111111111111111100000000000001010000000011111010;
	3B98  :   000000000000001100000000000001000000000011110110;
	3B99  :   111111111111111000000000000001100000000011111010;
	3B9A  :   000000000000000000000000000001010000000011110011;
	3B9B  :   111111111111111000000000000000110000000011111001;
	3B9C  :   000000000000000100000000000001000000000011111110;
	3B9D  :   111111111111111100000000000000110000000011110100;
	3B9E  :   000000000000001000000000000001100000000011111100;
	3B9F  :   111111111111111000000000000000100000000011110111;
	3BA0  :   000000000000000100000000000000010000000011110110;
	3BA1  :   111111111111111000000000000001100000000011110001;
	3BA2  :   111111111111110100000000000000100000000011110110;
	3BA3  :   000000000000000111111111111111110000000011110110;
	3BA4  :   000000000000001100000000000000010000000011111010;
	3BA5  :   000000000000000000000000000000110000000011111010;
	3BA6  :   000000000000000000000000000001000000000011110111;
	3BA7  :   000000000000000000000000000000110000000011101111;
	3BA8  :   000000000000000000000000000000100000000011111010;
	3BA9  :   000000000000000100000000000010000000000011110101;
	3BAA  :   000000000000001000000000000001110000000011110111;
	3BAB  :   111111111111111100000000000001000000000011111001;
	3BAC  :   000000000000000000000000000001010000000011110101;
	3BAD  :   111111111111111000000000000000000000000011110011;
	3BAE  :   111111111111111000000000000001000000000011111001;
	3BAF  :   111111111111111100000000000000110000000011110001;
	3BB0  :   000000000000000100000000000001010000000011110111;
	3BB1  :   111111111111111100000000000000110000000011111001;
	3BB2  :   111111111111110000000000000000010000000011110101;
	3BB3  :   111111111111111000000000000000010000000011111011;
	3BB4  :   111111111111110000000000000000000000000011110100;
	3BB5  :   000000000000001000000000000001000000000011110100;
	3BB6  :   111111111111111100000000000001000000000011110010;
	3BB7  :   000000000000000100000000000000110000000011110101;
	3BB8  :   000000000000000000000000000000010000000011111001;
	3BB9  :   000000000000000100000000000000100000000011110000;
	3BBA  :   111111111111111100000000000001000000000011110111;
	3BBB  :   111111111111110000000000000000100000000011111011;
	3BBC  :   000000000000000100000000000000110000000011111001;
	3BBD  :   111111111111111100000000000001000000000011110101;
	3BBE  :   000000000000000100000000000000110000000011110111;
	3BBF  :   000000000000000000000000000000010000000011110100;
	3BC0  :   111111111111111100000000000000010000000011111010;
	3BC1  :   111111111111111000000000000000100000000011111010;
	3BC2  :   111111111111111100000000000001010000000011111010;
	3BC3  :   111111111111111000000000000000000000000011110010;
	3BC4  :   111111111111110100000000000000110000000011110110;
	3BC5  :   111111111111110100000000000000100000000011110001;
	3BC6  :   000000000000000100000000000000000000000011110001;
	3BC7  :   111111111111111100000000000000100000000011111000;
	3BC8  :   111111111111101000000000000000010000000011110100;
	3BC9  :   111111111111110100000000000000100000000011110111;
	3BCA  :   000000000000000100000000000000100000000011110110;
	3BCB  :   111111111111111000000000000001000000000011111000;
	3BCC  :   111111111111111000000000000000100000000011111010;
	3BCD  :   111111111111110000000000000000010000000011110110;
	3BCE  :   000000000000000000000000000000100000000011110111;
	3BCF  :   000000000000000000000000000000110000000011110110;
	3BD0  :   000000000000001000000000000000010000000011111000;
	3BD1  :   111111111111111100000000000000010000000011111101;
	3BD2  :   000000000000000000000000000000000000000011110011;
	3BD3  :   000000000000000000000000000001000000000011110111;
	3BD4  :   000000000000000011111111111111010000000011110110;
	3BD5  :   111111111111110100000000000000110000000011110101;
	3BD6  :   111111111111101100000000000000110000000011111011;
	3BD7  :   000000000000000000000000000000000000000011110101;
	3BD8  :   000000000000000100000000000001010000000011110100;
	3BD9  :   000000000000000100000000000000100000000011110111;
	3BDA  :   111111111111111100000000000001010000000011110100;
	3BDB  :   000000000000001000000000000000110000000011111010;
	3BDC  :   000000000000000000000000000001010000000011110110;
	3BDD  :   111111111111111100000000000000100000000011110110;
	3BDE  :   000000000000000100000000000001010000000011111100;
	3BDF  :   000000000000000000000000000000010000000011110101;
	3BE0  :   000000000000001000000000000000000000000011110111;
	3BE1  :   000000000000000000000000000000100000000011110111;
	3BE2  :   000000000000000000000000000000110000000011111001;
	3BE3  :   111111111111111000000000000000110000000011110111;
	3BE4  :   111111111111111000000000000001000000000011110100;
	3BE5  :   000000000000000000000000000000000000000011111101;
	3BE6  :   111111111111110100000000000001000000000011110101;
	3BE7  :   111111111111111100000000000000110000000011111000;
	3BE8  :   111111111111111000000000000000100000000011111001;
	3BE9  :   111111111111111100000000000000000000000011110111;
	3BEA  :   000000000000001100000000000001000000000011110110;
	3BEB  :   000000000000000000000000000001000000000011110110;
	3BEC  :   111111111111111100000000000001000000000011110111;
	3BED  :   111111111111110100000000000000110000000011111010;
	3BEE  :   000000000000000100000000000000110000000011110110;
	3BEF  :   000000000000000100000000000000100000000011111000;
	3BF0  :   000000000000000000000000000001000000000011110110;
	3BF1  :   000000000000000000000000000001000000000011111010;
	3BF2  :   000000000000001000000000000000000000000011111010;
	3BF3  :   000000000000000100000000000000110000000011110101;
	3BF4  :   000000000000001000000000000000010000000011110111;
	3BF5  :   000000000000000000000000000000110000000011110101;
	3BF6  :   111111111111110000000000000000100000000011111000;
	3BF7  :   111111111111111000000000000000100000000011110110;
	3BF8  :   111111111111111100000000000000000000000011110011;
	3BF9  :   111111111111110100000000000001010000000011110110;
	3BFA  :   111111111111111000000000000001000000000011110111;
	3BFB  :   000000000000000000000000000000110000000011111001;
	3BFC  :   111111111111110100000000000001000000000011111000;
	3BFD  :   111111111111110000000000000000010000000011110001;
	3BFE  :   000000000000000000000000000000100000000011111001;
	3BFF  :   000000000000000000000000000000100000000011110010;
	3C00  :   000000000000000100000000000000110000000011111001;
	3C01  :   000000000000000000000000000000100000000011110111;
	3C02  :   111111111111111000000000000000110000000011111001;
	3C03  :   000000000000001000000000000000100000000011110110;
	3C04  :   111111111111111000000000000000100000000011110100;
	3C05  :   000000000000000100000000000000010000000011110111;
	3C06  :   000000000000000000000000000001100000000011110111;
	3C07  :   000000000000000100000000000001000000000011111000;
	3C08  :   000000000000000100000000000001000000000011110011;
	3C09  :   000000000000000000000000000000110000000011111010;
	3C0A  :   111111111111100100000000000000100000000011111000;
	3C0B  :   000000000000000000000000000000100000000011111011;
	3C0C  :   111111111111111100000000000000110000000011110111;
	3C0D  :   111111111111110111111111111111100000000011111011;
	3C0E  :   000000000000000000000000000000110000000011110111;
	3C0F  :   111111111111111000000000000000010000000011111010;
	3C10  :   000000000000000100000000000000000000000011111000;
	3C11  :   000000000000000100000000000001000000000011110110;
	3C12  :   000000000000000000000000000000010000000011110101;
	3C13  :   111111111111111000000000000000100000000011110101;
	3C14  :   000000000000000000000000000001000000000011110111;
	3C15  :   000000000000000000000000000000010000000011110010;
	3C16  :   000000000000010000000000000000100000000011111001;
	3C17  :   111111111111111100000000000000000000000011110011;
	3C18  :   111111111111111000000000000000110000000011110101;
	3C19  :   000000000000000000000000000000110000000011110111;
	3C1A  :   111111111111111100000000000000100000000011111000;
	3C1B  :   111111111111110100000000000001000000000011110111;
	3C1C  :   111111111111101000000000000000110000000011110100;
	3C1D  :   000000000000000000000000000000100000000011110110;
	3C1E  :   000000000000001000000000000001000000000011110110;
	3C1F  :   111111111111110000000000000000100000000011110111;
	3C20  :   111111111111111000000000000000000000000011110111;
	3C21  :   111111111111111000000000000000110000000011111001;
	3C22  :   111111111111110000000000000000110000000011111001;
	3C23  :   111111111111111100000000000000100000000011110101;
	3C24  :   111111111111110000000000000000110000000011110101;
	3C25  :   111111111111110100000000000001010000000011111000;
	3C26  :   000000000000000000000000000000100000000011110111;
	3C27  :   000000000000000100000000000001000000000011111000;
	3C28  :   111111111111110100000000000000010000000011111000;
	3C29  :   111111111111111100000000000000110000000011111001;
	3C2A  :   000000000000000100000000000000010000000011111001;
	3C2B  :   111111111111111000000000000000010000000011110111;
	3C2C  :   000000000000000100000000000000100000000011110111;
	3C2D  :   000000000000000100000000000000110000000011110011;
	3C2E  :   111111111111111100000000000001010000000011110100;
	3C2F  :   111111111111111000000000000000110000000011110101;
	3C30  :   000000000000001000000000000000100000000011110110;
	3C31  :   000000000000000000000000000001000000000011111011;
	3C32  :   111111111111111100000000000000110000000011110111;
	3C33  :   000000000000000000000000000000100000000011110100;
	3C34  :   000000000000000111111111111111110000000011111001;
	3C35  :   000000000000000100000000000001000000000011111001;
	3C36  :   111111111111111111111111111111110000000011110111;
	3C37  :   000000000000000000000000000000100000000011110010;
	3C38  :   111111111111111000000000000001010000000011111011;
	3C39  :   000000000000000000000000000000000000000011111010;
	3C3A  :   111111111111110100000000000000100000000011110011;
	3C3B  :   111111111111101100000000000000100000000011110110;
	3C3C  :   000000000000001000000000000001100000000011111010;
	3C3D  :   111111111111111100000000000001100000000011111001;
	3C3E  :   111111111111110000000000000000110000000011110111;
	3C3F  :   111111111111110100000000000000110000000011110010;
	3C40  :   000000000000000000000000000000110000000011110111;
	3C41  :   111111111111111000000000000000110000000011110110;
	3C42  :   000000000000000000000000000000110000000011111010;
	3C43  :   000000000000000000000000000000110000000011110111;
	3C44  :   000000000000000100000000000000110000000011110111;
	3C45  :   111111111111110000000000000000010000000011110100;
	3C46  :   000000000000000100000000000000110000000011110100;
	3C47  :   000000000000000100000000000001000000000011111001;
	3C48  :   111111111111110100000000000000100000000011110110;
	3C49  :   000000000000000000000000000000110000000011111110;
	3C4A  :   111111111111111100000000000001110000000011111000;
	3C4B  :   111111111111111100000000000001000000000011110110;
	3C4C  :   000000000000000100000000000001000000000011110100;
	3C4D  :   111111111111111000000000000000110000000011110100;
	3C4E  :   111111111111111000000000000000100000000011111010;
	3C4F  :   111111111111111000000000000000100000000011111011;
	3C50  :   111111111111111100000000000000110000000011110101;
	3C51  :   111111111111110100000000000000100000000011110110;
	3C52  :   111111111111101100000000000000010000000011110100;
	3C53  :   111111111111110000000000000001010000000011111000;
	3C54  :   111111111111111100000000000000010000000011111000;
	3C55  :   000000000000000100000000000000100000000011111010;
	3C56  :   111111111111101100000000000000100000000011111001;
	3C57  :   111111111111111000000000000000100000000011111000;
	3C58  :   000000000000000000000000000000100000000011110011;
	3C59  :   111111111111110100000000000001000000000011110101;
	3C5A  :   000000000000000000000000000000110000000011110111;
	3C5B  :   000000000000000000000000000000100000000011111001;
	3C5C  :   000000000000001000000000000000110000000011110110;
	3C5D  :   000000000000001000000000000000110000000011110010;
	3C5E  :   111111111111110100000000000000000000000011111001;
	3C5F  :   111111111111111000000000000001000000000011111000;
	3C60  :   111111111111111000000000000000100000000011110100;
	3C61  :   000000000000000100000000000000010000000011110100;
	3C62  :   111111111111111000000000000000000000000011111000;
	3C63  :   111111111111111100000000000001000000000011111011;
	3C64  :   111111111111111100000000000001000000000011111000;
	3C65  :   111111111111111011111111111111110000000011111010;
	3C66  :   000000000000000000000000000000010000000011111100;
	3C67  :   111111111111111100000000000000010000000011110101;
	3C68  :   111111111111110100000000000000100000000011111000;
	3C69  :   000000000000000000000000000000010000000011111100;
	3C6A  :   000000000000000100000000000001010000000011110011;
	3C6B  :   000000000000000000000000000001000000000011111000;
	3C6C  :   000000000000000000000000000000100000000011110101;
	3C6D  :   111111111111100100000000000001100000000011111010;
	3C6E  :   111111111111111100000000000000100000000011111000;
	3C6F  :   111111111111111100000000000000110000000011110101;
	3C70  :   000000000000000100000000000000100000000011111001;
	3C71  :   111111111111111000000000000000100000000011111001;
	3C72  :   111111111111110100000000000000100000000011110101;
	3C73  :   000000000000000000000000000000100000000011111001;
	3C74  :   000000000000000100000000000000010000000011111001;
	3C75  :   000000000000001000000000000000110000000011111010;
	3C76  :   000000000000000100000000000000110000000011111001;
	3C77  :   111111111111110100000000000000100000000011110100;
	3C78  :   111111111111111100000000000000110000000011110100;
	3C79  :   000000000000000000000000000000110000000011111000;
	3C7A  :   000000000000000000000000000000100000000011111000;
	3C7B  :   111111111111111100000000000000010000000011110111;
	3C7C  :   111111111111111100000000000000010000000011110011;
	3C7D  :   111111111111101100000000000000100000000011111001;
	3C7E  :   111111111111101100000000000000100000000011110110;
	3C7F  :   000000000000000100000000000000010000000011110100;
	3C80  :   111111111111110100000000000000000000000011111001;
	3C81  :   000000000000000000000000000001000000000011111000;
	3C82  :   111111111111111100000000000000010000000011111010;
	3C83  :   111111111111110000000000000001010000000011110100;
	3C84  :   111111111111111000000000000000100000000011111010;
	3C85  :   000000000000000000000000000000100000000011110110;
	3C86  :   111111111111111100000000000001000000000011111100;
	3C87  :   111111111111110000000000000000010000000011110101;
	3C88  :   000000000000000000000000000001000000000011110011;
	3C89  :   000000000000000000000000000001010000000011111010;
	3C8A  :   000000000000000100000000000000110000000011111010;
	3C8B  :   111111111111111000000000000000110000000011111000;
	3C8C  :   111111111111111000000000000000100000000011110010;
	3C8D  :   111111111111111100000000000000100000000011111000;
	3C8E  :   111111111111101000000000000001100000000011110101;
	3C8F  :   111111111111111100000000000001000000000011111000;
	3C90  :   111111111111111100000000000000110000000011110111;
	3C91  :   000000000000000000000000000000100000000011111001;
	3C92  :   111111111111111000000000000000100000000011110010;
	3C93  :   111111111111111100000000000000100000000011110010;
	3C94  :   111111111111111000000000000001010000000011110111;
	3C95  :   111111111111111100000000000000110000000011110101;
	3C96  :   111111111111111000000000000000100000000011110100;
	3C97  :   000000000000000000000000000000110000000011110110;
	3C98  :   000000000000000000000000000000110000000011110111;
	3C99  :   111111111111111111111111111111110000000011110101;
	3C9A  :   111111111111111000000000000000100000000011111010;
	3C9B  :   000000000000001000000000000000100000000011110111;
	3C9C  :   000000000000000000000000000000100000000011110111;
	3C9D  :   111111111111111000000000000000110000000011111001;
	3C9E  :   111111111111100100000000000000100000000011110101;
	3C9F  :   111111111111111000000000000000110000000011111000;
	3CA0  :   111111111111111000000000000001000000000011110111;
	3CA1  :   000000000000000100000000000000100000000011111100;
	3CA2  :   000000000000000100000000000001000000000011110110;
	3CA3  :   000000000000000100000000000000100000000011110101;
	3CA4  :   111111111111110100000000000000100000000011110011;
	3CA5  :   111111111111110100000000000000100000000011111001;
	3CA6  :   000000000000000100000000000000010000000011111010;
	3CA7  :   111111111111111100000000000001000000000011111000;
	3CA8  :   111111111111110000000000000000110000000011111010;
	3CA9  :   000000000000000100000000000001000000000011110101;
	3CAA  :   111111111111110100000000000000110000000011111001;
	3CAB  :   111111111111111100000000000001110000000011111101;
	3CAC  :   111111111111111000000000000000010000000011110110;
	3CAD  :   111111111111111100000000000001010000000011110000;
	3CAE  :   000000000000000000000000000000100000000011110110;
	3CAF  :   111111111111110100000000000001000000000011111010;
	3CB0  :   111111111111111100000000000000010000000011111000;
	[3CB1..3CB2]  :   111111111111110000000000000001000000000011110111;
	3CB3  :   111111111111111000000000000000100000000011110110;
	3CB4  :   000000000000000000000000000000110000000011110101;
	3CB5  :   111111111111110100000000000000100000000011110111;
	3CB6  :   111111111111110100000000000000100000000011110110;
	3CB7  :   000000000000000000000000000000100000000011110110;
	3CB8  :   000000000000000000000000000000110000000011110010;
	3CB9  :   111111111111111000000000000000000000000011111100;
	3CBA  :   111111111111111100000000000000010000000011110011;
	3CBB  :   111111111111111000000000000000100000000011110110;
	3CBC  :   000000000000000100000000000001010000000011110011;
	3CBD  :   000000000000000100000000000000010000000011111010;
	3CBE  :   000000000000000000000000000010000000000011110111;
	3CBF  :   111111111111111000000000000000100000000011111001;
	3CC0  :   000000000000000100000000000001000000000011111010;
	3CC1  :   000000000000000000000000000001000000000011111010;
	3CC2  :   111111111111110100000000000000010000000011110110;
	3CC3  :   000000000000000000000000000001100000000011111001;
	3CC4  :   111111111111111100000000000000100000000011110011;
	3CC5  :   111111111111111100000000000001010000000011111010;
	3CC6  :   111111111111111100000000000001000000000011110101;
	3CC7  :   111111111111110100000000000001010000000011111010;
	3CC8  :   000000000000001100000000000001000000000011111001;
	3CC9  :   111111111111110000000000000001000000000011111010;
	3CCA  :   111111111111101100000000000001000000000011110111;
	3CCB  :   111111111111111111111111111111000000000011110001;
	3CCC  :   111111111111101100000000000000000000000011111010;
	3CCD  :   111111111111111000000000000000100000000011111010;
	3CCE  :   111111111111111100000000000000100000000011110101;
	3CCF  :   111111111111110100000000000001100000000011111000;
	3CD0  :   111111111111111000000000000001000000000011110101;
	3CD1  :   000000000000010000000000000000100000000011111011;
	3CD2  :   111111111111111000000000000000100000000011111011;
	3CD3  :   000000000000000100000000000001100000000011110101;
	3CD4  :   111111111111111100000000000001010000000011110111;
	3CD5  :   111111111111110000000000000000110000000011110110;
	3CD6  :   111111111111110100000000000001010000000011111000;
	3CD7  :   111111111111111100000000000001100000000011111010;
	3CD8  :   000000000000000100000000000000110000000011110011;
	3CD9  :   000000000000000100000000000000110000000011110100;
	3CDA  :   111111111111110100000000000000100000000011110111;
	3CDB  :   111111111111110000000000000000100000000011110111;
	3CDC  :   111111111111111000000000000001100000000011110011;
	3CDD  :   000000000000011011111111110111110000000011110110;
	3CDE  :   111111110110011000000000011001001111111110001010;
	3CDF  :   111111111101011011111111111111000000010010110010;
	3CE0  :   111111111110101000000000000010101111111111001010;
	3CE1  :   111111111011000000000000100101000000000001111111;
	3CE2  :   000000000010100011111111101100010000000101001000;
	3CE3  :   000000000001111011111111110010010000000011000011;
	3CE4  :   000000000000011011111111110100000000000010100110;
	3CE5  :   000000000000101011111111111100100000000101100001;
	3CE6  :   000000000000000011111111111111010000000011001100;
	3CE7  :   111111111111111000000000000001010000000010110000;
	3CE8  :   000000000000000000000000000010010000000100000010;
	3CE9  :   111111111111011000000000000100110000000100100010;
	3CEA  :   000000000000000000000000000011000000000011101101;
	3CEB  :   111111111111100011111111111110010000000011010101;
	3CEC  :   111111111111111100000000000000000000000100010010;
	3CED  :   111111111111110100000000000001100000000011101011;
	3CEE  :   111111111111111100000000000001010000000011111000;
	3CEF  :   111111111111111100000000000000010000000100001011;
	3CF0  :   111111111111100100000000000001000000000011100111;
	3CF1  :   111111111111011000000000000000010000000011111100;
	3CF2  :   111111111111000011111111111110000000000100000000;
	3CF3  :   111111111111000111111111111110010000000011110110;
	3CF4  :   111111111111000011111111111111010000000011101110;
	3CF5  :   000000000000100100000000000010100000000011101100;
	3CF6  :   000000000001010100000000000100000000000100000001;
	3CF7  :   000000000000100000000000000011010000000100000011;
	3CF8  :   000000000000000100000000000001010000000011100000;
	3CF9  :   000000000000001100000000000000110000000011101110;
	3CFA  :   000000000000001100000000000000100000000100000000;
	3CFB  :   000000000000000000000000000001010000000011110110;
	3CFC  :   000000000000000100000000000001100000000011101001;
	3CFD  :   111111111111111000000000000001100000000011111111;
	3CFE  :   000000000000001100000000000000110000000100000000;
	3CFF  :   111111111111110100000000000000110000000011101010;
	3D00  :   111111111111111100000000000001000000000011111000;
	3D01  :   111111111111110000000000000000110000000011111111;
	3D02  :   111111111111101100000000000000110000000011110100;
	3D03  :   000000000000000000000000000001110000000011101111;
	3D04  :   111111111111111000000000000000000000000100000010;
	3D05  :   000000000000000000000000000000100000000100000001;
	3D06  :   111111111111111100000000000000110000000011110010;
	3D07  :   111111111111110100000000000000010000000011111010;
	3D08  :   111111111111110111111111111111110000000100000001;
	3D09  :   111111111111111100000000000000110000000011110010;
	3D0A  :   000000000000000011111111111111110000000011110010;
	3D0B  :   111111111111110100000000000000010000000011111101;
	3D0C  :   000000000000000100000000000000010000000011110111;
	3D0D  :   111111111111111100000000000001010000000011110001;
	3D0E  :   111111111111111100000000000000010000000011110111;
	3D0F  :   111111111111111000000000000000100000000011111111;
	3D10  :   000000000000000000000000000001100000000011101111;
	3D11  :   111111111111101100000000000001010000000011110111;
	3D12  :   000000000000001100000000000000100000000011111010;
	3D13  :   111111111111101100000000000000100000000011110100;
	3D14  :   111111111111111100000000000001000000000011101101;
	3D15  :   111111111111111111111111111111110000000011111101;
	3D16  :   000000000000000000000000000000100000000011111001;
	3D17  :   111111111111111100000000000001000000000011101111;
	3D18  :   000000000000000000000000000000110000000011111001;
	3D19  :   111111111111101100000000000001010000000100000000;
	3D1A  :   111111111111101100000000000001010000000011110000;
	3D1B  :   111111111111110000000000000000110000000011111001;
	3D1C  :   000000000000000100000000000001000000000100000001;
	3D1D  :   000000000000000100000000000000110000000011110111;
	3D1E  :   111111111111111100000000000000110000000011110010;
	3D1F  :   111111111111110100000000000001010000000011111010;
	3D20  :   000000000000000000000000000000010000000011111001;
	3D21  :   111111111111111000000000000000100000000011101110;
	3D22  :   111111111111111100000000000000100000000011111000;
	3D23  :   111111111111101100000000000000100000000011111100;
	3D24  :   000000000000000000000000000001010000000011111011;
	3D25  :   111111111111110000000000000001000000000011110001;
	3D26  :   000000000000001000000000000000110000000011111010;
	3D27  :   000000000000001100000000000001010000000011110111;
	3D28  :   111111111111110100000000000000100000000011110100;
	3D29  :   111111111111111000000000000000110000000011110101;
	3D2A  :   111111111111111000000000000000010000000011111010;
	3D2B  :   000000000001110011111111101110110000000010010100;
	3D2C  :   111111110111110100000000011100010000000001100001;
	3D2D  :   111111111111111111111111111010100000001101111101;
	3D2E  :   111111111110100100000000001100101111111110011100;
	3D2F  :   111111111111001111111111101110010000001001110011;
	3D30  :   000000000010101111111111111110000000000001010111;
	3D31  :   000000000001100100000000000100001111111111001011;
	3D32  :   000000000000011000000000000100010000000110011001;
	3D33  :   111111111111010011111111111010100000000100010101;
	3D34  :   111111111111001111111111111110110000000100001011;
	3D35  :   111111111111000011111111111100010000000100001100;
	3D36  :   000000000000011100000000000101100000000010110101;
	3D37  :   000000000000000000000000000000100000000100010101;
	3D38  :   111111111111110011111111111101000000000100011110;
	3D39  :   000000000000100000000000000101000000000100011100;
	3D3A  :   111111111111110000000000000001010000000011011111;
	3D3B  :   111111111111101111111111111111000000000100011010;
	3D3C  :   000000000000000000000000000000000000000011111100;
	3D3D  :   000000000000001000000000000010000000000011001110;
	3D3E  :   111111111111111011111111111111100000000100011010;
	3D3F  :   111111111111110000000000000000110000000100001110;
	3D40  :   111111111111111100000000000010000000000011010011;
	3D41  :   111111111111111000000000000000000000000011111100;
	3D42  :   000000000000000100000000000000000000000100010001;
	3D43  :   111111111111111100000000000010000000000011100100;
	3D44  :   000000000000001000000000000010100000000011101010;
	3D45  :   000000000000000000000000000000100000000100000110;
	3D46  :   000000000000000000000000000000010000000011110101;
	3D47  :   111111111111110100000000000001010000000011100110;
	3D48  :   111111111111110100000000000000000000000011111011;
	3D49  :   111111111111111100000000000001000000000011111111;
	3D4A  :   111111111111111100000000000001000000000011101010;
	3D4B  :   111111111111110000000000000001000000000011111100;
	3D4C  :   111111111111110000000000000000110000000011111111;
	3D4D  :   111111111111111100000000000000110000000011110100;
	3D4E  :   111111111111111100000000000001000000000100000011;
	3D4F  :   111111111111111100000000000001000000000011111000;
	3D50  :   000000000000000000000000000001100000000011110001;
	3D51  :   111111111111111100000000000000100000000011111100;
	3D52  :   111111111111111100000000000000100000000011110111;
	3D53  :   000000000000001000000000000000100000000011111000;
	3D54  :   111111111111110100000000000000010000000011111011;
	3D55  :   111111111111101100000000000000010000000011111011;
	3D56  :   000000000000000000000000000000010000000011110101;
	3D57  :   000000000000000100000000000000010000000011111101;
	3D58  :   111111111111111000000000000000010000000011110111;
	3D59  :   111111111111110100000000000000000000000011110110;
	3D5A  :   000000000000000000000000000000110000000011111011;
	3D5B  :   111111111111100100000000000001000000000011111000;
	3D5C  :   111111111111110100000000000000010000000011110100;
	3D5D  :   111111111111110000000000000000100000000011111001;
	3D5E  :   000000000000000000000000000000100000000011111000;
	3D5F  :   111111111111101000000000000000010000000011110111;
	3D60  :   111111111111111000000000000001010000000011110110;
	3D61  :   111111111111111000000000000001100000000011110111;
	3D62  :   000000000000000111111111111111110000000011110101;
	3D63  :   111111111111111000000000000000110000000011110011;
	3D64  :   111111111111111000000000000000100000000100000000;
	3D65  :   111111111111111000000000000000100000000011110111;
	3D66  :   111111111111111000000000000001000000000011111000;
	3D67  :   111111111111110000000000000000110000000011111011;
	3D68  :   000000000000000000000000000000100000000011111010;
	3D69  :   000000000000000000000000000000010000000011111010;
	3D6A  :   111111111111111000000000000000100000000011111001;
	3D6B  :   111111111111111100000000000000010000000011111001;
	3D6C  :   111111111111111000000000000001000000000011110100;
	3D6D  :   000000000000000000000000000000010000000011110110;
	3D6E  :   111111111111111000000000000001000000000011110110;
	3D6F  :   000000000000001000000000000001010000000011111100;
	3D70  :   111111111111110100000000000000010000000011111010;
	3D71  :   000000000000000100000000000000100000000011110111;
	3D72  :   111111111111110100000000000001000000000011110100;
	3D73  :   000000000000000011111111111111110000000011111000;
	3D74  :   111111111111111100000000000000110000000011110110;
	3D75  :   111111111111110100000000000000100000000011111100;
	3D76  :   111111111111111100000000000000000000000011111001;
	3D77  :   000000000000010000000000000000100000000011110011;
	3D78  :   111111111111111000000000000000110000000011111010;
	3D79  :   000000000000000000000000000000110000000011111100;
	3D7A  :   000000000000001000000000000000100000000011110101;
	3D7B  :   000000000000000100000000000001100000000011111000;
	3D7C  :   000000000000000100000000000001010000000011111010;
	3D7D  :   000000000000000000000000000001000000000011110111;
	3D7E  :   000000000000000100000000000001100000000011111001;
	3D7F  :   000000000000000000000000000001000000000011110011;
	3D80  :   111111111111111100000000000000100000000011111011;
	3D81  :   000000000000000100000000000000100000000011111001;
	3D82  :   111111111111110000000000000000100000000011111001;
	3D83  :   000000000000000100000000000000100000000011111100;
	3D84  :   111111111111111100000000000000110000000011111010;
	3D85  :   111111111111111100000000000001000000000011111010;
	3D86  :   000000000000001100000000000000100000000011110100;
	3D87  :   111111111111110100000000000000110000000011111011;
	3D88  :   111111111111110100000000000000100000000011111000;
	3D89  :   111111111111111100000000000001000000000011111011;
	3D8A  :   111111111111101000000000000000110000000011110111;
	3D8B  :   000000000000000000000000000001000000000011110100;
	3D8C  :   111111111111110100000000000001100000000011110101;
	3D8D  :   000000000000000100000000000000100000000011110111;
	3D8E  :   000000000000000000000000000000110000000011110100;
	3D8F  :   111111111111110100000000000001000000000011110110;
	3D90  :   111111111111110000000000000001010000000011111110;
	3D91  :   000000000000000000000000000000110000000011110110;
	3D92  :   000000000000000100000000000000110000000011110100;
	3D93  :   111111111111111100000000000000110000000011110101;
	3D94  :   111111111111111100000000000001000000000011111000;
	3D95  :   111111111111111000000000000001000000000011110111;
	3D96  :   111111111111111100000000000001000000000011110001;
	3D97  :   000000000000000000000000000000100000000011111100;
	3D98  :   000000000000000000000000000000110000000011111011;
	3D99  :   111111111111111100000000000000100000000011111011;
	3D9A  :   111111111111111000000000000001000000000011111001;
	3D9B  :   111111111111111100000000000001010000000011110110;
	3D9C  :   000000000000000000000000000000100000000011110100;
	3D9D  :   000000000000000000000000000000100000000011111001;
	3D9E  :   000000000000000000000000000001100000000011111000;
	3D9F  :   000000000000000100000000000001010000000011111010;
	3DA0  :   000000000000000000000000000000110000000011101111;
	3DA1  :   000000000000000100000000000000000000000011110111;
	3DA2  :   111111111111111100000000000000100000000011111001;
	3DA3  :   111111111111111100000000000001000000000011111010;
	3DA4  :   000000000000000100000000000000110000000011110101;
	3DA5  :   111111111111101100000000000001010000000011110110;
	3DA6  :   000000000000000100000000000001010000000011110100;
	3DA7  :   000000000000001000000000000000110000000011111100;
	3DA8  :   111111111111111000000000000000110000000011110101;
	3DA9  :   111111111111111100000000000001000000000011111101;
	3DAA  :   111111111111111100000000000001000000000011111000;
	3DAB  :   111111111111111000000000000000000000000011110100;
	3DAC  :   000000000000000100000000000000010000000011110111;
	3DAD  :   000000000000000100000000000000100000000011110010;
	3DAE  :   111111111111110000000000000001000000000011111011;
	3DAF  :   111111111111110100000000000000110000000011110111;
	3DB0  :   111111111111111000000000000001000000000011110101;
	3DB1  :   000000000000000000000000000000100000000011111010;
	3DB2  :   111111111111111000000000000001100000000011110111;
	3DB3  :   111111111111110000000000000000110000000011111100;
	3DB4  :   000000000000000100000000000000010000000011111000;
	3DB5  :   111111111111110100000000000001000000000011110101;
	3DB6  :   111111111111111100000000000000010000000011111010;
	3DB7  :   111111111111111100000000000000000000000011111000;
	3DB8  :   000000000000000000000000000000110000000011110110;
	3DB9  :   000000000000000000000000000001010000000011111000;
	3DBA  :   000000000000000100000000000000110000000011110101;
	3DBB  :   000000000000000000000000000000110000000011111010;
	3DBC  :   111111111111110000000000000000010000000011111101;
	3DBD  :   111111111111111111111111111111110000000011111000;
	3DBE  :   111111111111111000000000000000010000000011111010;
	3DBF  :   111111111111111100000000000000110000000011110110;
	3DC0  :   000000000000001000000000000000100000000011111000;
	3DC1  :   000000000000000000000000000000010000000011110111;
	3DC2  :   111111111111111100000000000001100000000011110101;
	3DC3  :   111111111111110000000000000001000000000011110101;
	3DC4  :   111111111111101000000000000000110000000011111001;
	3DC5  :   111111111111111000000000000000110000000011110111;
	3DC6  :   111111111111111100000000000001000000000011111011;
	3DC7  :   111111111111110100000000000000110000000011110110;
	3DC8  :   000000000000000100000000000001000000000011110111;
	3DC9  :   000000000000010000000000000000010000000011110110;
	3DCA  :   111111111111111100000000000000100000000011110101;
	3DCB  :   111111111111110100000000000000100000000011110101;
	3DCC  :   111111111111111100000000000001100000000011110110;
	3DCD  :   000000000000000000000000000000000000000011111001;
	3DCE  :   111111111111111100000000000000010000000011110111;
	3DCF  :   000000000000000000000000000000000000000011111011;
	3DD0  :   111111111111111100000000000000100000000011110111;
	3DD1  :   111111111111110100000000000001010000000011111001;
	3DD2  :   111111111111111000000000000001000000000011110111;
	3DD3  :   000000000000001000000000000000110000000011111011;
	3DD4  :   111111111111110000000000000000000000000011110100;
	3DD5  :   111111111111111000000000000000010000000011110101;
	3DD6  :   000000000000000100000000000001000000000011110110;
	3DD7  :   000000000000001000000000000000100000000011111010;
	3DD8  :   000000000000001000000000000000010000000011110001;
	3DD9  :   111111111111110100000000000001100000000011111001;
	3DDA  :   111111111111110100000000000000010000000011110110;
	3DDB  :   111111111111111000000000000000110000000011110100;
	3DDC  :   111111111111111000000000000000110000000011111001;
	3DDD  :   111111111111111100000000000000110000000011111010;
	3DDE  :   111111111111110000000000000001010000000011110111;
	3DDF  :   000000000000000000000000000000100000000011110111;
	3DE0  :   000000000000000000000000000001010000000011110011;
	3DE1  :   111111111111110100000000000001000000000011111010;
	3DE2  :   111111111111111000000000000000100000000011110111;
	3DE3  :   111111111111111000000000000000100000000011111001;
	3DE4  :   000000000000000000000000000000100000000011111001;
	3DE5  :   000000000000000100000000000001000000000011111000;
	3DE6  :   000000000000000000000000000000110000000011110100;
	3DE7  :   111111111111111100000000000000110000000011110101;
	3DE8  :   000000000000000000000000000001000000000011110100;
	3DE9  :   111111111111101100000000000001000000000011110111;
	3DEA  :   000000000000000000000000000001010000000011110110;
	3DEB  :   111111111111111100000000000000100000000011111100;
	3DEC  :   111111111111111000000000000001000000000011110111;
	3DED  :   000000000000000000000000000000000000000011111101;
	3DEE  :   111111111111100000000000000001010000000011111010;
	3DEF  :   111111111111111100000000000000000000000011110111;
	3DF0  :   000000000000000000000000000001000000000011110101;
	3DF1  :   111111111111110100000000000001000000000011111001;
	3DF2  :   000000000000000000000000000000110000000011111010;
	3DF3  :   000000000000000100000000000001000000000011111010;
	3DF4  :   111111111111111100000000000000010000000011110111;
	3DF5  :   111111111111111100000000000000000000000011110101;
	3DF6  :   111111111111111100000000000001000000000011111010;
	3DF7  :   000000000000000100000000000000100000000011111011;
	3DF8  :   111111111111111000000000000000010000000011110100;
	3DF9  :   000000000000000000000000000000110000000011110001;
	3DFA  :   000000000000001000000000000001000000000011111100;
	3DFB  :   111111111111111000000000000000100000000011111010;
	3DFC  :   111111111111111000000000000001000000000011111010;
	3DFD  :   111111111111111000000000000000110000000011111001;
	3DFE  :   000000000000000100000000000000110000000011111010;
	3DFF  :   000000000000000100000000000000100000000011110111;
	3E00  :   111111111111111100000000000000110000000011111000;
	3E01  :   111111111111111100000000000001000000000011110110;
	3E02  :   000000000000000000000000000001010000000011110101;
	3E03  :   111111111111110100000000000000000000000011110101;
	3E04  :   111111111111110100000000000001010000000011110111;
	3E05  :   000000000000000000000000000000100000000011111001;
	3E06  :   000000000000000100000000000000110000000011111110;
	3E07  :   000000000000000000000000000000100000000011110101;
	3E08  :   111111111111110100000000000010000000000011111000;
	3E09  :   111111111111110000000000000001100000000011111011;
	3E0A  :   111111111111111100000000000001010000000011111000;
	3E0B  :   111111111111110100000000000000110000000011111000;
	3E0C  :   111111111111110000000000000000100000000011110110;
	3E0D  :   111111111111110100000000000001100000000011110111;
	3E0E  :   000000000000000000000000000001000000000011111011;
	3E0F  :   111111111111111100000000000000110000000011110100;
	3E10  :   111111111111110100000000000000110000000011110110;
	3E11  :   111111111111110100000000000001100000000011111001;
	3E12  :   000000000000000100000000000000110000000011111000;
	3E13  :   000000000000000100000000000000100000000011111100;
	3E14  :   111111111111111000000000000000100000000011110101;
	3E15  :   111111111111111000000000000000110000000011111000;
	3E16  :   111111111111110100000000000000100000000011111001;
	3E17  :   000000000000000000000000000001000000000011111011;
	3E18  :   111111111111110000000000000000110000000011110100;
	3E19  :   000000000000000000000000000001010000000011111000;
	3E1A  :   111111111111110100000000000000100000000011110100;
	3E1B  :   111111111111101000000000000000110000000011111001;
	3E1C  :   000000000000000000000000000000010000000011111100;
	3E1D  :   000000000000000000000000000001100000000011110110;
	3E1E  :   111111111111111000000000000001000000000011110010;
	3E1F  :   111111111111110100000000000000100000000011110110;
	3E20  :   111111111111110100000000000000100000000011110111;
	3E21  :   111111111111111000000000000001000000000011110101;
	3E22  :   000000000000000000000000000000110000000011111000;
	3E23  :   111111111111111100000000000000010000000011110111;
	3E24  :   111111111111111000000000000001000000000011111011;
	3E25  :   111111111111110100000000000000110000000011110100;
	3E26  :   000000000000000000000000000000110000000011111001;
	3E27  :   111111111111110000000000000000110000000011111000;
	3E28  :   000000000000001000000000000000110000000011110111;
	3E29  :   111111111111111100000000000001000000000011111100;
	3E2A  :   000000000000001000000000000000110000000011111011;
	3E2B  :   111111111111110100000000000001000000000011110110;
	3E2C  :   000000000000000000000000000001100000000011111000;
	3E2D  :   111111111111111000000000000001000000000011111000;
	3E2E  :   000000000000000000000000000000000000000011111011;
	3E2F  :   111111111111101100000000000001000000000011110110;
	3E30  :   111111111111111000000000000000010000000011111011;
	3E31  :   000000000000000000000000000000100000000011111000;
	3E32  :   111111111111111000000000000001010000000011111011;
	3E33  :   111111111111111100000000000000100000000011110111;
	3E34  :   111111111111111000000000000000110000000011111000;
	3E35  :   111111111111110100000000000000110000000011111001;
	3E36  :   000000000000000000000000000001010000000011110100;
	3E37  :   111111111111111100000000000000110000000011110101;
	3E38  :   000000000000000000000000000000110000000011110101;
	3E39  :   111111111111101000000000000001100000000011110100;
	3E3A  :   000000000000000100000000000000110000000011111010;
	3E3B  :   000000000000000000000000000001010000000011110101;
	3E3C  :   111111111111111100000000000000100000000011110111;
	3E3D  :   111111111111101100000000000001100000000011110111;
	3E3E  :   000000000000000100000000000000110000000011110111;
	3E3F  :   111111111111110100000000000000010000000011111011;
	3E40  :   000000000000000100000000000000000000000011111010;
	3E41  :   000000000000000000000000000000110000000011110011;
	3E42  :   111111111111111000000000000001000000000011110101;
	3E43  :   000000000000001000000000000001000000000011110111;
	3E44  :   000000000000000100000000000001000000000011111011;
	3E45  :   111111111111110100000000000001000000000011110100;
	3E46  :   111111111111111000000000000001100000000011110101;
	3E47  :   111111111111111100000000000001000000000011111001;
	3E48  :   111111111111111100000000000000100000000011110110;
	3E49  :   111111111111110100000000000000100000000011110101;
	3E4A  :   000000000000000100000000000000000000000011110011;
	3E4B  :   000000000000000100000000000000010000000011110100;
	3E4C  :   111111111111110000000000000000110000000011110101;
	3E4D  :   000000000000001100000000000000100000000011110101;
	3E4E  :   000000000000001000000000000000110000000011110011;
	3E4F  :   111111111111111100000000000001000000000011111001;
	3E50  :   111111111111110000000000000000110000000011110101;
	3E51  :   111111111111111000000000000000010000000011110011;
	3E52  :   111111111111110100000000000000100000000011111000;
	3E53  :   111111111111110100000000000001100000000011111001;
	3E54  :   111111111111111000000000000000100000000011111011;
	3E55  :   000000000000001100000000000000000000000011110000;
	3E56  :   000000000000000100000000000000010000000011110010;
	3E57  :   111111111111111100000000000000110000000011111000;
	3E58  :   111111111111110100000000000000100000000011111100;
	3E59  :   000000000000000000000000000001000000000011110110;
	3E5A  :   111111111111111100000000000000100000000011111001;
	3E5B  :   000000000000000000000000000000000000000011110110;
	3E5C  :   000000000000000111111111111111110000000011111001;
	3E5D  :   111111111111110100000000000000010000000011111100;
	3E5E  :   111111111111111000000000000001000000000011111010;
	3E5F  :   000000000000000000000000000001000000000011111000;
	3E60  :   111111111111111100000000000001000000000011110111;
	3E61  :   000000000000000000000000000000010000000011110110;
	3E62  :   000000000000000000000000000000100000000011111001;
	3E63  :   000000000000000100000000000000010000000011111000;
	3E64  :   000000000000000000000000000000100000000011111001;
	3E65  :   111111111111111000000000000000010000000011110111;
	3E66  :   000000000000000111111111111111110000000011110111;
	3E67  :   111111111111110100000000000001000000000011111001;
	3E68  :   111111111111111100000000000000110000000011110011;
	3E69  :   111111111111111100000000000001000000000011111000;
	3E6A  :   111111111111101100000000000001000000000011110110;
	3E6B  :   000000000000000100000000000000100000000011111000;
	3E6C  :   111111111111111000000000000001010000000011111011;
	3E6D  :   000000000000001000000000000001010000000011111000;
	3E6E  :   000000000000000100000000000000110000000011110110;
	3E6F  :   111111111111111000000000000000100000000011111010;
	3E70  :   111111111111101100000000000000010000000011111000;
	3E71  :   111111111111111011111111111111010000000011110111;
	3E72  :   111111111111111100000000000000010000000011110110;
	3E73  :   111111111111111000000000000000010000000011110011;
	3E74  :   000000000000000000000000000001000000000011111111;
	3E75  :   111111111111111000000000000000010000000011111000;
	3E76  :   111111111111111000000000000000100000000011110100;
	3E77  :   111111111111110100000000000000100000000011110110;
	3E78  :   111111111111110000000000000000110000000011110110;
	3E79  :   000000000000000000000000000000110000000011111010;
	3E7A  :   111111111111110100000000000000100000000011111001;
	3E7B  :   111111111111110000000000000001000000000011110101;
	3E7C  :   111111111111110100000000000000010000000011110100;
	3E7D  :   111111111111111000000000000000100000000011111000;
	3E7E  :   000000000000000000000000000000110000000011110011;
	3E7F  :   111111111111101100000000000000110000000011111000;
	3E80  :   111111111111111100000000000001000000000011110111;
	3E81  :   111111111111111100000000000000110000000011111000;
	3E82  :   000000000000010000000000000000010000000011111010;
	3E83  :   111111111111110100000000000000100000000011110101;
	3E84  :   111111111111110100000000000000110000000011110101;
	3E85  :   111111111111111100000000000000110000000011110001;
	3E86  :   111111111111111000000000000000100000000011110100;
	3E87  :   000000000000000000000000000000110000000011111000;
	3E88  :   111111111111111100000000000000110000000011110111;
	3E89  :   000000000000000000000000000001000000000011110011;
	3E8A  :   111111111111111100000000000001000000000011111010;
	3E8B  :   111111111111111000000000000000100000000011111100;
	3E8C  :   111111111111111100000000000000010000000011110101;
	3E8D  :   111111111111111000000000000000010000000011110111;
	3E8E  :   000000000000000100000000000001000000000011110100;
	3E8F  :   111111111111111000000000000000100000000011111000;
	3E90  :   000000000000000100000000000001000000000011110110;
	3E91  :   111111111111111100000000000001110000000011110101;
	3E92  :   111111111111110000000000000000110000000011111000;
	3E93  :   111111111111110100000000000001010000000011111001;
	3E94  :   111111111111111000000000000000010000000011110101;
	3E95  :   000000000000001100000000000000110000000011111000;
	3E96  :   111111111111111000000000000000110000000011111010;
	3E97  :   111111111111111000000000000000110000000011111011;
	3E98  :   000000000000000100000000000000100000000011111000;
	3E99  :   000000000000000000000000000001000000000011110100;
	3E9A  :   111111111111111100000000000000110000000011111100;
	3E9B  :   111111111111110000000000000000100000000011110110;
	3E9C  :   111111111111111100000000000000100000000011111000;
	3E9D  :   111111111111111100000000000001000000000011110110;
	3E9E  :   111111111111111100000000000000110000000011110111;
	3E9F  :   111111111111111000000000000000010000000011111001;
	3EA0  :   111111111111111100000000000001000000000011110010;
	3EA1  :   000000000000000100000000000000010000000011110100;
	3EA2  :   000000000000000000000000000000110000000011111011;
	3EA3  :   111111111111111100000000000000110000000011111001;
	3EA4  :   000000000000000000000000000000100000000011110111;
	3EA5  :   111111111111111100000000000000010000000011110111;
	3EA6  :   000000000000000000000000000001000000000011110101;
	3EA7  :   000000000000000000000000000000010000000011110101;
	3EA8  :   111111111111101100000000000000110000000011110111;
	3EA9  :   111111111111110100000000000000110000000011111001;
	3EAA  :   111111111111110000000000000000010000000011110100;
	3EAB  :   111111111111111100000000000001000000000011110100;
	3EAC  :   000000000000001000000000000001100000000011111010;
	3EAD  :   111111111111110000000000000000110000000011111010;
	3EAE  :   111111111111111000000000000000000000000011111011;
	3EAF  :   111111111111111000000000000000010000000011111001;
	3EB0  :   000000000000000000000000000000000000000011111001;
	3EB1  :   000000000000000100000000000000010000000011111010;
	3EB2  :   111111111111111000000000000001010000000011111010;
	3EB3  :   000000000000000100000000000001000000000011110001;
	3EB4  :   000000000000000000000000000000100000000011111000;
	3EB5  :   000000000000001000000000000000100000000011110111;
	3EB6  :   000000000000000100000000000000010000000011110101;
	3EB7  :   000000000000000100000000000000010000000011111000;
	3EB8  :   111111111111111011111111111111110000000011111010;
	3EB9  :   000000000000000100000000000001000000000011111001;
	3EBA  :   000000000000001100000000000000010000000011111000;
	3EBB  :   000000000000000000000000000001100000000011110101;
	3EBC  :   111111111111111100000000000000100000000011110111;
	3EBD  :   111111111111111000000000000000100000000011111000;
	3EBE  :   111111111111111100000000000000100000000011110101;
	3EBF  :   000000000000001000000000000001000000000011111000;
	3EC0  :   111111111111110000000000000000110000000011111001;
	3EC1  :   111111111111111100000000000000100000000011111001;
	3EC2  :   000000000000000000000000000000010000000011110111;
	3EC3  :   111111111111111100000000000001000000000011110101;
	3EC4  :   111111111111111100000000000000100000000011110110;
	3EC5  :   111111111111111100000000000000100000000011110101;
	3EC6  :   000000000000000000000000000000100000000011110100;
	3EC7  :   000000000000000000000000000000000000000011111001;
	3EC8  :   000000000000001000000000000000110000000011111001;
	3EC9  :   111111111111110100000000000000100000000011111001;
	3ECA  :   111111111111111100000000000001000000000011110101;
	3ECB  :   111111111111111100000000000001110000000011110111;
	3ECC  :   111111111111111100000000000001010000000011110110;
	3ECD  :   111111111111111100000000000000110000000011110111;
	3ECE  :   111111111111101000000000000000110000000011110101;
	3ECF  :   000000000000000000000000000000100000000011110010;
	3ED0  :   000000000000000000000000000000110000000011110110;
	3ED1  :   000000000000000000000000000001010000000011111101;
	3ED2  :   111111111111110100000000000000110000000011111001;
	3ED3  :   111111111111111100000000000001000000000011111101;
	3ED4  :   111111111111111000000000000000010000000011110111;
	3ED5  :   111111111111111000000000000000110000000011110111;
	3ED6  :   000000000000000100000000000000110000000011110110;
	3ED7  :   111111111111111100000000000000110000000011110100;
	3ED8  :   000000000000000000000000000001000000000011110111;
	3ED9  :   111111111111110000000000000000110000000011111000;
	3EDA  :   111111111111111000000000000000100000000011111000;
	3EDB  :   111111111111110000000000000000110000000011111010;
	3EDC  :   111111111111111000000000000001010000000011111100;
	3EDD  :   000000000000000100000000000001010000000011110011;
	3EDE  :   000000000000000100000000000000110000000011110111;
	3EDF  :   000000000000000000000000000001000000000011110111;
	3EE0  :   111111111111111100000000000000110000000011111010;
	3EE1  :   000000000000000000000000000000100000000011110100;
	3EE2  :   000000000000000100000000000001000000000011110101;
	3EE3  :   000000000000001000000000000000100000000011110110;
	3EE4  :   111111111111111100000000000000010000000011111001;
	3EE5  :   111111111111101100000000000001010000000011111001;
	3EE6  :   000000000000000000000000000000110000000011111100;
	3EE7  :   000000000000000100000000000000010000000011110010;
	3EE8  :   111111111111111100000000000001000000000011111010;
	3EE9  :   000000000000000000000000000001000000000011111001;
	3EEA  :   000000000000000000000000000000110000000011110010;
	3EEB  :   111111111111111000000000000001010000000011110100;
	3EEC  :   111111111111110000000000000000110000000011111010;
	3EED  :   111111111111110000000000000000010000000011111010;
	3EEE  :   111111111111111000000000000000010000000011111101;
	3EEF  :   111111111111110100000000000000100000000011111001;
	3EF0  :   000000000000001000000000000000100000000011111001;
	3EF1  :   111111111111111100000000000000010000000011111101;
	3EF2  :   000000000000000000000000000000110000000011110110;
	3EF3  :   000000000000001100000000000000100000000011110011;
	3EF4  :   111111111111101000000000000000110000000011111000;
	3EF5  :   000000000000000000000000000001100000000011110111;
	3EF6  :   111111111111111100000000000000010000000011110111;
	3EF7  :   111111111111111000000000000000110000000011111000;
	3EF8  :   111111111111111100000000000001010000000011111010;
	3EF9  :   111111111111110111111111111111110000000011110110;
	3EFA  :   111111111111101100000000000000000000000011110100;
	3EFB  :   111111111111111000000000000000000000000011110101;
	3EFC  :   111111111111110000000000000000100000000011110111;
	3EFD  :   111111111111110100000000000000000000000011111010;
	3EFE  :   000000000000001100000000000001000000000011111001;
	3EFF  :   111111111111110100000000000000100000000011110110;
	3F00  :   000000000000001000000000000000110000000011111100;
	3F01  :   111111111111110100000000000001010000000011110111;
	3F02  :   000000000000000100000000000001000000000011110010;
	3F03  :   111111111111111000000000000000110000000011111100;
	3F04  :   111111111111110000000000000000100000000011111100;
	3F05  :   111111111111110000000000000000010000000011111010;
	3F06  :   111111111111111000000000000000100000000011111100;
	3F07  :   111111111111110100000000000000010000000011111000;
	3F08  :   000000000000000000000000000000110000000011111010;
	3F09  :   111111111111111000000000000000100000000011111101;
	3F0A  :   111111111111111100000000000000100000000011111010;
	3F0B  :   000000000000000000000000000000110000000011111100;
	3F0C  :   000000000000000000000000000000100000000011110011;
	3F0D  :   111111111111101100000000000000100000000011110111;
	3F0E  :   111111111111111000000000000000110000000011110100;
	3F0F  :   111111111111111000000000000001100000000011110100;
	3F10  :   111111111111111100000000000000100000000011111010;
	3F11  :   111111111111110000000000000000010000000011110111;
	3F12  :   000000000000001100000000000000010000000011111001;
	3F13  :   000000000000000100000000000000010000000011110110;
	3F14  :   000000000000000100000000000000100000000011111001;
	3F15  :   111111111111111100000000000000100000000011110110;
	3F16  :   000000000000001000000000000000010000000011110110;
	3F17  :   111111111111110000000000000001000000000011111110;
	3F18  :   111111111111111000000000000000100000000011111000;
	3F19  :   111111111111111100000000000000110000000011110010;
	3F1A  :   111111111111111100000000000000000000000011110101;
	3F1B  :   111111111111111100000000000000000000000011110111;
	3F1C  :   111111111111101000000000000000100000000011110111;
	3F1D  :   000000000000000100000000000000110000000011110111;
	3F1E  :   000000000000000000000000000000010000000011111011;
	3F1F  :   111111111111100100000000000001110000000011110110;
	3F20  :   111111111111111000000000000001000000000011110011;
	3F21  :   000000000000000100000000000000110000000011110110;
	3F22  :   111111111111111100000000000000010000000011110110;
	3F23  :   111111111111111100000000000000110000000011111010;
	3F24  :   000000000000000000000000000010000000000011111001;
	3F25  :   111111111111111100000000000000100000000011111011;
	3F26  :   000000000000000000000000000000010000000011111010;
	3F27  :   111111111111101000000000000000100000000011111000;
	3F28  :   111111111111111100000000000000100000000011110100;
	3F29  :   000000000000000000000000000001010000000011111000;
	3F2A  :   111111111111110100000000000000110000000011110110;
	3F2B  :   111111111111111100000000000000010000000011110111;
	3F2C  :   111111111111111000000000000001010000000011110101;
	3F2D  :   111111111111111000000000000000110000000011110111;
	3F2E  :   111111111111100100000000000001110000000011111001;
	3F2F  :   111111111111111100000000000001010000000011111010;
	3F30  :   000000000000000000000000000000100000000011110111;
	3F31  :   000000000000000100000000000000100000000011110101;
	3F32  :   111111111111111000000000000000100000000011110110;
	3F33  :   111111111111111100000000000000100000000011111001;
	3F34  :   111111111111111100000000000001010000000011111000;
	3F35  :   111111111111111000000000000000100000000011111001;
	3F36  :   000000000000000000000000000000100000000011111000;
	3F37  :   000000000000000000000000000000110000000011110100;
	3F38  :   000000000000000000000000000000110000000011111000;
	3F39  :   111111111111101000000000000000100000000011110110;
	3F3A  :   111111111111111100000000000000010000000011101111;
	3F3B  :   000000000000001000000000000000110000000011110110;
	3F3C  :   111111111111110100000000000000100000000011111010;
	3F3D  :   111111111111111000000000000001000000000011110100;
	3F3E  :   111111111111101000000000000000110000000011110100;
	3F3F  :   111111111111110100000000000001000000000011111001;
	3F40  :   000000000000000000000000000000100000000011110100;
	3F41  :   000000000000000100000000000000100000000011111000;
	3F42  :   000000000000000111111111111111010000000011110111;
	3F43  :   000000000000000000000000000000110000000011101110;
	3F44  :   000000000000001000000000000000100000000011111000;
	3F45  :   111111111111111000000000000000000000000011110101;
	3F46  :   111111111111110100000000000001010000000011110011;
	3F47  :   111111111111111000000000000000100000000011111010;
	3F48  :   000000000000001000000000000000110000000011111000;
	3F49  :   111111111111111100000000000001010000000011110110;
	3F4A  :   000000000000000000000000000000100000000011111011;
	3F4B  :   111111111111100100000000000000110000000011110101;
	3F4C  :   111111111111101000000000000001000000000011110111;
	3F4D  :   000000000000001100000000000000010000000011111001;
	3F4E  :   111111111111111100000000000001000000000011111100;
	3F4F  :   111111111111111000000000000000010000000011110110;
	3F50  :   000000000000000100000000000000000000000011110100;
	3F51  :   000000000000000100000000000001010000000011111100;
	3F52  :   111111111111111100000000000001000000000011110011;
	3F53  :   111111111111110100000000000000110000000011110011;
	3F54  :   111111111111110100000000000001000000000011110110;
	3F55  :   000000000000001100000000000000010000000011110101;
	3F56  :   000000000000000100000000000001000000000011110111;
	3F57  :   000000000000000000000000000000010000000011111001;
	3F58  :   111111111111111100000000000000010000000011110010;
	3F59  :   000000000000000100000000000000100000000011110110;
	3F5A  :   000000000000000000000000000000100000000011110010;
	3F5B  :   111111111111111100000000000010010000000011111100;
	3F5C  :   000000000000000000000000000000100000000011110110;
	3F5D  :   000000000000000000000000000000110000000011110100;
	3F5E  :   111111111111111100000000000000100000000011110110;
	3F5F  :   111111111111111100000000000001000000000011110111;
	3F60  :   000000000000000100000000000001000000000011110110;
	3F61  :   000000000000000000000000000000110000000011110111;
	3F62  :   111111111111111100000000000001010000000011111001;
	3F63  :   000000000000000000000000000000010000000011111000;
	3F64  :   000000000000000000000000000000100000000011110100;
	3F65  :   111111111111101100000000000000100000000011111000;
	3F66  :   000000000000000100000000000001100000000011110111;
	3F67  :   111111111111111000000000000000000000000011111011;
	3F68  :   111111111111111000000000000001000000000011110111;
	3F69  :   111111111111111100000000000001000000000011110111;
	3F6A  :   111111111111101100000000000000110000000011110110;
	3F6B  :   000000000000000000000000000000100000000011110110;
	3F6C  :   000000000000000100000000000000100000000011110110;
	3F6D  :   111111111111111000000000000000010000000011110101;
	3F6E  :   111111111111111100000000000000000000000011111001;
	3F6F  :   111111111111110000000000000000010000000011111101;
	3F70  :   111111111111110100000000000001010000000011110110;
	3F71  :   111111111111111000000000000001000000000011111010;
	3F72  :   111111111111111000000000000000110000000011111000;
	3F73  :   000000000000000000000000000000100000000011110110;
	3F74  :   111111111111110000000000000000110000000011111001;
	3F75  :   111111111111111100000000000000100000000011111000;
	3F76  :   000000000000000000000000000000110000000011111000;
	3F77  :   000000000000000000000000000001010000000011111000;
	3F78  :   000000000000000100000000000000110000000011111010;
	3F79  :   000000000000001100000000000000100000000011111011;
	3F7A  :   111111111111111100000000000000100000000011111110;
	3F7B  :   111111111111111000000000000000010000000011111100;
	3F7C  :   000000000000000100000000000000100000000011111011;
	3F7D  :   111111111111111100000000000001000000000011111000;
	3F7E  :   111111111111110000000000000000010000000011111100;
	3F7F  :   000000000000000100000000000000010000000011110101;
	3F80  :   111111111111110100000000000000110000000011111000;
	3F81  :   111111111111111000000000000001000000000011111000;
	3F82  :   000000000000001000000000000001000000000011110011;
	3F83  :   111111111111101100000000000000110000000011110111;
	3F84  :   111111111111111000000000000000100000000011110111;
	3F85  :   111111111111111100000000000000010000000011111011;
	3F86  :   000000000000000000000000000001010000000011110111;
	3F87  :   000000000000000000000000000000100000000011110110;
	3F88  :   000000000000000000000000000001000000000011110111;
	3F89  :   000000000000001100000000000000010000000011110111;
	3F8A  :   111111111111111011111111111111100000000011111000;
	3F8B  :   000000000000000100000000000000100000000011110100;
	3F8C  :   111111111111111100000000000000100000000011110111;
	3F8D  :   000000000000000000000000000000100000000011110101;
	3F8E  :   111111111111111100000000000000110000000011111100;
	3F8F  :   111111111111110000000000000000110000000011111001;
	3F90  :   111111111111111100000000000000100000000011110111;
	3F91  :   111111111111111100000000000001000000000011110111;
	3F92  :   111111111111111000000000000000010000000011111010;
	3F93  :   111111111111111000000000000000110000000011111101;
	3F94  :   111111111111110000000000000000000000000011110101;
	3F95  :   111111111111111100000000000001000000000011111010;
	3F96  :   111111111111111000000000000001010000000011110110;
	3F97  :   111111111111111000000000000001010000000011111101;
	3F98  :   111111111111101100000000000000010000000011111000;
	3F99  :   111111111111101100000000000000100000000011111000;
	3F9A  :   111111111111111100000000000001100000000011111010;
	3F9B  :   000000000000001000000000000001010000000011111100;
	3F9C  :   111111111111111100000000000000010000000011110100;
	3F9D  :   111111111111110100000000000000000000000011111011;
	3F9E  :   111111111111110100000000000001000000000011110110;
	3F9F  :   111111111111110100000000000000010000000011111000;
	3FA0  :   111111111111111100000000000000110000000011110110;
	3FA1  :   111111111111111000000000000000100000000011111000;
	3FA2  :   111111111111111100000000000001000000000011110111;
	3FA3  :   111111111111111100000000000000110000000011110101;
	3FA4  :   000000000000000000000000000001010000000011110100;
	3FA5  :   000000000000000000000000000001100000000011111000;
	3FA6  :   111111111111111000000000000000010000000011110011;
	3FA7  :   111111111111111100000000000001100000000011110111;
	3FA8  :   000000000000000000000000000000100000000011110101;
	3FA9  :   111111111111111100000000000001100000000011110100;
	3FAA  :   111111111111101000000000000000100000000011110110;
	3FAB  :   111111111111111000000000000001000000000011110111;
	3FAC  :   111111111111100100000000000000110000000011110110;
	3FAD  :   111111111111111000000000000000010000000011111010;
	3FAE  :   000000000000000000000000000001110000000011111100;
	3FAF  :   111111111111110100000000000000010000000011110110;
	3FB0  :   111111111111111100000000000000110000000011110111;
	3FB1  :   111111111111111100000000000000010000000011111001;
	3FB2  :   000000000000000000000000000000100000000011110011;
	3FB3  :   111111111111111000000000000000110000000011111011;
	3FB4  :   111111111111110000000000000000100000000011111000;
	3FB5  :   000000000000000000000000000000010000000011110110;
	3FB6  :   111111111111110100000000000000110000000011110111;
	3FB7  :   111111111111110100000000000000010000000011110101;
	3FB8  :   000000000000010000000000000001000000000011111001;
	3FB9  :   000000000000000100000000000000110000000011110110;
	3FBA  :   111111111111111100000000000000100000000011111011;
	3FBB  :   111111111111101100000000000000100000000011110110;
	3FBC  :   000000000000001000000000000000100000000011111011;
	3FBD  :   000000000000000000000000000000110000000011111001;
	3FBE  :   000000000000001000000000000001010000000011110101;
	3FBF  :   111111111111111100000000000000100000000011110101;
	3FC0  :   111111111111110100000000000000100000000011110110;
	3FC1  :   111111111111111100000000000000110000000011111000;
	3FC2  :   000000000000000100000000000000100000000011111011;
	3FC3  :   000000000000000100000000000001010000000011110111;
	3FC4  :   111111111111111100000000000001100000000011110111;
	3FC5  :   111111111111110000000000000000000000000011111000;
	3FC6  :   111111111111111100000000000000010000000011110111;
	3FC7  :   111111111111101100000000000000010000000011110100;
	3FC8  :   111111111111111000000000000000110000000011111001;
	3FC9  :   000000000000000000000000000000010000000011111010;
	3FCA  :   111111111111110000000000000000010000000011111000;
	3FCB  :   111111111111101100000000000000000000000011110101;
	3FCC  :   111111111111110100000000000000100000000011111011;
	3FCD  :   111111111111110000000000000001000000000011111011;
	3FCE  :   000000000000000000000000000000110000000011110010;
	3FCF  :   111111111111101100000000000000110000000011110001;
	3FD0  :   000000000000000000000000000000100000000011111001;
	3FD1  :   111111111111111000000000000000100000000011111100;
	3FD2  :   111111111111110000000000000001010000000011110111;
	3FD3  :   000000000000000000000000000000010000000011111001;
	3FD4  :   000000000000000000000000000000010000000011110111;
	3FD5  :   000000000000000000000000000000100000000011111000;
	3FD6  :   111111111111111100000000000000110000000011111100;
	3FD7  :   000000000000000000000000000000100000000011111001;
	3FD8  :   000000000000000000000000000001000000000011110111;
	3FD9  :   111111111111110000000000000000000000000011110110;
	3FDA  :   111111111111110000000000000000010000000011110110;
	3FDB  :   111111111111111100000000000001010000000011110101;
	3FDC  :   000000000000000000000000000000110000000011111100;
	3FDD  :   000000000000000000000000000000110000000011111000;
	3FDE  :   000000000000000100000000000001000000000011110111;
	3FDF  :   111111111111111000000000000001000000000011111001;
	3FE0  :   111111111111110100000000000000010000000011111010;
	3FE1  :   000000000000000100000000000000110000000011111010;
	3FE2  :   111111111111111100000000000000110000000011110100;
	3FE3  :   111111111111111100000000000000100000000011110110;
	3FE4  :   000000000000000000000000000000100000000011111010;
	3FE5  :   111111111111101000000000000001000000000011110011;
	3FE6  :   111111111111111100000000000001010000000011110110;
	3FE7  :   000000000000000100000000000000110000000011110101;
	3FE8  :   000000000000000000000000000000110000000011111001;
	3FE9  :   111111111111101000000000000000010000000011110101;
	3FEA  :   111111111111111011111111111111110000000011110011;
	3FEB  :   111111111111111100000000000000100000000011110111;
	3FEC  :   111111111111111111111111111111110000000011110011;
	3FED  :   000000000000000000000000000000100000000011110110;
	3FEE  :   000000000000000100000000000001100000000011111010;
	3FEF  :   111111111111111100000000000000010000000011110111;
	3FF0  :   000000000000001100000000000000000000000011111000;
	3FF1  :   111111111111111000000000000000010000000011110101;
	3FF2  :   000000000000000000000000000000110000000011110111;
	3FF3  :   111111111111111000000000000001100000000011110011;
	3FF4  :   000000000000000000000000000000010000000011110010;
	3FF5  :   111111111111111100000000000000110000000011110101;
	3FF6  :   111111111111111000000000000000100000000011111010;
	3FF7  :   111111111111111000000000000000100000000011111000;
	3FF8  :   111111111111110100000000000001010000000011110010;
	3FF9  :   000000000000000100000000000001100000000011111001;
	3FFA  :   000000000000001100000000000000110000000011111010;
	3FFB  :   111111111111110000000000000000010000000011111010;
	3FFC  :   000000000000000100000000000000110000000011111011;
	3FFD  :   111111111111110000000000000001000000000011111001;
	3FFE  :   111111111111111000000000000000100000000011110110;
	3FFF  :   111111111111110000000000000000010000000011110110;
END;
