Analysis & Synthesis report for recorder
Mon Oct 05 09:15:34 2026
Quartus Prime Version 20.1.1 Build 720 11/11/2020 SJ Lite Edition


---------------------
; Table of Contents ;
---------------------
  1. Legal Notice
  2. Analysis & Synthesis Summary
  3. Analysis & Synthesis Settings
  4. Parallel Compilation
  5. Analysis & Synthesis Source Files Read
  6. Analysis & Synthesis Resource Usage Summary
  7. Analysis & Synthesis Resource Utilization by Entity
  8. Analysis & Synthesis RAM Summary
  9. Analysis & Synthesis IP Cores Summary
 10. State Machine - |de10_recorder_top|recorder:rec|state
 11. State Machine - |de10_recorder_top|adxl345_ctrl:sensor|state
 12. State Machine - |de10_recorder_top|adxl345_ctrl:sensor|adxl345_spi:spi|state
 13. Registers Removed During Synthesis
 14. General Register Statistics
 15. Inverted Register Statistics
 16. Multiplexer Restructuring Statistics (Restructuring Performed)
 17. Source assignments for recorder:rec|altsyncram:ram|altsyncram_4fh1:auto_generated|altsyncram_iu72:altsyncram1
 18. Parameter Settings for User Entity Instance: adxl345_ctrl:sensor
 19. Parameter Settings for User Entity Instance: adxl345_ctrl:sensor|adxl345_spi:spi
 20. Parameter Settings for User Entity Instance: recorder:rec
 21. Parameter Settings for User Entity Instance: recorder:rec|altsyncram:ram
 22. altsyncram Parameter Settings by Entity Instance
 23. Port Connectivity Checks: "adxl345_ctrl:sensor|adxl345_spi:spi"
 24. In-System Memory Content Editor Settings
 25. Post-Synthesis Netlist Statistics for Top Partition
 26. Post-Synthesis Netlist Statistics for Partition sld_hub:auto_hub
 27. Elapsed Time Per Partition
 28. Analysis & Synthesis Messages
 29. Analysis & Synthesis Suppressed Messages



----------------
; Legal Notice ;
----------------
Copyright (C) 2020  Intel Corporation. All rights reserved.
Your use of Intel Corporation's design tools, logic functions 
and other software and tools, and any partner logic 
functions, and any output files from any of the foregoing 
(including device programming or simulation files), and any 
associated documentation or information are expressly subject 
to the terms and conditions of the Intel Program License 
Subscription Agreement, the Intel Quartus Prime License Agreement,
the Intel FPGA IP License Agreement, or other applicable license
agreement, including, without limitation, that your use is for
the sole purpose of programming logic devices manufactured by
Intel and sold by Intel or its authorized distributors.  Please
refer to the applicable agreement for further details, at
https://fpgasoftware.intel.com/eula.



+----------------------------------------------------------------------------------+
; Analysis & Synthesis Summary                                                     ;
+------------------------------------+---------------------------------------------+
; Analysis & Synthesis Status        ; Successful - Mon Oct 05 09:15:34 2026       ;
; Quartus Prime Version              ; 20.1.1 Build 720 11/11/2020 SJ Lite Edition ;
; Revision Name                      ; recorder                                    ;
; Top-level Entity Name              ; de10_recorder_top                           ;
; Family                             ; MAX 10                                      ;
; Total logic elements               ; 821                                         ;
;     Total combinational functions  ; 772                                         ;
;     Dedicated logic registers      ; 450                                         ;
; Total registers                    ; 450                                         ;
; Total pins                         ; 44                                          ;
; Total virtual pins                 ; 0                                           ;
; Total memory bits                  ; 786,432                                     ;
; Embedded Multiplier 9-bit elements ; 0                                           ;
; Total PLLs                         ; 0                                           ;
; UFM blocks                         ; 0                                           ;
; ADC blocks                         ; 0                                           ;
+------------------------------------+---------------------------------------------+


+------------------------------------------------------------------------------------------------------------+
; Analysis & Synthesis Settings                                                                              ;
+------------------------------------------------------------------+--------------------+--------------------+
; Option                                                           ; Setting            ; Default Value      ;
+------------------------------------------------------------------+--------------------+--------------------+
; Device                                                           ; 10M50DAF484C7G     ;                    ;
; Top-level entity name                                            ; de10_recorder_top  ; recorder           ;
; Family name                                                      ; MAX 10             ; Cyclone V          ;
; Verilog Version                                                  ; SystemVerilog_2005 ; Verilog_2001       ;
; Use smart compilation                                            ; Off                ; Off                ;
; Enable parallel Assembler and Timing Analyzer during compilation ; On                 ; On                 ;
; Enable compact report table                                      ; Off                ; Off                ;
; Restructure Multiplexers                                         ; Auto               ; Auto               ;
; Create Debugging Nodes for IP Cores                              ; Off                ; Off                ;
; Preserve fewer node names                                        ; On                 ; On                 ;
; Intel FPGA IP Evaluation Mode                                    ; Enable             ; Enable             ;
; VHDL Version                                                     ; VHDL_1993          ; VHDL_1993          ;
; State Machine Processing                                         ; Auto               ; Auto               ;
; Safe State Machine                                               ; Off                ; Off                ;
; Extract Verilog State Machines                                   ; On                 ; On                 ;
; Extract VHDL State Machines                                      ; On                 ; On                 ;
; Ignore Verilog initial constructs                                ; Off                ; Off                ;
; Iteration limit for constant Verilog loops                       ; 5000               ; 5000               ;
; Iteration limit for non-constant Verilog loops                   ; 250                ; 250                ;
; Add Pass-Through Logic to Inferred RAMs                          ; On                 ; On                 ;
; Infer RAMs from Raw Logic                                        ; On                 ; On                 ;
; Parallel Synthesis                                               ; On                 ; On                 ;
; DSP Block Balancing                                              ; Auto               ; Auto               ;
; NOT Gate Push-Back                                               ; On                 ; On                 ;
; Power-Up Don't Care                                              ; On                 ; On                 ;
; Remove Redundant Logic Cells                                     ; Off                ; Off                ;
; Remove Duplicate Registers                                       ; On                 ; On                 ;
; Ignore CARRY Buffers                                             ; Off                ; Off                ;
; Ignore CASCADE Buffers                                           ; Off                ; Off                ;
; Ignore GLOBAL Buffers                                            ; Off                ; Off                ;
; Ignore ROW GLOBAL Buffers                                        ; Off                ; Off                ;
; Ignore LCELL Buffers                                             ; Off                ; Off                ;
; Ignore SOFT Buffers                                              ; On                 ; On                 ;
; Limit AHDL Integers to 32 Bits                                   ; Off                ; Off                ;
; Optimization Technique                                           ; Balanced           ; Balanced           ;
; Carry Chain Length                                               ; 70                 ; 70                 ;
; Auto Carry Chains                                                ; On                 ; On                 ;
; Auto Open-Drain Pins                                             ; On                 ; On                 ;
; Perform WYSIWYG Primitive Resynthesis                            ; Off                ; Off                ;
; Auto ROM Replacement                                             ; On                 ; On                 ;
; Auto RAM Replacement                                             ; On                 ; On                 ;
; Auto DSP Block Replacement                                       ; On                 ; On                 ;
; Auto Shift Register Replacement                                  ; Auto               ; Auto               ;
; Allow Shift Register Merging across Hierarchies                  ; Auto               ; Auto               ;
; Auto Clock Enable Replacement                                    ; On                 ; On                 ;
; Strict RAM Replacement                                           ; Off                ; Off                ;
; Allow Synchronous Control Signals                                ; On                 ; On                 ;
; Force Use of Synchronous Clear Signals                           ; Off                ; Off                ;
; Auto RAM Block Balancing                                         ; On                 ; On                 ;
; Auto RAM to Logic Cell Conversion                                ; Off                ; Off                ;
; Auto Resource Sharing                                            ; Off                ; Off                ;
; Allow Any RAM Size For Recognition                               ; Off                ; Off                ;
; Allow Any ROM Size For Recognition                               ; Off                ; Off                ;
; Allow Any Shift Register Size For Recognition                    ; Off                ; Off                ;
; Use LogicLock Constraints during Resource Balancing              ; On                 ; On                 ;
; Ignore translate_off and synthesis_off directives                ; Off                ; Off                ;
; Timing-Driven Synthesis                                          ; On                 ; On                 ;
; Report Parameter Settings                                        ; On                 ; On                 ;
; Report Source Assignments                                        ; On                 ; On                 ;
; Report Connectivity Checks                                       ; On                 ; On                 ;
; Ignore Maximum Fan-Out Assignments                               ; Off                ; Off                ;
; Synchronization Register Chain Length                            ; 2                  ; 2                  ;
; Power Optimization During Synthesis                              ; Normal compilation ; Normal compilation ;
; HDL message level                                                ; Level2             ; Level2             ;
; Suppress Register Optimization Related Messages                  ; Off                ; Off                ;
; Number of Removed Registers Reported in Synthesis Report         ; 5000               ; 5000               ;
; Number of Swept Nodes Reported in Synthesis Report               ; 5000               ; 5000               ;
; Number of Inverted Registers Reported in Synthesis Report        ; 100                ; 100                ;
; Clock MUX Protection                                             ; On                 ; On                 ;
; Auto Gated Clock Conversion                                      ; Off                ; Off                ;
; Block Design Naming                                              ; Auto               ; Auto               ;
; SDC constraint protection                                        ; Off                ; Off                ;
; Synthesis Effort                                                 ; Auto               ; Auto               ;
; Shift Register Replacement - Allow Asynchronous Clear Signal     ; On                 ; On                 ;
; Pre-Mapping Resynthesis Optimization                             ; Off                ; Off                ;
; Analysis & Synthesis Message Level                               ; Medium             ; Medium             ;
; Disable Register Merging Across Hierarchies                      ; Auto               ; Auto               ;
; Resource Aware Inference For Block RAM                           ; On                 ; On                 ;
+------------------------------------------------------------------+--------------------+--------------------+


+------------------------------------------+
; Parallel Compilation                     ;
+----------------------------+-------------+
; Processors                 ; Number      ;
+----------------------------+-------------+
; Number detected on machine ; 20          ;
; Maximum allowed            ; 16          ;
;                            ;             ;
; Average used               ; 1.00        ;
; Maximum used               ; 16          ;
;                            ;             ;
; Usage by Processor         ; % Time Used ;
;     Processor 1            ; 100.0%      ;
;     Processor 2            ;   0.0%      ;
;     Processor 3            ;   0.0%      ;
;     Processor 4            ;   0.0%      ;
;     Processor 5            ;   0.0%      ;
;     Processor 6            ;   0.0%      ;
;     Processor 7            ;   0.0%      ;
;     Processors 8-16        ;   0.0%      ;
+----------------------------+-------------+


+----------------------------------------------------------------------------------------------------------------------------------------------------------------------------------------------------------------------------------------------------------------------------+
; Analysis & Synthesis Source Files Read                                                                                                                                                                                                                                     ;
+--------------------------------------------------------------------+-----------------+----------------------------------------------+------------------------------------------------------------------------------------------------------------------------+-------------+
; File Name with User-Entered Path                                   ; Used in Netlist ; File Type                                    ; File Name with Absolute Path                                                                                           ; Library     ;
+--------------------------------------------------------------------+-----------------+----------------------------------------------+------------------------------------------------------------------------------------------------------------------------+-------------+
; ../../rtl/rec/hex7.sv                                              ; yes             ; User SystemVerilog HDL File                  ; C:/Users/mm3624/Documents/neurochip/hw/rtl/rec/hex7.sv                                                                 ;             ;
; ../../rtl/rec/adxl345_spi.sv                                       ; yes             ; User SystemVerilog HDL File                  ; C:/Users/mm3624/Documents/neurochip/hw/rtl/rec/adxl345_spi.sv                                                          ;             ;
; ../../rtl/rec/adxl345_ctrl.sv                                      ; yes             ; User SystemVerilog HDL File                  ; C:/Users/mm3624/Documents/neurochip/hw/rtl/rec/adxl345_ctrl.sv                                                         ;             ;
; ../../rtl/rec/recorder.sv                                          ; yes             ; User SystemVerilog HDL File                  ; C:/Users/mm3624/Documents/neurochip/hw/rtl/rec/recorder.sv                                                             ;             ;
; ../../rtl/rec/de10_recorder_top.sv                                 ; yes             ; User SystemVerilog HDL File                  ; C:/Users/mm3624/Documents/neurochip/hw/rtl/rec/de10_recorder_top.sv                                                    ;             ;
; altsyncram.tdf                                                     ; yes             ; Megafunction                                 ; c:/intelfpga_lite/20.1/quartus/libraries/megafunctions/altsyncram.tdf                                                  ;             ;
; stratix_ram_block.inc                                              ; yes             ; Megafunction                                 ; c:/intelfpga_lite/20.1/quartus/libraries/megafunctions/stratix_ram_block.inc                                           ;             ;
; lpm_mux.inc                                                        ; yes             ; Megafunction                                 ; c:/intelfpga_lite/20.1/quartus/libraries/megafunctions/lpm_mux.inc                                                     ;             ;
; lpm_decode.inc                                                     ; yes             ; Megafunction                                 ; c:/intelfpga_lite/20.1/quartus/libraries/megafunctions/lpm_decode.inc                                                  ;             ;
; aglobal201.inc                                                     ; yes             ; Megafunction                                 ; c:/intelfpga_lite/20.1/quartus/libraries/megafunctions/aglobal201.inc                                                  ;             ;
; a_rdenreg.inc                                                      ; yes             ; Megafunction                                 ; c:/intelfpga_lite/20.1/quartus/libraries/megafunctions/a_rdenreg.inc                                                   ;             ;
; altrom.inc                                                         ; yes             ; Megafunction                                 ; c:/intelfpga_lite/20.1/quartus/libraries/megafunctions/altrom.inc                                                      ;             ;
; altram.inc                                                         ; yes             ; Megafunction                                 ; c:/intelfpga_lite/20.1/quartus/libraries/megafunctions/altram.inc                                                      ;             ;
; altdpram.inc                                                       ; yes             ; Megafunction                                 ; c:/intelfpga_lite/20.1/quartus/libraries/megafunctions/altdpram.inc                                                    ;             ;
; db/altsyncram_4fh1.tdf                                             ; yes             ; Auto-Generated Megafunction                  ; C:/Users/mm3624/Documents/neurochip/hw/syn/recorder/db/altsyncram_4fh1.tdf                                             ;             ;
; db/altsyncram_iu72.tdf                                             ; yes             ; Auto-Generated Megafunction                  ; C:/Users/mm3624/Documents/neurochip/hw/syn/recorder/db/altsyncram_iu72.tdf                                             ;             ;
; db/decode_97a.tdf                                                  ; yes             ; Auto-Generated Megafunction                  ; C:/Users/mm3624/Documents/neurochip/hw/syn/recorder/db/decode_97a.tdf                                                  ;             ;
; db/decode_2j9.tdf                                                  ; yes             ; Auto-Generated Megafunction                  ; C:/Users/mm3624/Documents/neurochip/hw/syn/recorder/db/decode_2j9.tdf                                                  ;             ;
; db/mux_d3b.tdf                                                     ; yes             ; Auto-Generated Megafunction                  ; C:/Users/mm3624/Documents/neurochip/hw/syn/recorder/db/mux_d3b.tdf                                                     ;             ;
; sld_mod_ram_rom.vhd                                                ; yes             ; Encrypted Megafunction                       ; c:/intelfpga_lite/20.1/quartus/libraries/megafunctions/sld_mod_ram_rom.vhd                                             ;             ;
; sld_jtag_endpoint_adapter.vhd                                      ; yes             ; Encrypted Megafunction                       ; c:/intelfpga_lite/20.1/quartus/libraries/megafunctions/sld_jtag_endpoint_adapter.vhd                                   ;             ;
; sld_jtag_endpoint_adapter_impl.sv                                  ; yes             ; Encrypted Megafunction                       ; c:/intelfpga_lite/20.1/quartus/libraries/megafunctions/sld_jtag_endpoint_adapter_impl.sv                               ;             ;
; sld_rom_sr.vhd                                                     ; yes             ; Encrypted Megafunction                       ; c:/intelfpga_lite/20.1/quartus/libraries/megafunctions/sld_rom_sr.vhd                                                  ;             ;
; sld_hub.vhd                                                        ; yes             ; Encrypted Megafunction                       ; c:/intelfpga_lite/20.1/quartus/libraries/megafunctions/sld_hub.vhd                                                     ; altera_sld  ;
; db/ip/sldf2217eed/alt_sld_fab.v                                    ; yes             ; Encrypted Auto-Found Verilog HDL File        ; C:/Users/mm3624/Documents/neurochip/hw/syn/recorder/db/ip/sldf2217eed/alt_sld_fab.v                                    ; alt_sld_fab ;
; db/ip/sldf2217eed/submodules/alt_sld_fab_alt_sld_fab.v             ; yes             ; Encrypted Auto-Found Verilog HDL File        ; C:/Users/mm3624/Documents/neurochip/hw/syn/recorder/db/ip/sldf2217eed/submodules/alt_sld_fab_alt_sld_fab.v             ; alt_sld_fab ;
; db/ip/sldf2217eed/submodules/alt_sld_fab_alt_sld_fab_ident.sv      ; yes             ; Auto-Found SystemVerilog HDL File            ; C:/Users/mm3624/Documents/neurochip/hw/syn/recorder/db/ip/sldf2217eed/submodules/alt_sld_fab_alt_sld_fab_ident.sv      ; alt_sld_fab ;
; db/ip/sldf2217eed/submodules/alt_sld_fab_alt_sld_fab_presplit.sv   ; yes             ; Encrypted Auto-Found SystemVerilog HDL File  ; C:/Users/mm3624/Documents/neurochip/hw/syn/recorder/db/ip/sldf2217eed/submodules/alt_sld_fab_alt_sld_fab_presplit.sv   ; alt_sld_fab ;
; db/ip/sldf2217eed/submodules/alt_sld_fab_alt_sld_fab_sldfabric.vhd ; yes             ; Encrypted Auto-Found VHDL File               ; C:/Users/mm3624/Documents/neurochip/hw/syn/recorder/db/ip/sldf2217eed/submodules/alt_sld_fab_alt_sld_fab_sldfabric.vhd ; alt_sld_fab ;
; db/ip/sldf2217eed/submodules/alt_sld_fab_alt_sld_fab_splitter.sv   ; yes             ; Encrypted Auto-Found SystemVerilog HDL File  ; C:/Users/mm3624/Documents/neurochip/hw/syn/recorder/db/ip/sldf2217eed/submodules/alt_sld_fab_alt_sld_fab_splitter.sv   ; alt_sld_fab ;
; sld_jtag_hub.vhd                                                   ; yes             ; Encrypted Megafunction                       ; c:/intelfpga_lite/20.1/quartus/libraries/megafunctions/sld_jtag_hub.vhd                                                ;             ;
+--------------------------------------------------------------------+-----------------+----------------------------------------------+------------------------------------------------------------------------------------------------------------------------+-------------+


+-------------------------------------------------------------------+
; Analysis & Synthesis Resource Usage Summary                       ;
+---------------------------------------------+---------------------+
; Resource                                    ; Usage               ;
+---------------------------------------------+---------------------+
; Estimated Total logic elements              ; 821                 ;
;                                             ;                     ;
; Total combinational functions               ; 772                 ;
; Logic element usage by number of LUT inputs ;                     ;
;     -- 4 input functions                    ; 251                 ;
;     -- 3 input functions                    ; 206                 ;
;     -- <=2 input functions                  ; 315                 ;
;                                             ;                     ;
; Logic elements by mode                      ;                     ;
;     -- normal mode                          ; 637                 ;
;     -- arithmetic mode                      ; 135                 ;
;                                             ;                     ;
; Total registers                             ; 450                 ;
;     -- Dedicated logic registers            ; 450                 ;
;     -- I/O registers                        ; 0                   ;
;                                             ;                     ;
; I/O pins                                    ; 44                  ;
; Total memory bits                           ; 786432              ;
;                                             ;                     ;
; Embedded Multiplier 9-bit elements          ; 0                   ;
;                                             ;                     ;
; Maximum fan-out node                        ; MAX10_CLK1_50~input ;
; Maximum fan-out                             ; 373                 ;
; Total fan-out                               ; 7094                ;
; Average fan-out                             ; 5.01                ;
+---------------------------------------------+---------------------+


+-----------------------------------------------------------------------------------------------------------------------------------------------------------------------------------------------------------------------------------------------------------------------------------------------------------------------------------------------------------------------------------------------------------------------------------------------------------------------------------------------------------------------------------------------------------------------------------------------------------------------------------------------------------------------------------------------------------------+
; Analysis & Synthesis Resource Utilization by Entity                                                                                                                                                                                                                                                                                                                                                                                                                                                                                                                                                                                                                                                             ;
+-----------------------------------------------------------------------------------------------------------------------------------------+---------------------+---------------------------+-------------+------------+--------------+---------+-----------+------+--------------+------------+---------------------------------------------------------------------------------------------------------------------------------------------------------------------------------------------------------------------------------------------------------------------------------------------------------------------------------------------------------------+-----------------------------------+--------------+
; Compilation Hierarchy Node                                                                                                              ; Combinational ALUTs ; Dedicated Logic Registers ; Memory Bits ; UFM Blocks ; DSP Elements ; DSP 9x9 ; DSP 18x18 ; Pins ; Virtual Pins ; ADC blocks ; Full Hierarchy Name                                                                                                                                                                                                                                                                                                                                           ; Entity Name                       ; Library Name ;
+-----------------------------------------------------------------------------------------------------------------------------------------+---------------------+---------------------------+-------------+------------+--------------+---------+-----------+------+--------------+------------+---------------------------------------------------------------------------------------------------------------------------------------------------------------------------------------------------------------------------------------------------------------------------------------------------------------------------------------------------------------+-----------------------------------+--------------+
; |de10_recorder_top                                                                                                                      ; 772 (83)            ; 450 (39)                  ; 786432      ; 0          ; 0            ; 0       ; 0         ; 44   ; 0            ; 0          ; |de10_recorder_top                                                                                                                                                                                                                                                                                                                                            ; de10_recorder_top                 ; work         ;
;    |adxl345_ctrl:sensor|                                                                                                                ; 257 (138)           ; 193 (103)                 ; 0           ; 0          ; 0            ; 0       ; 0         ; 0    ; 0            ; 0          ; |de10_recorder_top|adxl345_ctrl:sensor                                                                                                                                                                                                                                                                                                                        ; adxl345_ctrl                      ; work         ;
;       |adxl345_spi:spi|                                                                                                                 ; 119 (119)           ; 90 (90)                   ; 0           ; 0          ; 0            ; 0       ; 0         ; 0    ; 0            ; 0          ; |de10_recorder_top|adxl345_ctrl:sensor|adxl345_spi:spi                                                                                                                                                                                                                                                                                                        ; adxl345_spi                       ; work         ;
;    |hex7:h0|                                                                                                                            ; 7 (7)               ; 0 (0)                     ; 0           ; 0          ; 0            ; 0       ; 0         ; 0    ; 0            ; 0          ; |de10_recorder_top|hex7:h0                                                                                                                                                                                                                                                                                                                                    ; hex7                              ; work         ;
;    |hex7:h1|                                                                                                                            ; 7 (7)               ; 0 (0)                     ; 0           ; 0          ; 0            ; 0       ; 0         ; 0    ; 0            ; 0          ; |de10_recorder_top|hex7:h1                                                                                                                                                                                                                                                                                                                                    ; hex7                              ; work         ;
;    |recorder:rec|                                                                                                                       ; 296 (154)           ; 132 (44)                  ; 786432      ; 0          ; 0            ; 0       ; 0         ; 0    ; 0            ; 0          ; |de10_recorder_top|recorder:rec                                                                                                                                                                                                                                                                                                                               ; recorder                          ; work         ;
;       |altsyncram:ram|                                                                                                                  ; 142 (0)             ; 88 (0)                    ; 786432      ; 0          ; 0            ; 0       ; 0         ; 0    ; 0            ; 0          ; |de10_recorder_top|recorder:rec|altsyncram:ram                                                                                                                                                                                                                                                                                                                ; altsyncram                        ; work         ;
;          |altsyncram_4fh1:auto_generated|                                                                                               ; 142 (0)             ; 88 (0)                    ; 786432      ; 0          ; 0            ; 0       ; 0         ; 0    ; 0            ; 0          ; |de10_recorder_top|recorder:rec|altsyncram:ram|altsyncram_4fh1:auto_generated                                                                                                                                                                                                                                                                                 ; altsyncram_4fh1                   ; work         ;
;             |altsyncram_iu72:altsyncram1|                                                                                               ; 28 (0)              ; 2 (2)                     ; 786432      ; 0          ; 0            ; 0       ; 0         ; 0    ; 0            ; 0          ; |de10_recorder_top|recorder:rec|altsyncram:ram|altsyncram_4fh1:auto_generated|altsyncram_iu72:altsyncram1                                                                                                                                                                                                                                                     ; altsyncram_iu72                   ; work         ;
;                |decode_97a:decode4|                                                                                                     ; 2 (2)               ; 0 (0)                     ; 0           ; 0          ; 0            ; 0       ; 0         ; 0    ; 0            ; 0          ; |de10_recorder_top|recorder:rec|altsyncram:ram|altsyncram_4fh1:auto_generated|altsyncram_iu72:altsyncram1|decode_97a:decode4                                                                                                                                                                                                                                  ; decode_97a                        ; work         ;
;                |decode_97a:decode5|                                                                                                     ; 2 (2)               ; 0 (0)                     ; 0           ; 0          ; 0            ; 0       ; 0         ; 0    ; 0            ; 0          ; |de10_recorder_top|recorder:rec|altsyncram:ram|altsyncram_4fh1:auto_generated|altsyncram_iu72:altsyncram1|decode_97a:decode5                                                                                                                                                                                                                                  ; decode_97a                        ; work         ;
;                |mux_d3b:mux6|                                                                                                           ; 24 (24)             ; 0 (0)                     ; 0           ; 0          ; 0            ; 0       ; 0         ; 0    ; 0            ; 0          ; |de10_recorder_top|recorder:rec|altsyncram:ram|altsyncram_4fh1:auto_generated|altsyncram_iu72:altsyncram1|mux_d3b:mux6                                                                                                                                                                                                                                        ; mux_d3b                           ; work         ;
;             |sld_mod_ram_rom:mgl_prim2|                                                                                                 ; 114 (92)            ; 86 (77)                   ; 0           ; 0          ; 0            ; 0       ; 0         ; 0    ; 0            ; 0          ; |de10_recorder_top|recorder:rec|altsyncram:ram|altsyncram_4fh1:auto_generated|sld_mod_ram_rom:mgl_prim2                                                                                                                                                                                                                                                       ; sld_mod_ram_rom                   ; work         ;
;                |sld_rom_sr:\ram_rom_logic_gen:name_gen:info_rom_sr|                                                                     ; 22 (22)             ; 9 (9)                     ; 0           ; 0          ; 0            ; 0       ; 0         ; 0    ; 0            ; 0          ; |de10_recorder_top|recorder:rec|altsyncram:ram|altsyncram_4fh1:auto_generated|sld_mod_ram_rom:mgl_prim2|sld_rom_sr:\ram_rom_logic_gen:name_gen:info_rom_sr                                                                                                                                                                                                    ; sld_rom_sr                        ; work         ;
;    |sld_hub:auto_hub|                                                                                                                   ; 122 (1)             ; 86 (0)                    ; 0           ; 0          ; 0            ; 0       ; 0         ; 0    ; 0            ; 0          ; |de10_recorder_top|sld_hub:auto_hub                                                                                                                                                                                                                                                                                                                           ; sld_hub                           ; altera_sld   ;
;       |alt_sld_fab_with_jtag_input:\instrumentation_fabric_with_node_gen:fabric_gen_new_way:with_jtag_input_gen:instrumentation_fabric| ; 121 (0)             ; 86 (0)                    ; 0           ; 0          ; 0            ; 0       ; 0         ; 0    ; 0            ; 0          ; |de10_recorder_top|sld_hub:auto_hub|alt_sld_fab_with_jtag_input:\instrumentation_fabric_with_node_gen:fabric_gen_new_way:with_jtag_input_gen:instrumentation_fabric                                                                                                                                                                                           ; alt_sld_fab_with_jtag_input       ; altera_sld   ;
;          |alt_sld_fab:instrumentation_fabric|                                                                                           ; 121 (0)             ; 86 (0)                    ; 0           ; 0          ; 0            ; 0       ; 0         ; 0    ; 0            ; 0          ; |de10_recorder_top|sld_hub:auto_hub|alt_sld_fab_with_jtag_input:\instrumentation_fabric_with_node_gen:fabric_gen_new_way:with_jtag_input_gen:instrumentation_fabric|alt_sld_fab:instrumentation_fabric                                                                                                                                                        ; alt_sld_fab                       ; alt_sld_fab  ;
;             |alt_sld_fab_alt_sld_fab:alt_sld_fab|                                                                                       ; 121 (1)             ; 86 (5)                    ; 0           ; 0          ; 0            ; 0       ; 0         ; 0    ; 0            ; 0          ; |de10_recorder_top|sld_hub:auto_hub|alt_sld_fab_with_jtag_input:\instrumentation_fabric_with_node_gen:fabric_gen_new_way:with_jtag_input_gen:instrumentation_fabric|alt_sld_fab:instrumentation_fabric|alt_sld_fab_alt_sld_fab:alt_sld_fab                                                                                                                    ; alt_sld_fab_alt_sld_fab           ; alt_sld_fab  ;
;                |alt_sld_fab_alt_sld_fab_sldfabric:sldfabric|                                                                            ; 120 (0)             ; 81 (0)                    ; 0           ; 0          ; 0            ; 0       ; 0         ; 0    ; 0            ; 0          ; |de10_recorder_top|sld_hub:auto_hub|alt_sld_fab_with_jtag_input:\instrumentation_fabric_with_node_gen:fabric_gen_new_way:with_jtag_input_gen:instrumentation_fabric|alt_sld_fab:instrumentation_fabric|alt_sld_fab_alt_sld_fab:alt_sld_fab|alt_sld_fab_alt_sld_fab_sldfabric:sldfabric                                                                        ; alt_sld_fab_alt_sld_fab_sldfabric ; alt_sld_fab  ;
;                   |sld_jtag_hub:\jtag_hub_gen:real_sld_jtag_hub|                                                                        ; 120 (84)            ; 81 (53)                   ; 0           ; 0          ; 0            ; 0       ; 0         ; 0    ; 0            ; 0          ; |de10_recorder_top|sld_hub:auto_hub|alt_sld_fab_with_jtag_input:\instrumentation_fabric_with_node_gen:fabric_gen_new_way:with_jtag_input_gen:instrumentation_fabric|alt_sld_fab:instrumentation_fabric|alt_sld_fab_alt_sld_fab:alt_sld_fab|alt_sld_fab_alt_sld_fab_sldfabric:sldfabric|sld_jtag_hub:\jtag_hub_gen:real_sld_jtag_hub                           ; sld_jtag_hub                      ; work         ;
;                      |sld_rom_sr:hub_info_reg|                                                                                          ; 18 (18)             ; 9 (9)                     ; 0           ; 0          ; 0            ; 0       ; 0         ; 0    ; 0            ; 0          ; |de10_recorder_top|sld_hub:auto_hub|alt_sld_fab_with_jtag_input:\instrumentation_fabric_with_node_gen:fabric_gen_new_way:with_jtag_input_gen:instrumentation_fabric|alt_sld_fab:instrumentation_fabric|alt_sld_fab_alt_sld_fab:alt_sld_fab|alt_sld_fab_alt_sld_fab_sldfabric:sldfabric|sld_jtag_hub:\jtag_hub_gen:real_sld_jtag_hub|sld_rom_sr:hub_info_reg   ; sld_rom_sr                        ; work         ;
;                      |sld_shadow_jsm:shadow_jsm|                                                                                        ; 18 (18)             ; 19 (19)                   ; 0           ; 0          ; 0            ; 0       ; 0         ; 0    ; 0            ; 0          ; |de10_recorder_top|sld_hub:auto_hub|alt_sld_fab_with_jtag_input:\instrumentation_fabric_with_node_gen:fabric_gen_new_way:with_jtag_input_gen:instrumentation_fabric|alt_sld_fab:instrumentation_fabric|alt_sld_fab_alt_sld_fab:alt_sld_fab|alt_sld_fab_alt_sld_fab_sldfabric:sldfabric|sld_jtag_hub:\jtag_hub_gen:real_sld_jtag_hub|sld_shadow_jsm:shadow_jsm ; sld_shadow_jsm                    ; altera_sld   ;
+-----------------------------------------------------------------------------------------------------------------------------------------+---------------------+---------------------------+-------------+------------+--------------+---------+-----------+------+--------------+------------+---------------------------------------------------------------------------------------------------------------------------------------------------------------------------------------------------------------------------------------------------------------------------------------------------------------------------------------------------------------+-----------------------------------+--------------+
Note: For table entries with two numbers listed, the numbers in parentheses indicate the number of resources of the given type used by the specific entity alone. The numbers listed outside of parentheses indicate the total resources of the given type used by the specific entity and all of its sub-entities in the hierarchy.


+-------------------------------------------------------------------------------------------------------------------------------------------------------------------------------------------------------+
; Analysis & Synthesis RAM Summary                                                                                                                                                                      ;
+---------------------------------------------------------------------------------------------------+------+----------------+--------------+--------------+--------------+--------------+--------+------+
; Name                                                                                              ; Type ; Mode           ; Port A Depth ; Port A Width ; Port B Depth ; Port B Width ; Size   ; MIF  ;
+---------------------------------------------------------------------------------------------------+------+----------------+--------------+--------------+--------------+--------------+--------+------+
; recorder:rec|altsyncram:ram|altsyncram_4fh1:auto_generated|altsyncram_iu72:altsyncram1|ALTSYNCRAM ; M9K  ; True Dual Port ; 16384        ; 48           ; 16384        ; 48           ; 786432 ; None ;
+---------------------------------------------------------------------------------------------------+------+----------------+--------------+--------------+--------------+--------------+--------+------+


+--------------------------------------------------------------------------------------------------------------------------------------------------------------------------------------------------------------------------------------------------------------------------------------------------------------------------------------------------------------------------+
; Analysis & Synthesis IP Cores Summary                                                                                                                                                                                                                                                                                                                                    ;
+--------+--------------+---------+--------------+--------------+----------------------------------------------------------------------------------------------------------------------------------------------------------------------------------------------------------------------------------------------------------------------------------------+-----------------+
; Vendor ; IP Core Name ; Version ; Release Date ; License Type ; Entity Instance                                                                                                                                                                                                                                                                        ; IP Include File ;
+--------+--------------+---------+--------------+--------------+----------------------------------------------------------------------------------------------------------------------------------------------------------------------------------------------------------------------------------------------------------------------------------------+-----------------+
; Altera ; Signal Tap   ; N/A     ; N/A          ; Licensed     ; |de10_recorder_top|sld_hub:auto_hub|alt_sld_fab_with_jtag_input:\instrumentation_fabric_with_node_gen:fabric_gen_new_way:with_jtag_input_gen:instrumentation_fabric|alt_sld_fab:instrumentation_fabric                                                                                 ;                 ;
; Altera ; Signal Tap   ; N/A     ; N/A          ; Licensed     ; |de10_recorder_top|sld_hub:auto_hub|alt_sld_fab_with_jtag_input:\instrumentation_fabric_with_node_gen:fabric_gen_new_way:with_jtag_input_gen:instrumentation_fabric|alt_sld_fab:instrumentation_fabric|alt_sld_fab_alt_sld_fab:alt_sld_fab                                             ;                 ;
; Altera ; Signal Tap   ; N/A     ; N/A          ; Licensed     ; |de10_recorder_top|sld_hub:auto_hub|alt_sld_fab_with_jtag_input:\instrumentation_fabric_with_node_gen:fabric_gen_new_way:with_jtag_input_gen:instrumentation_fabric|alt_sld_fab:instrumentation_fabric|alt_sld_fab_alt_sld_fab:alt_sld_fab|alt_sld_fab_alt_sld_fab_presplit:presplit   ;                 ;
; Altera ; Signal Tap   ; N/A     ; N/A          ; Licensed     ; |de10_recorder_top|sld_hub:auto_hub|alt_sld_fab_with_jtag_input:\instrumentation_fabric_with_node_gen:fabric_gen_new_way:with_jtag_input_gen:instrumentation_fabric|alt_sld_fab:instrumentation_fabric|alt_sld_fab_alt_sld_fab:alt_sld_fab|alt_sld_fab_alt_sld_fab_sldfabric:sldfabric ;                 ;
; Altera ; Signal Tap   ; N/A     ; N/A          ; Licensed     ; |de10_recorder_top|sld_hub:auto_hub|alt_sld_fab_with_jtag_input:\instrumentation_fabric_with_node_gen:fabric_gen_new_way:with_jtag_input_gen:instrumentation_fabric|alt_sld_fab:instrumentation_fabric|alt_sld_fab_alt_sld_fab:alt_sld_fab|alt_sld_fab_alt_sld_fab_splitter:splitter   ;                 ;
+--------+--------------+---------+--------------+--------------+----------------------------------------------------------------------------------------------------------------------------------------------------------------------------------------------------------------------------------------------------------------------------------------+-----------------+


Encoding Type:  One-Hot
+------------------------------------------------------------------------------------+
; State Machine - |de10_recorder_top|recorder:rec|state                              ;
+----------------+-----------+----------------+------------+-------------+-----------+
; Name           ; state.ARM ; state.SETTLE_S ; state.IDLE ; state.CLEAR ; state.REC ;
+----------------+-----------+----------------+------------+-------------+-----------+
; state.CLEAR    ; 0         ; 0              ; 0          ; 0           ; 0         ;
; state.IDLE     ; 0         ; 0              ; 1          ; 1           ; 0         ;
; state.SETTLE_S ; 0         ; 1              ; 0          ; 1           ; 0         ;
; state.ARM      ; 1         ; 0              ; 0          ; 1           ; 0         ;
; state.REC      ; 0         ; 0              ; 0          ; 1           ; 1         ;
+----------------+-----------+----------------+------------+-------------+-----------+


Encoding Type:  One-Hot
+-----------------------------------------------------------------------------------------------------+
; State Machine - |de10_recorder_top|adxl345_ctrl:sensor|state                                        ;
+-------------+------------+-----------+------------+----------+-------------+-----------+------------+
; Name        ; state.RD_W ; state.RUN ; state.ID_W ; state.ID ; state.CFG_W ; state.CFG ; state.BOOT ;
+-------------+------------+-----------+------------+----------+-------------+-----------+------------+
; state.BOOT  ; 0          ; 0         ; 0          ; 0        ; 0           ; 0         ; 0          ;
; state.CFG   ; 0          ; 0         ; 0          ; 0        ; 0           ; 1         ; 1          ;
; state.CFG_W ; 0          ; 0         ; 0          ; 0        ; 1           ; 0         ; 1          ;
; state.ID    ; 0          ; 0         ; 0          ; 1        ; 0           ; 0         ; 1          ;
; state.ID_W  ; 0          ; 0         ; 1          ; 0        ; 0           ; 0         ; 1          ;
; state.RUN   ; 0          ; 1         ; 0          ; 0        ; 0           ; 0         ; 1          ;
; state.RD_W  ; 1          ; 0         ; 0          ; 0        ; 0           ; 0         ; 1          ;
+-------------+------------+-----------+------------+----------+-------------+-----------+------------+


Encoding Type:  One-Hot
+------------------------------------------------------------------------------------------+
; State Machine - |de10_recorder_top|adxl345_ctrl:sensor|adxl345_spi:spi|state             ;
+-------------+-----------+------------+------------+-----------+-------------+------------+
; Name        ; state.GAP ; state.HOLD ; state.HIGH ; state.LOW ; state.SETUP ; state.IDLE ;
+-------------+-----------+------------+------------+-----------+-------------+------------+
; state.IDLE  ; 0         ; 0          ; 0          ; 0         ; 0           ; 0          ;
; state.SETUP ; 0         ; 0          ; 0          ; 0         ; 1           ; 1          ;
; state.LOW   ; 0         ; 0          ; 0          ; 1         ; 0           ; 1          ;
; state.HIGH  ; 0         ; 0          ; 1          ; 0         ; 0           ; 1          ;
; state.HOLD  ; 0         ; 1          ; 0          ; 0         ; 0           ; 1          ;
; state.GAP   ; 1         ; 0          ; 0          ; 0         ; 0           ; 1          ;
+-------------+-----------+------------+------------+-----------+-------------+------------+


+--------------------------------------------------------------------------------------------+
; Registers Removed During Synthesis                                                         ;
+-------------------------------------------------+------------------------------------------+
; Register name                                   ; Reason for Removal                       ;
+-------------------------------------------------+------------------------------------------+
; adxl345_ctrl:sensor|wdata[4,5]                  ; Stuck at GND due to stuck port data_in   ;
; adxl345_ctrl:sensor|adxl345_spi:spi|nbits[0..2] ; Stuck at GND due to stuck port data_in   ;
; adxl345_ctrl:sensor|nrd[2]                      ; Merged with adxl345_ctrl:sensor|nrd[1]   ;
; adxl345_ctrl:sensor|addr[3]                     ; Merged with adxl345_ctrl:sensor|addr[2]  ;
; adxl345_ctrl:sensor|wdata[1,6]                  ; Merged with adxl345_ctrl:sensor|wdata[0] ;
; recorder:rec|state~3                            ; Lost fanout                              ;
; recorder:rec|state~4                            ; Lost fanout                              ;
; adxl345_ctrl:sensor|state~9                     ; Lost fanout                              ;
; adxl345_ctrl:sensor|state~10                    ; Lost fanout                              ;
; adxl345_ctrl:sensor|state~11                    ; Lost fanout                              ;
; adxl345_ctrl:sensor|adxl345_spi:spi|state~7     ; Lost fanout                              ;
; adxl345_ctrl:sensor|adxl345_spi:spi|state~8     ; Lost fanout                              ;
; adxl345_ctrl:sensor|adxl345_spi:spi|state~9     ; Lost fanout                              ;
; Total Number of Removed Registers = 17          ;                                          ;
+-------------------------------------------------+------------------------------------------+


+------------------------------------------------------+
; General Register Statistics                          ;
+----------------------------------------------+-------+
; Statistic                                    ; Value ;
+----------------------------------------------+-------+
; Total registers                              ; 450   ;
; Number of registers using Synchronous Clear  ; 109   ;
; Number of registers using Synchronous Load   ; 77    ;
; Number of registers using Asynchronous Clear ; 62    ;
; Number of registers using Asynchronous Load  ; 0     ;
; Number of registers using Clock Enable       ; 322   ;
; Number of registers using Preset             ; 0     ;
+----------------------------------------------+-------+


+-------------------------------------------------------------------------------------------------------------------------------------------------------------------------------------------------------------------------------------------------------------------------------------------------------------------------------------------+
; Inverted Register Statistics                                                                                                                                                                                                                                                                                                              ;
+---------------------------------------------------------------------------------------------------------------------------------------------------------------------------------------------------------------------------------------------------------------------------------------------------------------------------------+---------+
; Inverted Register                                                                                                                                                                                                                                                                                                               ; Fan out ;
+---------------------------------------------------------------------------------------------------------------------------------------------------------------------------------------------------------------------------------------------------------------------------------------------------------------------------------+---------+
; sld_hub:auto_hub|alt_sld_fab_with_jtag_input:\instrumentation_fabric_with_node_gen:fabric_gen_new_way:with_jtag_input_gen:instrumentation_fabric|alt_sld_fab:instrumentation_fabric|alt_sld_fab_alt_sld_fab:alt_sld_fab|alt_sld_fab_alt_sld_fab_sldfabric:sldfabric|sld_jtag_hub:\jtag_hub_gen:real_sld_jtag_hub|jtag_ir_reg[2] ; 2       ;
; sld_hub:auto_hub|alt_sld_fab_with_jtag_input:\instrumentation_fabric_with_node_gen:fabric_gen_new_way:with_jtag_input_gen:instrumentation_fabric|alt_sld_fab:instrumentation_fabric|alt_sld_fab_alt_sld_fab:alt_sld_fab|alt_sld_fab_alt_sld_fab_sldfabric:sldfabric|sld_jtag_hub:\jtag_hub_gen:real_sld_jtag_hub|jtag_ir_reg[1] ; 3       ;
; Total number of inverted registers = 2                                                                                                                                                                                                                                                                                          ;         ;
+---------------------------------------------------------------------------------------------------------------------------------------------------------------------------------------------------------------------------------------------------------------------------------------------------------------------------------+---------+


+-------------------------------------------------------------------------------------------------------------------------------------------------------------------------------------------------------------------------------------------------------------------------------------------------------------------------------------------------------------------------------------------------------------------------------------------------------------------------------------------+
; Multiplexer Restructuring Statistics (Restructuring Performed)                                                                                                                                                                                                                                                                                                                                                                                                                            ;
+--------------------+-----------+---------------+----------------------+------------------------+------------+-----------------------------------------------------------------------------------------------------------------------------------------------------------------------------------------------------------------------------------------------------------------------------------------------------------------------------------------------------------------------------+
; Multiplexer Inputs ; Bus Width ; Baseline Area ; Area if Restructured ; Saving if Restructured ; Registered ; Example Multiplexer Output                                                                                                                                                                                                                                                                                                                                                  ;
+--------------------+-----------+---------------+----------------------+------------------------+------------+-----------------------------------------------------------------------------------------------------------------------------------------------------------------------------------------------------------------------------------------------------------------------------------------------------------------------------------------------------------------------------+
; 3:1                ; 3 bits    ; 6 LEs         ; 3 LEs                ; 3 LEs                  ; Yes        ; |de10_recorder_top|adxl345_ctrl:sensor|step[0]                                                                                                                                                                                                                                                                                                                              ;
; 3:1                ; 8 bits    ; 16 LEs        ; 8 LEs                ; 8 LEs                  ; Yes        ; |de10_recorder_top|adxl345_ctrl:sensor|devid[4]                                                                                                                                                                                                                                                                                                                             ;
; 3:1                ; 6 bits    ; 12 LEs        ; 6 LEs                ; 6 LEs                  ; Yes        ; |de10_recorder_top|recorder:rec|altsyncram:ram|altsyncram_4fh1:auto_generated|sld_mod_ram_rom:mgl_prim2|ram_rom_data_shift_cntr_reg[5]                                                                                                                                                                                                                                      ;
; 3:1                ; 20 bits   ; 40 LEs        ; 20 LEs               ; 20 LEs                 ; Yes        ; |de10_recorder_top|k1_cnt[4]                                                                                                                                                                                                                                                                                                                                                ;
; 3:1                ; 5 bits    ; 10 LEs        ; 5 LEs                ; 5 LEs                  ; Yes        ; |de10_recorder_top|adxl345_ctrl:sensor|adxl345_spi:spi|cnt[2]                                                                                                                                                                                                                                                                                                               ;
; 3:1                ; 14 bits   ; 28 LEs        ; 14 LEs               ; 14 LEs                 ; Yes        ; |de10_recorder_top|recorder:rec|altsyncram:ram|altsyncram_4fh1:auto_generated|sld_mod_ram_rom:mgl_prim2|ram_rom_addr_reg[5]                                                                                                                                                                                                                                                 ;
; 3:1                ; 48 bits   ; 96 LEs        ; 48 LEs               ; 48 LEs                 ; Yes        ; |de10_recorder_top|adxl345_ctrl:sensor|x[15]                                                                                                                                                                                                                                                                                                                                ;
; 4:1                ; 48 bits   ; 96 LEs        ; 96 LEs               ; 0 LEs                  ; Yes        ; |de10_recorder_top|recorder:rec|altsyncram:ram|altsyncram_4fh1:auto_generated|sld_mod_ram_rom:mgl_prim2|ram_rom_data_reg[47]                                                                                                                                                                                                                                                ;
; 4:1                ; 5 bits    ; 10 LEs        ; 5 LEs                ; 5 LEs                  ; Yes        ; |de10_recorder_top|recorder:rec|altsyncram:ram|altsyncram_4fh1:auto_generated|sld_mod_ram_rom:mgl_prim2|sld_rom_sr:\ram_rom_logic_gen:name_gen:info_rom_sr|word_counter[1]                                                                                                                                                                                                  ;
; 5:1                ; 10 bits   ; 30 LEs        ; 20 LEs               ; 10 LEs                 ; Yes        ; |de10_recorder_top|recorder:rec|idx[1]                                                                                                                                                                                                                                                                                                                                      ;
; 5:1                ; 24 bits   ; 72 LEs        ; 24 LEs               ; 48 LEs                 ; Yes        ; |de10_recorder_top|recorder:rec|t[1]                                                                                                                                                                                                                                                                                                                                        ;
; 5:1                ; 2 bits    ; 6 LEs         ; 4 LEs                ; 2 LEs                  ; Yes        ; |de10_recorder_top|adxl345_ctrl:sensor|rw                                                                                                                                                                                                                                                                                                                                   ;
; 5:1                ; 4 bits    ; 12 LEs        ; 8 LEs                ; 4 LEs                  ; Yes        ; |de10_recorder_top|adxl345_ctrl:sensor|addr[1]                                                                                                                                                                                                                                                                                                                              ;
; 5:1                ; 8 bits    ; 24 LEs        ; 8 LEs                ; 16 LEs                 ; Yes        ; |de10_recorder_top|adxl345_ctrl:sensor|adxl345_spi:spi|bitn[3]                                                                                                                                                                                                                                                                                                              ;
; 5:1                ; 13 bits   ; 39 LEs        ; 13 LEs               ; 26 LEs                 ; Yes        ; |de10_recorder_top|adxl345_ctrl:sensor|adxl345_spi:spi|tx[11]                                                                                                                                                                                                                                                                                                               ;
; 6:1                ; 5 bits    ; 20 LEs        ; 10 LEs               ; 10 LEs                 ; Yes        ; |de10_recorder_top|recorder:rec|addr[10]                                                                                                                                                                                                                                                                                                                                    ;
; 6:1                ; 48 bits   ; 192 LEs       ; 48 LEs               ; 144 LEs                ; Yes        ; |de10_recorder_top|adxl345_ctrl:sensor|adxl345_spi:spi|rdata[14]                                                                                                                                                                                                                                                                                                            ;
; 7:1                ; 20 bits   ; 80 LEs        ; 20 LEs               ; 60 LEs                 ; Yes        ; |de10_recorder_top|adxl345_ctrl:sensor|t[2]                                                                                                                                                                                                                                                                                                                                 ;
; 26:1               ; 4 bits    ; 68 LEs        ; 44 LEs               ; 24 LEs                 ; Yes        ; |de10_recorder_top|recorder:rec|altsyncram:ram|altsyncram_4fh1:auto_generated|sld_mod_ram_rom:mgl_prim2|sld_rom_sr:\ram_rom_logic_gen:name_gen:info_rom_sr|WORD_SR[2]                                                                                                                                                                                                       ;
; 3:1                ; 3 bits    ; 6 LEs         ; 6 LEs                ; 0 LEs                  ; No         ; |de10_recorder_top|ones[3]                                                                                                                                                                                                                                                                                                                                                  ;
; 8:1                ; 2 bits    ; 10 LEs        ; 4 LEs                ; 6 LEs                  ; No         ; |de10_recorder_top|adxl345_ctrl:sensor|state                                                                                                                                                                                                                                                                                                                                ;
; 11:1               ; 5 bits    ; 35 LEs        ; 20 LEs               ; 15 LEs                 ; No         ; |de10_recorder_top|recorder:rec|state                                                                                                                                                                                                                                                                                                                                       ;
; 9:1                ; 2 bits    ; 12 LEs        ; 6 LEs                ; 6 LEs                  ; No         ; |de10_recorder_top|adxl345_ctrl:sensor|state                                                                                                                                                                                                                                                                                                                                ;
; 10:1               ; 2 bits    ; 12 LEs        ; 8 LEs                ; 4 LEs                  ; No         ; |de10_recorder_top|adxl345_ctrl:sensor|state                                                                                                                                                                                                                                                                                                                                ;
; 3:1                ; 7 bits    ; 14 LEs        ; 7 LEs                ; 7 LEs                  ; Yes        ; |de10_recorder_top|sld_hub:auto_hub|alt_sld_fab_with_jtag_input:\instrumentation_fabric_with_node_gen:fabric_gen_new_way:with_jtag_input_gen:instrumentation_fabric|alt_sld_fab:instrumentation_fabric|alt_sld_fab_alt_sld_fab:alt_sld_fab|alt_sld_fab_alt_sld_fab_sldfabric:sldfabric|sld_jtag_hub:\jtag_hub_gen:real_sld_jtag_hub|irsr_reg[2]                             ;
; 3:1                ; 4 bits    ; 8 LEs         ; 4 LEs                ; 4 LEs                  ; Yes        ; |de10_recorder_top|sld_hub:auto_hub|alt_sld_fab_with_jtag_input:\instrumentation_fabric_with_node_gen:fabric_gen_new_way:with_jtag_input_gen:instrumentation_fabric|alt_sld_fab:instrumentation_fabric|alt_sld_fab_alt_sld_fab:alt_sld_fab|alt_sld_fab_alt_sld_fab_sldfabric:sldfabric|sld_jtag_hub:\jtag_hub_gen:real_sld_jtag_hub|hub_minor_ver_reg[0]                    ;
; 4:1                ; 5 bits    ; 10 LEs        ; 5 LEs                ; 5 LEs                  ; Yes        ; |de10_recorder_top|sld_hub:auto_hub|alt_sld_fab_with_jtag_input:\instrumentation_fabric_with_node_gen:fabric_gen_new_way:with_jtag_input_gen:instrumentation_fabric|alt_sld_fab:instrumentation_fabric|alt_sld_fab_alt_sld_fab:alt_sld_fab|alt_sld_fab_alt_sld_fab_sldfabric:sldfabric|sld_jtag_hub:\jtag_hub_gen:real_sld_jtag_hub|sld_rom_sr:hub_info_reg|word_counter[1] ;
; 4:1                ; 5 bits    ; 10 LEs        ; 5 LEs                ; 5 LEs                  ; Yes        ; |de10_recorder_top|sld_hub:auto_hub|alt_sld_fab_with_jtag_input:\instrumentation_fabric_with_node_gen:fabric_gen_new_way:with_jtag_input_gen:instrumentation_fabric|alt_sld_fab:instrumentation_fabric|alt_sld_fab_alt_sld_fab:alt_sld_fab|alt_sld_fab_alt_sld_fab_sldfabric:sldfabric|sld_jtag_hub:\jtag_hub_gen:real_sld_jtag_hub|mixer_addr_reg_internal[4]              ;
; 34:1               ; 4 bits    ; 88 LEs        ; 56 LEs               ; 32 LEs                 ; Yes        ; |de10_recorder_top|sld_hub:auto_hub|alt_sld_fab_with_jtag_input:\instrumentation_fabric_with_node_gen:fabric_gen_new_way:with_jtag_input_gen:instrumentation_fabric|alt_sld_fab:instrumentation_fabric|alt_sld_fab_alt_sld_fab:alt_sld_fab|alt_sld_fab_alt_sld_fab_sldfabric:sldfabric|sld_jtag_hub:\jtag_hub_gen:real_sld_jtag_hub|design_hash_reg[0]                      ;
; 20:1               ; 4 bits    ; 52 LEs        ; 32 LEs               ; 20 LEs                 ; Yes        ; |de10_recorder_top|sld_hub:auto_hub|alt_sld_fab_with_jtag_input:\instrumentation_fabric_with_node_gen:fabric_gen_new_way:with_jtag_input_gen:instrumentation_fabric|alt_sld_fab:instrumentation_fabric|alt_sld_fab_alt_sld_fab:alt_sld_fab|alt_sld_fab_alt_sld_fab_sldfabric:sldfabric|sld_jtag_hub:\jtag_hub_gen:real_sld_jtag_hub|sld_rom_sr:hub_info_reg|WORD_SR[0]      ;
+--------------------+-----------+---------------+----------------------+------------------------+------------+-----------------------------------------------------------------------------------------------------------------------------------------------------------------------------------------------------------------------------------------------------------------------------------------------------------------------------------------------------------------------------+


+---------------------------------------------------------------------------------------------------------------+
; Source assignments for recorder:rec|altsyncram:ram|altsyncram_4fh1:auto_generated|altsyncram_iu72:altsyncram1 ;
+---------------------------------+--------------------+------+-------------------------------------------------+
; Assignment                      ; Value              ; From ; To                                              ;
+---------------------------------+--------------------+------+-------------------------------------------------+
; OPTIMIZE_POWER_DURING_SYNTHESIS ; NORMAL_COMPILATION ; -    ; -                                               ;
+---------------------------------+--------------------+------+-------------------------------------------------+


+------------------------------------------------------------------+
; Parameter Settings for User Entity Instance: adxl345_ctrl:sensor ;
+----------------+---------+---------------------------------------+
; Parameter Name ; Value   ; Type                                  ;
+----------------+---------+---------------------------------------+
; HALF           ; 25      ; Signed Integer                        ;
; BOOT_WAIT      ; 500000  ; Signed Integer                        ;
; PERIOD         ; 125000  ; Signed Integer                        ;
; INT_WAIT       ; 1000000 ; Signed Integer                        ;
+----------------+---------+---------------------------------------+
Note: In order to hide this table in the UI and the text report file, please set the "Show Parameter Settings in Synthesis Report" option in "Analysis and Synthesis Settings -> More Settings" to "Off".


+----------------------------------------------------------------------------------+
; Parameter Settings for User Entity Instance: adxl345_ctrl:sensor|adxl345_spi:spi ;
+----------------+-------+---------------------------------------------------------+
; Parameter Name ; Value ; Type                                                    ;
+----------------+-------+---------------------------------------------------------+
; HALF           ; 25    ; Signed Integer                                          ;
+----------------+-------+---------------------------------------------------------+
Note: In order to hide this table in the UI and the text report file, please set the "Show Parameter Settings in Synthesis Report" option in "Analysis and Synthesis Settings -> More Settings" to "Off".


+-----------------------------------------------------------+
; Parameter Settings for User Entity Instance: recorder:rec ;
+----------------+----------+-------------------------------+
; Parameter Name ; Value    ; Type                          ;
+----------------+----------+-------------------------------+
; SETTLE         ; 15000000 ; Signed Integer                ;
+----------------+----------+-------------------------------+
Note: In order to hide this table in the UI and the text report file, please set the "Show Parameter Settings in Synthesis Report" option in "Analysis and Synthesis Settings -> More Settings" to "Off".


+----------------------------------------------------------------------------+
; Parameter Settings for User Entity Instance: recorder:rec|altsyncram:ram   ;
+------------------------------------+----------------------+----------------+
; Parameter Name                     ; Value                ; Type           ;
+------------------------------------+----------------------+----------------+
; BYTE_SIZE_BLOCK                    ; 8                    ; Untyped        ;
; AUTO_CARRY_CHAINS                  ; ON                   ; AUTO_CARRY     ;
; IGNORE_CARRY_BUFFERS               ; OFF                  ; IGNORE_CARRY   ;
; AUTO_CASCADE_CHAINS                ; ON                   ; AUTO_CASCADE   ;
; IGNORE_CASCADE_BUFFERS             ; OFF                  ; IGNORE_CASCADE ;
; WIDTH_BYTEENA                      ; 1                    ; Untyped        ;
; OPERATION_MODE                     ; SINGLE_PORT          ; Untyped        ;
; WIDTH_A                            ; 48                   ; Signed Integer ;
; WIDTHAD_A                          ; 14                   ; Signed Integer ;
; NUMWORDS_A                         ; 16384                ; Signed Integer ;
; OUTDATA_REG_A                      ; UNREGISTERED         ; Untyped        ;
; ADDRESS_ACLR_A                     ; NONE                 ; Untyped        ;
; OUTDATA_ACLR_A                     ; NONE                 ; Untyped        ;
; WRCONTROL_ACLR_A                   ; NONE                 ; Untyped        ;
; INDATA_ACLR_A                      ; NONE                 ; Untyped        ;
; BYTEENA_ACLR_A                     ; NONE                 ; Untyped        ;
; WIDTH_B                            ; 1                    ; Untyped        ;
; WIDTHAD_B                          ; 1                    ; Untyped        ;
; NUMWORDS_B                         ; 1                    ; Untyped        ;
; INDATA_REG_B                       ; CLOCK1               ; Untyped        ;
; WRCONTROL_WRADDRESS_REG_B          ; CLOCK1               ; Untyped        ;
; RDCONTROL_REG_B                    ; CLOCK1               ; Untyped        ;
; ADDRESS_REG_B                      ; CLOCK1               ; Untyped        ;
; OUTDATA_REG_B                      ; UNREGISTERED         ; Untyped        ;
; BYTEENA_REG_B                      ; CLOCK1               ; Untyped        ;
; INDATA_ACLR_B                      ; NONE                 ; Untyped        ;
; WRCONTROL_ACLR_B                   ; NONE                 ; Untyped        ;
; ADDRESS_ACLR_B                     ; NONE                 ; Untyped        ;
; OUTDATA_ACLR_B                     ; NONE                 ; Untyped        ;
; RDCONTROL_ACLR_B                   ; NONE                 ; Untyped        ;
; BYTEENA_ACLR_B                     ; NONE                 ; Untyped        ;
; WIDTH_BYTEENA_A                    ; 1                    ; Signed Integer ;
; WIDTH_BYTEENA_B                    ; 1                    ; Untyped        ;
; RAM_BLOCK_TYPE                     ; M9K                  ; Untyped        ;
; BYTE_SIZE                          ; 8                    ; Untyped        ;
; READ_DURING_WRITE_MODE_MIXED_PORTS ; DONT_CARE            ; Untyped        ;
; READ_DURING_WRITE_MODE_PORT_A      ; NEW_DATA_NO_NBE_READ ; Untyped        ;
; READ_DURING_WRITE_MODE_PORT_B      ; NEW_DATA_NO_NBE_READ ; Untyped        ;
; INIT_FILE                          ; UNUSED               ; Untyped        ;
; INIT_FILE_LAYOUT                   ; PORT_A               ; Untyped        ;
; MAXIMUM_DEPTH                      ; 0                    ; Untyped        ;
; CLOCK_ENABLE_INPUT_A               ; BYPASS               ; Untyped        ;
; CLOCK_ENABLE_INPUT_B               ; NORMAL               ; Untyped        ;
; CLOCK_ENABLE_OUTPUT_A              ; BYPASS               ; Untyped        ;
; CLOCK_ENABLE_OUTPUT_B              ; NORMAL               ; Untyped        ;
; CLOCK_ENABLE_CORE_A                ; USE_INPUT_CLKEN      ; Untyped        ;
; CLOCK_ENABLE_CORE_B                ; USE_INPUT_CLKEN      ; Untyped        ;
; ENABLE_ECC                         ; FALSE                ; Untyped        ;
; ECC_PIPELINE_STAGE_ENABLED         ; FALSE                ; Untyped        ;
; WIDTH_ECCSTATUS                    ; 3                    ; Untyped        ;
; DEVICE_FAMILY                      ; MAX 10               ; Untyped        ;
; CBXI_PARAMETER                     ; altsyncram_4fh1      ; Untyped        ;
+------------------------------------+----------------------+----------------+
Note: In order to hide this table in the UI and the text report file, please set the "Show Parameter Settings in Synthesis Report" option in "Analysis and Synthesis Settings -> More Settings" to "Off".


+-------------------------------------------------------------------------+
; altsyncram Parameter Settings by Entity Instance                        ;
+-------------------------------------------+-----------------------------+
; Name                                      ; Value                       ;
+-------------------------------------------+-----------------------------+
; Number of entity instances                ; 1                           ;
; Entity Instance                           ; recorder:rec|altsyncram:ram ;
;     -- OPERATION_MODE                     ; SINGLE_PORT                 ;
;     -- WIDTH_A                            ; 48                          ;
;     -- NUMWORDS_A                         ; 16384                       ;
;     -- OUTDATA_REG_A                      ; UNREGISTERED                ;
;     -- WIDTH_B                            ; 1                           ;
;     -- NUMWORDS_B                         ; 1                           ;
;     -- ADDRESS_REG_B                      ; CLOCK1                      ;
;     -- OUTDATA_REG_B                      ; UNREGISTERED                ;
;     -- RAM_BLOCK_TYPE                     ; M9K                         ;
;     -- READ_DURING_WRITE_MODE_MIXED_PORTS ; DONT_CARE                   ;
+-------------------------------------------+-----------------------------+


+----------------------------------------------------------------------------------------------------------------+
; Port Connectivity Checks: "adxl345_ctrl:sensor|adxl345_spi:spi"                                                ;
+------+--------+----------+-------------------------------------------------------------------------------------+
; Port ; Type   ; Severity ; Details                                                                             ;
+------+--------+----------+-------------------------------------------------------------------------------------+
; busy ; Output ; Info     ; Connected to dangling logic. Logic that only feeds a dangling port will be removed. ;
+------+--------+----------+-------------------------------------------------------------------------------------+


+------------------------------------------------------------------------------------------------------------------------+
; In-System Memory Content Editor Settings                                                                               ;
+----------------+-------------+-------+-------+------------+------------------------------------------------------------+
; Instance Index ; Instance ID ; Width ; Depth ; Mode       ; Hierarchy Location                                         ;
+----------------+-------------+-------+-------+------------+------------------------------------------------------------+
; 0              ; REC         ; 48    ; 16384 ; Read/Write ; recorder:rec|altsyncram:ram|altsyncram_4fh1:auto_generated ;
+----------------+-------------+-------+-------+------------+------------------------------------------------------------+


+-----------------------------------------------------+
; Post-Synthesis Netlist Statistics for Top Partition ;
+-----------------------+-----------------------------+
; Type                  ; Count                       ;
+-----------------------+-----------------------------+
; boundary_port         ; 71                          ;
; cycloneiii_ff         ; 364                         ;
;     CLR               ; 7                           ;
;     CLR SLD           ; 1                           ;
;     ENA               ; 163                         ;
;     ENA CLR           ; 7                           ;
;     ENA CLR SLD       ; 14                          ;
;     ENA SCLR          ; 32                          ;
;     ENA SLD           ; 48                          ;
;     SCLR              ; 65                          ;
;     SLD               ; 4                           ;
;     plain             ; 23                          ;
; cycloneiii_io_obuf    ; 1                           ;
; cycloneiii_lcell_comb ; 653                         ;
;     arith             ; 127                         ;
;         2 data inputs ; 125                         ;
;         3 data inputs ; 2                           ;
;     normal            ; 526                         ;
;         0 data inputs ; 2                           ;
;         1 data inputs ; 16                          ;
;         2 data inputs ; 138                         ;
;         3 data inputs ; 173                         ;
;         4 data inputs ; 197                         ;
; cycloneiii_ram_block  ; 96                          ;
;                       ;                             ;
; Max LUT depth         ; 7.00                        ;
; Average LUT depth     ; 2.44                        ;
+-----------------------+-----------------------------+


+------------------------------------------------------------------+
; Post-Synthesis Netlist Statistics for Partition sld_hub:auto_hub ;
+-----------------------+------------------------------------------+
; Type                  ; Count                                    ;
+-----------------------+------------------------------------------+
; boundary_port         ; 103                                      ;
; cycloneiii_ff         ; 86                                       ;
;     CLR               ; 5                                        ;
;     ENA               ; 16                                       ;
;     ENA CLR           ; 27                                       ;
;     ENA CLR SLD       ; 1                                        ;
;     ENA SCLR          ; 5                                        ;
;     ENA SLD           ; 9                                        ;
;     SCLR              ; 7                                        ;
;     plain             ; 16                                       ;
; cycloneiii_lcell_comb ; 122                                      ;
;     arith             ; 8                                        ;
;         2 data inputs ; 8                                        ;
;     normal            ; 114                                      ;
;         0 data inputs ; 1                                        ;
;         1 data inputs ; 6                                        ;
;         2 data inputs ; 22                                       ;
;         3 data inputs ; 31                                       ;
;         4 data inputs ; 54                                       ;
;                       ;                                          ;
; Max LUT depth         ; 4.00                                     ;
; Average LUT depth     ; 1.86                                     ;
+-----------------------+------------------------------------------+


+---------------------------------+
; Elapsed Time Per Partition      ;
+------------------+--------------+
; Partition Name   ; Elapsed Time ;
+------------------+--------------+
; Top              ; 00:00:00     ;
; sld_hub:auto_hub ; 00:00:00     ;
+------------------+--------------+


+-------------------------------+
; Analysis & Synthesis Messages ;
+-------------------------------+
Info: *******************************************************************
Info: Running Quartus Prime Analysis & Synthesis
    Info: Version 20.1.1 Build 720 11/11/2020 SJ Lite Edition
    Info: Processing started: Mon Oct 05 09:15:18 2026
Info: Command: quartus_map --read_settings_files=on --write_settings_files=off recorder -c recorder
Warning (18236): Number of processors has not been specified which may cause overloading on shared machines.  Set the global assignment NUM_PARALLEL_PROCESSORS in your QSF to an appropriate value for best performance.
Info (20030): Parallel compilation is enabled and will use 16 of the 20 processors detected
Info (12021): Found 1 design units, including 1 entities, in source file /users/mm3624/documents/neurochip/hw/rtl/rec/hex7.sv
    Info (12023): Found entity 1: hex7 File: C:/Users/mm3624/Documents/neurochip/hw/rtl/rec/hex7.sv Line: 2
Info (12021): Found 1 design units, including 1 entities, in source file /users/mm3624/documents/neurochip/hw/rtl/rec/adxl345_spi.sv
    Info (12023): Found entity 1: adxl345_spi File: C:/Users/mm3624/Documents/neurochip/hw/rtl/rec/adxl345_spi.sv Line: 4
Info (12021): Found 1 design units, including 1 entities, in source file /users/mm3624/documents/neurochip/hw/rtl/rec/adxl345_ctrl.sv
    Info (12023): Found entity 1: adxl345_ctrl File: C:/Users/mm3624/Documents/neurochip/hw/rtl/rec/adxl345_ctrl.sv Line: 3
Info (12021): Found 1 design units, including 1 entities, in source file /users/mm3624/documents/neurochip/hw/rtl/rec/recorder.sv
    Info (12023): Found entity 1: recorder File: C:/Users/mm3624/Documents/neurochip/hw/rtl/rec/recorder.sv Line: 5
Info (12021): Found 1 design units, including 1 entities, in source file /users/mm3624/documents/neurochip/hw/rtl/rec/de10_recorder_top.sv
    Info (12023): Found entity 1: de10_recorder_top File: C:/Users/mm3624/Documents/neurochip/hw/rtl/rec/de10_recorder_top.sv Line: 8
Info (12127): Elaborating entity "de10_recorder_top" for the top level hierarchy
Info (12128): Elaborating entity "adxl345_ctrl" for hierarchy "adxl345_ctrl:sensor" File: C:/Users/mm3624/Documents/neurochip/hw/rtl/rec/de10_recorder_top.sv Line: 57
Info (12128): Elaborating entity "adxl345_spi" for hierarchy "adxl345_ctrl:sensor|adxl345_spi:spi" File: C:/Users/mm3624/Documents/neurochip/hw/rtl/rec/adxl345_ctrl.sv Line: 35
Warning (10036): Verilog HDL or VHDL warning at adxl345_spi.sv(31): object "rd" assigned a value but never read File: C:/Users/mm3624/Documents/neurochip/hw/rtl/rec/adxl345_spi.sv Line: 31
Info (12128): Elaborating entity "recorder" for hierarchy "recorder:rec" File: C:/Users/mm3624/Documents/neurochip/hw/rtl/rec/de10_recorder_top.sv Line: 67
Info (12128): Elaborating entity "altsyncram" for hierarchy "recorder:rec|altsyncram:ram" File: C:/Users/mm3624/Documents/neurochip/hw/rtl/rec/recorder.sv Line: 99
Info (12130): Elaborated megafunction instantiation "recorder:rec|altsyncram:ram" File: C:/Users/mm3624/Documents/neurochip/hw/rtl/rec/recorder.sv Line: 99
Info (12133): Instantiated megafunction "recorder:rec|altsyncram:ram" with the following parameter: File: C:/Users/mm3624/Documents/neurochip/hw/rtl/rec/recorder.sv Line: 99
    Info (12134): Parameter "operation_mode" = "SINGLE_PORT"
    Info (12134): Parameter "width_a" = "48"
    Info (12134): Parameter "widthad_a" = "14"
    Info (12134): Parameter "numwords_a" = "16384"
    Info (12134): Parameter "width_byteena_a" = "1"
    Info (12134): Parameter "outdata_reg_a" = "UNREGISTERED"
    Info (12134): Parameter "clock_enable_input_a" = "BYPASS"
    Info (12134): Parameter "clock_enable_output_a" = "BYPASS"
    Info (12134): Parameter "read_during_write_mode_port_a" = "NEW_DATA_NO_NBE_READ"
    Info (12134): Parameter "power_up_uninitialized" = "FALSE"
    Info (12134): Parameter "ram_block_type" = "M9K"
    Info (12134): Parameter "intended_device_family" = "MAX 10"
    Info (12134): Parameter "lpm_hint" = "ENABLE_RUNTIME_MOD=YES,INSTANCE_NAME=REC"
    Info (12134): Parameter "lpm_type" = "altsyncram"
Info (12021): Found 1 design units, including 1 entities, in source file db/altsyncram_4fh1.tdf
    Info (12023): Found entity 1: altsyncram_4fh1 File: C:/Users/mm3624/Documents/neurochip/hw/syn/recorder/db/altsyncram_4fh1.tdf Line: 28
Info (12128): Elaborating entity "altsyncram_4fh1" for hierarchy "recorder:rec|altsyncram:ram|altsyncram_4fh1:auto_generated" File: c:/intelfpga_lite/20.1/quartus/libraries/megafunctions/altsyncram.tdf Line: 792
Info (12021): Found 1 design units, including 1 entities, in source file db/altsyncram_iu72.tdf
    Info (12023): Found entity 1: altsyncram_iu72 File: C:/Users/mm3624/Documents/neurochip/hw/syn/recorder/db/altsyncram_iu72.tdf Line: 34
Info (12128): Elaborating entity "altsyncram_iu72" for hierarchy "recorder:rec|altsyncram:ram|altsyncram_4fh1:auto_generated|altsyncram_iu72:altsyncram1" File: C:/Users/mm3624/Documents/neurochip/hw/syn/recorder/db/altsyncram_4fh1.tdf Line: 37
Info (12021): Found 1 design units, including 1 entities, in source file db/decode_97a.tdf
    Info (12023): Found entity 1: decode_97a File: C:/Users/mm3624/Documents/neurochip/hw/syn/recorder/db/decode_97a.tdf Line: 23
Info (12128): Elaborating entity "decode_97a" for hierarchy "recorder:rec|altsyncram:ram|altsyncram_4fh1:auto_generated|altsyncram_iu72:altsyncram1|decode_97a:decode4" File: C:/Users/mm3624/Documents/neurochip/hw/syn/recorder/db/altsyncram_iu72.tdf Line: 50
Info (12021): Found 1 design units, including 1 entities, in source file db/decode_2j9.tdf
    Info (12023): Found entity 1: decode_2j9 File: C:/Users/mm3624/Documents/neurochip/hw/syn/recorder/db/decode_2j9.tdf Line: 23
Info (12128): Elaborating entity "decode_2j9" for hierarchy "recorder:rec|altsyncram:ram|altsyncram_4fh1:auto_generated|altsyncram_iu72:altsyncram1|decode_2j9:rden_decode_a" File: C:/Users/mm3624/Documents/neurochip/hw/syn/recorder/db/altsyncram_iu72.tdf Line: 52
Info (12021): Found 1 design units, including 1 entities, in source file db/mux_d3b.tdf
    Info (12023): Found entity 1: mux_d3b File: C:/Users/mm3624/Documents/neurochip/hw/syn/recorder/db/mux_d3b.tdf Line: 23
Info (12128): Elaborating entity "mux_d3b" for hierarchy "recorder:rec|altsyncram:ram|altsyncram_4fh1:auto_generated|altsyncram_iu72:altsyncram1|mux_d3b:mux6" File: C:/Users/mm3624/Documents/neurochip/hw/syn/recorder/db/altsyncram_iu72.tdf Line: 54
Info (12128): Elaborating entity "sld_mod_ram_rom" for hierarchy "recorder:rec|altsyncram:ram|altsyncram_4fh1:auto_generated|sld_mod_ram_rom:mgl_prim2" File: C:/Users/mm3624/Documents/neurochip/hw/syn/recorder/db/altsyncram_4fh1.tdf Line: 38
Info (12130): Elaborated megafunction instantiation "recorder:rec|altsyncram:ram|altsyncram_4fh1:auto_generated|sld_mod_ram_rom:mgl_prim2" File: C:/Users/mm3624/Documents/neurochip/hw/syn/recorder/db/altsyncram_4fh1.tdf Line: 38
Info (12133): Instantiated megafunction "recorder:rec|altsyncram:ram|altsyncram_4fh1:auto_generated|sld_mod_ram_rom:mgl_prim2" with the following parameter: File: C:/Users/mm3624/Documents/neurochip/hw/syn/recorder/db/altsyncram_4fh1.tdf Line: 38
    Info (12134): Parameter "CVALUE" = "000000000000000000000000000000000000000000000000"
    Info (12134): Parameter "IS_DATA_IN_RAM" = "1"
    Info (12134): Parameter "IS_READABLE" = "1"
    Info (12134): Parameter "NODE_NAME" = "1380270848"
    Info (12134): Parameter "NUMWORDS" = "16384"
    Info (12134): Parameter "SHIFT_COUNT_BITS" = "6"
    Info (12134): Parameter "WIDTH_WORD" = "48"
    Info (12134): Parameter "WIDTHAD" = "14"
Info (12128): Elaborating entity "sld_jtag_endpoint_adapter" for hierarchy "recorder:rec|altsyncram:ram|altsyncram_4fh1:auto_generated|sld_mod_ram_rom:mgl_prim2|sld_jtag_endpoint_adapter:jtag_signal_adapter" File: c:/intelfpga_lite/20.1/quartus/libraries/megafunctions/sld_mod_ram_rom.vhd Line: 302
Info (12128): Elaborating entity "sld_jtag_endpoint_adapter_impl" for hierarchy "recorder:rec|altsyncram:ram|altsyncram_4fh1:auto_generated|sld_mod_ram_rom:mgl_prim2|sld_jtag_endpoint_adapter:jtag_signal_adapter|sld_jtag_endpoint_adapter_impl:sld_jtag_endpoint_adapter_impl_inst" File: c:/intelfpga_lite/20.1/quartus/libraries/megafunctions/sld_jtag_endpoint_adapter.vhd Line: 232
Info (12128): Elaborating entity "sld_rom_sr" for hierarchy "recorder:rec|altsyncram:ram|altsyncram_4fh1:auto_generated|sld_mod_ram_rom:mgl_prim2|sld_rom_sr:\ram_rom_logic_gen:name_gen:info_rom_sr" File: c:/intelfpga_lite/20.1/quartus/libraries/megafunctions/sld_mod_ram_rom.vhd Line: 828
Info (12128): Elaborating entity "hex7" for hierarchy "hex7:h1" File: C:/Users/mm3624/Documents/neurochip/hw/rtl/rec/de10_recorder_top.sv Line: 85
Info (11170): Starting IP generation for the debug fabric: alt_sld_fab.
Info (11172): 2026.10.05.09:15:27 Progress: Loading sldf2217eed/alt_sld_fab_wrapper_hw.tcl
Info (11172): Alt_sld_fab.alt_sld_fab: SLD fabric agents which did not specify prefer_host were connected to JTAG
Info (11172): Alt_sld_fab: Generating alt_sld_fab "alt_sld_fab" for QUARTUS_SYNTH
Info (11172): Alt_sld_fab: "alt_sld_fab" instantiated alt_sld_fab "alt_sld_fab"
Info (11172): Presplit: "alt_sld_fab" instantiated altera_super_splitter "presplit"
Info (11172): Splitter: "alt_sld_fab" instantiated altera_sld_splitter "splitter"
Info (11172): Sldfabric: "alt_sld_fab" instantiated altera_sld_jtag_hub "sldfabric"
Info (11172): Ident: "alt_sld_fab" instantiated altera_connection_identification_hub "ident"
Info (11172): Alt_sld_fab: Done "alt_sld_fab" with 6 modules, 6 files
Info (11171): Finished IP generation for the debug fabric: alt_sld_fab.
Info (12021): Found 1 design units, including 1 entities, in source file db/ip/sldf2217eed/alt_sld_fab.v
    Info (12023): Found entity 1: alt_sld_fab File: C:/Users/mm3624/Documents/neurochip/hw/syn/recorder/db/ip/sldf2217eed/alt_sld_fab.v Line: 9
Info (12021): Found 1 design units, including 1 entities, in source file db/ip/sldf2217eed/submodules/alt_sld_fab_alt_sld_fab.v
    Info (12023): Found entity 1: alt_sld_fab_alt_sld_fab File: C:/Users/mm3624/Documents/neurochip/hw/syn/recorder/db/ip/sldf2217eed/submodules/alt_sld_fab_alt_sld_fab.v Line: 9
Info (12021): Found 1 design units, including 1 entities, in source file db/ip/sldf2217eed/submodules/alt_sld_fab_alt_sld_fab_ident.sv
    Info (12023): Found entity 1: alt_sld_fab_alt_sld_fab_ident File: C:/Users/mm3624/Documents/neurochip/hw/syn/recorder/db/ip/sldf2217eed/submodules/alt_sld_fab_alt_sld_fab_ident.sv Line: 33
Info (12021): Found 1 design units, including 1 entities, in source file db/ip/sldf2217eed/submodules/alt_sld_fab_alt_sld_fab_presplit.sv
    Info (12023): Found entity 1: alt_sld_fab_alt_sld_fab_presplit File: C:/Users/mm3624/Documents/neurochip/hw/syn/recorder/db/ip/sldf2217eed/submodules/alt_sld_fab_alt_sld_fab_presplit.sv Line: 3
Info (12021): Found 2 design units, including 1 entities, in source file db/ip/sldf2217eed/submodules/alt_sld_fab_alt_sld_fab_sldfabric.vhd
    Info (12022): Found design unit 1: alt_sld_fab_alt_sld_fab_sldfabric-rtl File: C:/Users/mm3624/Documents/neurochip/hw/syn/recorder/db/ip/sldf2217eed/submodules/alt_sld_fab_alt_sld_fab_sldfabric.vhd Line: 102
    Info (12023): Found entity 1: alt_sld_fab_alt_sld_fab_sldfabric File: C:/Users/mm3624/Documents/neurochip/hw/syn/recorder/db/ip/sldf2217eed/submodules/alt_sld_fab_alt_sld_fab_sldfabric.vhd Line: 11
Info (12021): Found 1 design units, including 1 entities, in source file db/ip/sldf2217eed/submodules/alt_sld_fab_alt_sld_fab_splitter.sv
    Info (12023): Found entity 1: alt_sld_fab_alt_sld_fab_splitter File: C:/Users/mm3624/Documents/neurochip/hw/syn/recorder/db/ip/sldf2217eed/submodules/alt_sld_fab_alt_sld_fab_splitter.sv Line: 3
Warning (13024): Output pins are stuck at VCC or GND
    Warning (13410): Pin "LEDR[3]" is stuck at GND File: C:/Users/mm3624/Documents/neurochip/hw/rtl/rec/de10_recorder_top.sv Line: 12
    Warning (13410): Pin "LEDR[4]" is stuck at GND File: C:/Users/mm3624/Documents/neurochip/hw/rtl/rec/de10_recorder_top.sv Line: 12
    Warning (13410): Pin "LEDR[5]" is stuck at GND File: C:/Users/mm3624/Documents/neurochip/hw/rtl/rec/de10_recorder_top.sv Line: 12
    Warning (13410): Pin "LEDR[6]" is stuck at GND File: C:/Users/mm3624/Documents/neurochip/hw/rtl/rec/de10_recorder_top.sv Line: 12
    Warning (13410): Pin "HEX0[7]" is stuck at VCC File: C:/Users/mm3624/Documents/neurochip/hw/rtl/rec/de10_recorder_top.sv Line: 13
    Warning (13410): Pin "HEX1[7]" is stuck at VCC File: C:/Users/mm3624/Documents/neurochip/hw/rtl/rec/de10_recorder_top.sv Line: 13
Info (286031): Timing-Driven Synthesis is running on partition "Top"
Info (17049): 8 registers lost all their fanouts during netlist optimizations.
Info (13000): Registers with preset signals will power-up high File: c:/intelfpga_lite/20.1/quartus/libraries/megafunctions/sld_jtag_hub.vhd Line: 386
Info (13003): DEV_CLRn pin will set, and not reset, register with preset signal due to NOT Gate Push-Back
Info (286031): Timing-Driven Synthesis is running on partition "sld_hub:auto_hub"
Info (144001): Generated suppressed messages file C:/Users/mm3624/Documents/neurochip/hw/syn/recorder/output_files/recorder.map.smsg
Info (16010): Generating hard_block partition "hard_block:auto_generated_inst"
    Info (16011): Adding 0 node(s), including 0 DDIO, 0 PLL, 0 transceiver and 0 LCELL
Warning (21074): Design contains 10 input pin(s) that do not drive logic
    Warning (15610): No output dependent on input pin "SW[1]" File: C:/Users/mm3624/Documents/neurochip/hw/rtl/rec/de10_recorder_top.sv Line: 11
    Warning (15610): No output dependent on input pin "SW[2]" File: C:/Users/mm3624/Documents/neurochip/hw/rtl/rec/de10_recorder_top.sv Line: 11
    Warning (15610): No output dependent on input pin "SW[3]" File: C:/Users/mm3624/Documents/neurochip/hw/rtl/rec/de10_recorder_top.sv Line: 11
    Warning (15610): No output dependent on input pin "SW[4]" File: C:/Users/mm3624/Documents/neurochip/hw/rtl/rec/de10_recorder_top.sv Line: 11
    Warning (15610): No output dependent on input pin "SW[5]" File: C:/Users/mm3624/Documents/neurochip/hw/rtl/rec/de10_recorder_top.sv Line: 11
    Warning (15610): No output dependent on input pin "SW[6]" File: C:/Users/mm3624/Documents/neurochip/hw/rtl/rec/de10_recorder_top.sv Line: 11
    Warning (15610): No output dependent on input pin "SW[7]" File: C:/Users/mm3624/Documents/neurochip/hw/rtl/rec/de10_recorder_top.sv Line: 11
    Warning (15610): No output dependent on input pin "SW[8]" File: C:/Users/mm3624/Documents/neurochip/hw/rtl/rec/de10_recorder_top.sv Line: 11
    Warning (15610): No output dependent on input pin "SW[9]" File: C:/Users/mm3624/Documents/neurochip/hw/rtl/rec/de10_recorder_top.sv Line: 11
    Warning (15610): No output dependent on input pin "GSENSOR_INT[2]" File: C:/Users/mm3624/Documents/neurochip/hw/rtl/rec/de10_recorder_top.sv Line: 18
Info (21057): Implemented 981 device resources after synthesis - the final resource count might be different
    Info (21058): Implemented 18 input pins
    Info (21059): Implemented 29 output pins
    Info (21060): Implemented 1 bidirectional pins
    Info (21061): Implemented 836 logic cells
    Info (21064): Implemented 96 RAM segments
Info: Quartus Prime Analysis & Synthesis was successful. 0 errors, 20 warnings
    Info: Peak virtual memory: 4905 megabytes
    Info: Processing ended: Mon Oct 05 09:15:34 2026
    Info: Elapsed time: 00:00:16
    Info: Total CPU time (on all processors): 00:00:25


+------------------------------------------+
; Analysis & Synthesis Suppressed Messages ;
+------------------------------------------+
The suppressed messages can be found in C:/Users/mm3624/Documents/neurochip/hw/syn/recorder/output_files/recorder.map.smsg.


